source_variable_id,source_id,survey,wave,original_name,section,description,answer_categories_and_codes,filter,anonymisation_rule,source_document,source_location,extraction_method,review_status
SRC-EHIS-W2-AC1A,EHIS-W2-ANON-RULES,EHIS,2,AC1a,,Occurrence of a road traffic accident in the past 12 months,"1 Yes 2 No – 1 missing (don’t know, refusal)",Everybody,unaltered,EHIS wave 2 variables and anonymisation rules.docx.pdf,page 10,PDF word coordinates,EXTRACTED_UNREVIEWED
SRC-EHIS-W2-AC1B,EHIS-W2-ANON-RULES,EHIS,2,AC1b,,Occurrence of an accident at home in the past 12 months,"1 Yes 2 No – 1 missing (don’t know, refusal)",Everybody,unaltered,EHIS wave 2 variables and anonymisation rules.docx.pdf,page 10,PDF word coordinates,EXTRACTED_UNREVIEWED
SRC-EHIS-W2-AC1C,EHIS-W2-ANON-RULES,EHIS,2,AC1c,,Occurrence of a leisure accident in the past 12 months,"1 Yes 2 No – 1 missing (don’t know, refusal)",Everybody,unaltered,EHIS wave 2 variables and anonymisation rules.docx.pdf,page 10,PDF word coordinates,EXTRACTED_UNREVIEWED
SRC-EHIS-W2-AC2,EHIS-W2-ANON-RULES,EHIS,2,AC2,,Most serious medical care intervention for the most serious accident in the past 12 months to health problems),"1 Admission to a hospital or any other health facility 2 A doctor or nurse 3 No intervention was needed – 1 missing (don’t know, refusal) – 2 not applicable",if AC1a = 1 or AC1b = 1 or AC1c = 1,unaltered,EHIS wave 2 variables and anonymisation rules.docx.pdf,page 11,PDF word coordinates,EXTRACTED_UNREVIEWED
SRC-EHIS-W2-AGE,EHIS-W2-ANON-RULES,EHIS,2,AGE,,Age of respondent in completed years at the time of the interview,"digit number – 1 missing (don’t know, refusal)",Everybody,"5 years age groups with top coding (85 and more): 15-17, 18-19, 20-24, …, 85+ Country specific rule for: • MT and IS: top coding is 75 or more • SK: top coding is 80 or more",EHIS wave 2 variables and anonymisation rules.docx.pdf,page 2,PDF word coordinates,EXTRACTED_UNREVIEWED
SRC-EHIS-W2-AL1,EHIS-W2-ANON-RULES,EHIS,2,AL1,,"Frequency of consumption of an alcoholic drink of any kind (beer, wine, cider, spirits, cocktails, premixes, liqueurs, homemade alcohol…) in the past 12 months","1 Every day or almost 2 5 – 6 days a week 3 3 – 4 days a week 4 1 – 2 days a week 5 2 – 3 days in a month 6 Once a month 7 Less than once a month 8 Not in the past 12 months, as I no longer drink alcohol 9 Never, or only a few sips or tries, in my whole life – 1 missing (don’t know, refusal)",Everybody,unaltered Country-specific rule: • IT: variable removed,EHIS wave 2 variables and anonymisation rules.docx.pdf,page 29,PDF word coordinates,EXTRACTED_UNREVIEWED
SRC-EHIS-W2-AL2,EHIS-W2-ANON-RULES,EHIS,2,AL2,,Frequency of consumption of an alcoholic drink for Monday — Thursday,"1 On all 4 days 2 On 3 of the 4 days 3 On 2 of the 4 days 4 On 1 of the 4 days 5 On none of the 4 days – 1 missing (don’t know, refusal) – 2 not applicable","if AL1 = 1, 2, 3 or 4",unaltered Country-specific rule: • IT: variable removed,EHIS wave 2 variables and anonymisation rules.docx.pdf,page 29,PDF word coordinates,EXTRACTED_UNREVIEWED
SRC-EHIS-W2-AL3,EHIS-W2-ANON-RULES,EHIS,2,AL3,,Number of alcoholic (standard) drinks on average on one of the days (Monday to Thursday),"1 16 or more drinks a day 2 10 – 15 drinks a day 3 6 – 9 drinks a day 4 4 – 5 drinks a day 5 3 drinks a day 6 2 drinks a day 7 1 drink a day 8 0 drink a day – 1 missing (don’t know, refusal) – 2 not applicable","If (AL1 = 1, 2, 3 or 4) and (AL2 = 1, 2, 3 or 4)",unaltered Country-specific rule: • IT: variable removed,EHIS wave 2 variables and anonymisation rules.docx.pdf,page 30,PDF word coordinates,EXTRACTED_UNREVIEWED
SRC-EHIS-W2-AL4,EHIS-W2-ANON-RULES,EHIS,2,AL4,,Frequency of consumption of an alcoholic drink for Friday — Sunday,"1 On all 3 days 2 On 2 of the 3 days 3 On 1 of the 3 days 4 On none of the 3 days – 1 missing (don’t know, refusal) – 2 not applicable","if AL1 = 1, 2, 3 or 4",unaltered Country-specific rule: • IT: variable removed,EHIS wave 2 variables and anonymisation rules.docx.pdf,page 30,PDF word coordinates,EXTRACTED_UNREVIEWED
SRC-EHIS-W2-AL5,EHIS-W2-ANON-RULES,EHIS,2,AL5,,Number of alcoholic (standard) drinks on average on one of the days (Friday — Sunday),"1 16 or more drinks a day 2 10 – 15 drinks a day 3 6 – 9 drinks a day 4 4 – 5 drinks a day 5 3 drinks a day 6 2 drinks a day 7 1 drink a day 8 0 drink a day – 1 missing (don’t know, refusal) – 2 not applicable","if (AL1 = 1, 2, 3 or 4) and (AL4 = 1, 2, or 3)",unaltered Country-specific rule: • IT: variable removed,EHIS wave 2 variables and anonymisation rules.docx.pdf,page 30,PDF word coordinates,EXTRACTED_UNREVIEWED
SRC-EHIS-W2-AL6,EHIS-W2-ANON-RULES,EHIS,2,AL6,,Frequency of risky single- occasion drinking (equivalent of 60 g of pure ethanol or more) during the past 12 months,"1 Every day or almost 2 5 – 6 days a week 3 3 – 4 days a week 4 1 – 2 days a week 5 2 – 3 days in a month 6 Once a month 7 Less than once a month 8 Not in the past 12 months 9 Never in my whole life – 1 missing (don’t know, refusal) – 2 not applicable","if AL1 = 1, 2, 3, 4, 5, 6 or 7",unaltered Country-specific rule: • IT: variable removed,EHIS wave 2 variables and anonymisation rules.docx.pdf,page 31,PDF word coordinates,EXTRACTED_UNREVIEWED
SRC-EHIS-W2-AM1,EHIS-W2-ANON-RULES,EHIS,2,AM1,,Last time of a visit to a dentist or orthodontist (for personal treatment),"1 Less than 6 months ago 2 6 to 12 months ago 3 12 months ago or longer 4 Never – 1 missing (don’t know, refusal)",Everybody,unaltered,EHIS wave 2 variables and anonymisation rules.docx.pdf,page 21,PDF word coordinates,EXTRACTED_UNREVIEWED
SRC-EHIS-W2-AM2,EHIS-W2-ANON-RULES,EHIS,2,AM2,,Last time of a consultation of a general practitioner or family doctor (for personal treatment),"1 Less than 12 months ago 2 12 months ago or longer 3 Never – 1 missing (don’t know, refusal)",Everybody,unaltered,EHIS wave 2 variables and anonymisation rules.docx.pdf,page 21,PDF word coordinates,EXTRACTED_UNREVIEWED
SRC-EHIS-W2-AM3,EHIS-W2-ANON-RULES,EHIS,2,AM3,,Number of consultations of a general practitioner or family doctor during the past four weeks (for personal treatment),"Number 0 – 99 – 1 missing (don’t know, refusal) – 2 not applicable",If AM2 = 1,unaltered,EHIS wave 2 variables and anonymisation rules.docx.pdf,page 21,PDF word coordinates,EXTRACTED_UNREVIEWED
SRC-EHIS-W2-AM4,EHIS-W2-ANON-RULES,EHIS,2,AM4,,Last time of a consultation of a medical or surgical specialist (for personal treatment),"1 Less than 12 months ago 2 12 months ago or longer 3 Never – 1 missing (don’t know, refusal)",Everybody,unaltered,EHIS wave 2 variables and anonymisation rules.docx.pdf,page 21,PDF word coordinates,EXTRACTED_UNREVIEWED
SRC-EHIS-W2-AM5,EHIS-W2-ANON-RULES,EHIS,2,AM5,,Number of consultations of a medical or surgical specialist during the past four weeks (for personal treatment),"Number 0 – 99 – 1 missing (don’t know, refusal) – 2 not applicable",If AM4 = 1,unaltered Country-specific rule: • DE: top coding is 9 or more • SK: top coding is 4 or more • IE: top coding 5 or more,EHIS wave 2 variables and anonymisation rules.docx.pdf,page 21,PDF word coordinates,EXTRACTED_UNREVIEWED
SRC-EHIS-W2-AM6A,EHIS-W2-ANON-RULES,EHIS,2,AM6a,,Consultation of a physiotherapist or kinesitherapist in the past 12 months,"1 Yes 2 No – 1 missing (don’t know, refusal)",Everybody,unaltered,EHIS wave 2 variables and anonymisation rules.docx.pdf,page 21,PDF word coordinates,EXTRACTED_UNREVIEWED
SRC-EHIS-W2-AM6B,EHIS-W2-ANON-RULES,EHIS,2,AM6b,,Consultation of a psychologist or psychotherapist in the past 12 months,"1 Yes 2 No – 1 missing (don’t know, refusal)",Everybody,unaltered,EHIS wave 2 variables and anonymisation rules.docx.pdf,page 22,PDF word coordinates,EXTRACTED_UNREVIEWED
SRC-EHIS-W2-AM7,EHIS-W2-ANON-RULES,EHIS,2,AM7,,Use of any home care services for personal needs during the past 12 months,"1 Yes 2 No – 1 missing (don’t know, refusal)",Everybody,unaltered,EHIS wave 2 variables and anonymisation rules.docx.pdf,page 22,PDF word coordinates,EXTRACTED_UNREVIEWED
SRC-EHIS-W2-AW1,EHIS-W2-ANON-RULES,EHIS,2,AW1,,Absent from work due to personal health problems in the past 12 months,"1 Yes 2 No – 1 missing (don’t know, refusal) – 2 not applicable",if MAINSTAT = 10,unaltered,EHIS wave 2 variables and anonymisation rules.docx.pdf,page 11,PDF word coordinates,EXTRACTED_UNREVIEWED
SRC-EHIS-W2-AW2,EHIS-W2-ANON-RULES,EHIS,2,AW2,,Number of days of absence from work due to personal health problems in the past 12 months functional limitations,"Number of days – 1 missing (don’t know, refusal) – 2 not applicable",if AW1 = 1,regrouped: 1. 1-7 days; 2. 8-14 days; 3. 15-30 days; 4. 31 to 180 days; 5. 181 days or more Country-specific rule: • MT: categories '31 to 180 days' and '181 days or more' are grouped into one category '31 days or more' (code 4),EHIS wave 2 variables and anonymisation rules.docx.pdf,page 11,PDF word coordinates,EXTRACTED_UNREVIEWED
SRC-EHIS-W2-BIRTHPLACE,EHIS-W2-ANON-RULES,EHIS,2,BIRTHPLACE,,Country of birth,"10 Native-born 21 Born in another EU Member State 22 Born in non-EU country – 1 missing (don’t know, refusal)",Everybody,unaltered Country-specific rule: • MT and IS: codes 21 and 22 grouped together as code 21,EHIS wave 2 variables and anonymisation rules.docx.pdf,page 2,PDF word coordinates,EXTRACTED_UNREVIEWED
SRC-EHIS-W2-BM1,EHIS-W2-ANON-RULES,EHIS,2,BM1,,Height without shoes,"Number in cm – 1 missing (don’t know, refusal)",Everybody,unaltered Country-specific rule: • IT: bottom coding for height<140 cm for people aged 15-17 and for women aged 18+; bottom coding for height<145 cm for men aged 18+; top coding for height>180 cm for women aged 15+; top coding for height>190 cm for men aged 15- 17; top coding for height>195 cm for men aged 18+. Change of BM1 and BM2 with an average calculated with EHIS data by sex and age when: BMI<16.3 or BMI>31 for people aged 15-17; BMI<15.5 or BMI>35.5 for people aged 18+. • IE: bottom and top coding: low = 140 cm; high = 200 cm,EHIS wave 2 variables and anonymisation rules.docx.pdf,page 25,PDF word coordinates,EXTRACTED_UNREVIEWED
SRC-EHIS-W2-BM2,EHIS-W2-ANON-RULES,EHIS,2,BM2,,Weight without clothes and shoes,"Number in kg – 1 missing (don’t know, refusal)",Everybody,unaltered Country-specific rule: • IT: bottom coding for weight<40 kg for people aged 15-17 and for women aged 18+; bottom coding for weight<45 kg for men aged 18+; top coding for weight>85 kg for women aged 15-17; top coding for weight>95 kg for men aged 15-17; top coding for weight>120 kg for women aged 18+; top coding for weight>130 kg for men aged 18+. Change of BM1 and BM2 with an average calculated with EHIS data by sex and age when: BMI<16.3 or BMI>31 for people aged 15-17; BMI<15.5 or BMI>35.5 for people aged 18+. • IE: bottom and top coding: low = 45 kg; high = 150 kg,EHIS wave 2 variables and anonymisation rules.docx.pdf,page 26,PDF word coordinates,EXTRACTED_UNREVIEWED
SRC-EHIS-W2-CD1A,EHIS-W2-ANON-RULES,EHIS,2,CD1a,,Suffering from asthma in the past 12 months (allergic asthma included),"1 Yes 2 No – 1 missing (don’t know, refusal)",Everybody,unaltered,EHIS wave 2 variables and anonymisation rules.docx.pdf,page 8,PDF word coordinates,EXTRACTED_UNREVIEWED
SRC-EHIS-W2-CD1B,EHIS-W2-ANON-RULES,EHIS,2,CD1b,,"Suffering from chronic bronchitis, chronic obstructive pulmonary disease or emphysema in the past 12 months","1 Yes 2 No – 1 missing (don’t know, refusal)",Everybody,unaltered,EHIS wave 2 variables and anonymisation rules.docx.pdf,page 8,PDF word coordinates,EXTRACTED_UNREVIEWED
SRC-EHIS-W2-CD1C,EHIS-W2-ANON-RULES,EHIS,2,CD1c,,Suffering from a myocardial infarction (heart attack) in the past 12 months,"1 Yes 2 No – 1 missing (don’t know, refusal)",Everybody,unaltered,EHIS wave 2 variables and anonymisation rules.docx.pdf,page 8,PDF word coordinates,EXTRACTED_UNREVIEWED
SRC-EHIS-W2-CD1D,EHIS-W2-ANON-RULES,EHIS,2,CD1d,,Suffering from a coronary heart disease or angina pectoris in the past 12 months,"1 Yes 2 No – 1 missing (don’t know, refusal)",Everybody,unaltered,EHIS wave 2 variables and anonymisation rules.docx.pdf,page 9,PDF word coordinates,EXTRACTED_UNREVIEWED
SRC-EHIS-W2-CD1E,EHIS-W2-ANON-RULES,EHIS,2,CD1e,,Suffering from high blood pressure in the past 12 months,"1 Yes 2 No – 1 missing (don’t know, refusal)",Everybody,unaltered,EHIS wave 2 variables and anonymisation rules.docx.pdf,page 9,PDF word coordinates,EXTRACTED_UNREVIEWED
SRC-EHIS-W2-CD1F,EHIS-W2-ANON-RULES,EHIS,2,CD1f,,"Suffering from a stroke (cerebral haemorrhage, cerebral thrombosis) in the past 12 months","1 Yes 2 No – 1 missing (don’t know, refusal)",Everybody,unaltered,EHIS wave 2 variables and anonymisation rules.docx.pdf,page 9,PDF word coordinates,EXTRACTED_UNREVIEWED
SRC-EHIS-W2-CD1G,EHIS-W2-ANON-RULES,EHIS,2,CD1g,,Suffering from arthrosis (arthritis excluded) in the past 12 months,"1 Yes 2 No – 1 missing (don’t know, refusal)",Everybody,unaltered,EHIS wave 2 variables and anonymisation rules.docx.pdf,page 9,PDF word coordinates,EXTRACTED_UNREVIEWED
SRC-EHIS-W2-CD1H,EHIS-W2-ANON-RULES,EHIS,2,CD1h,,Suffering from a low back disorder or other chronic back defect in the past 12 months,"1 Yes 2 No – 1 missing (don’t know, refusal)",Everybody,unaltered,EHIS wave 2 variables and anonymisation rules.docx.pdf,page 9,PDF word coordinates,EXTRACTED_UNREVIEWED
SRC-EHIS-W2-CD1I,EHIS-W2-ANON-RULES,EHIS,2,CD1i,,Suffering from a neck disorder or other chronic neck defect in the past 12 months,"1 Yes 2 No – 1 missing (don’t know, refusal)",Everybody,unaltered,EHIS wave 2 variables and anonymisation rules.docx.pdf,page 9,PDF word coordinates,EXTRACTED_UNREVIEWED
SRC-EHIS-W2-CD1J,EHIS-W2-ANON-RULES,EHIS,2,CD1j,,Suffering from diabetes in the past 12 months,"1 Yes 2 No – 1 missing (don’t know, refusal)",Everybody,unaltered,EHIS wave 2 variables and anonymisation rules.docx.pdf,page 9,PDF word coordinates,EXTRACTED_UNREVIEWED
SRC-EHIS-W2-CD1K,EHIS-W2-ANON-RULES,EHIS,2,CD1k,,"Suffering from an allergy, such as rhinitis, eye inflammation, dermatitis, food allergy or other (allergic asthma excluded) in the past 12 months","1 Yes 2 No – 1 missing (don’t know, refusal)",Everybody,unaltered,EHIS wave 2 variables and anonymisation rules.docx.pdf,page 9,PDF word coordinates,EXTRACTED_UNREVIEWED
SRC-EHIS-W2-CD1L,EHIS-W2-ANON-RULES,EHIS,2,CD1l,,Suffering from cirrhosis of the liver in the past 12 months,"1 Yes 2 No – 1 missing (don’t know, refusal)",Everybody,unaltered,EHIS wave 2 variables and anonymisation rules.docx.pdf,page 10,PDF word coordinates,EXTRACTED_UNREVIEWED
SRC-EHIS-W2-CD1M,EHIS-W2-ANON-RULES,EHIS,2,CD1m,,"Suffering from urinary incontinence, problems in controlling the bladder in the past 12 months","1 Yes 2 No – 1 missing (don’t know, refusal)",Everybody,unaltered,EHIS wave 2 variables and anonymisation rules.docx.pdf,page 10,PDF word coordinates,EXTRACTED_UNREVIEWED
SRC-EHIS-W2-CD1N,EHIS-W2-ANON-RULES,EHIS,2,CD1n,,Suffering from kidney problems in the past 12 months,"1 Yes 2 No – 1 missing (don’t know, refusal)",Everybody,unaltered,EHIS wave 2 variables and anonymisation rules.docx.pdf,page 10,PDF word coordinates,EXTRACTED_UNREVIEWED
SRC-EHIS-W2-CD1O,EHIS-W2-ANON-RULES,EHIS,2,CD1o,,Suffering from depression in the past 12 months,"1 Yes 2 No – 1 missing (don’t know, refusal)",Everybody,unaltered,EHIS wave 2 variables and anonymisation rules.docx.pdf,page 10,PDF word coordinates,EXTRACTED_UNREVIEWED
SRC-EHIS-W2-CITIZEN,EHIS-W2-ANON-RULES,EHIS,2,CITIZEN,,Country of citizenship at time of data collection,"10 National/has citizenship of the reporting country 21 Non-national/does not have citizenship of the reporting country but national of other EU Member States 22 Non-national/does not have citizenship of the reporting country but non-EU country nationality – 1 missing (don’t know, refusal)",Everybody,"unaltered Country-specific rule: • MT, IS and NO: codes 21 and 22 grouped together as code 21",EHIS wave 2 variables and anonymisation rules.docx.pdf,page 3,PDF word coordinates,EXTRACTED_UNREVIEWED
SRC-EHIS-W2-COUNTRY,EHIS-W2-ANON-RULES,EHIS,2,COUNTRY,,Country of residence,"2 digits based on NUTS, at the most aggregated level (level 0 or country level) – 1 missing (don’t know, refusal)",Everybody,unaltered,EHIS wave 2 variables and anonymisation rules.docx.pdf,page 2,PDF word coordinates,EXTRACTED_UNREVIEWED
SRC-EHIS-W2-DEG_URB,EHIS-W2-ANON-RULES,EHIS,2,DEG_URB,,Degree of urbanisation,1 Densely-populated area 2 Intermediate-populated area 3 Thinly-populated area – 1 missing,Everybody,unaltered,EHIS wave 2 variables and anonymisation rules.docx.pdf,page 3,PDF word coordinates,EXTRACTED_UNREVIEWED
SRC-EHIS-W2-FT_PT,EHIS-W2-ANON-RULES,EHIS,2,FT_PT,,Full or part-time work,"1 Full-time 2 Part-time – 1 missing (don’t know, refusal) – 2 not applicable",MAINSTAT = 10,unaltered,EHIS wave 2 variables and anonymisation rules.docx.pdf,page 4,PDF word coordinates,EXTRACTED_UNREVIEWED
SRC-EHIS-W2-FV1,EHIS-W2-ANON-RULES,EHIS,2,FV1,,"Frequency of eating fruit, excluding juice","1 Once or more a day 2 4 to 6 times a week 3 1 to 3 times a week 4 Less than once a week 5 Never – 1 missing (don’t know, refusal)",Everybody,unaltered,EHIS wave 2 variables and anonymisation rules.docx.pdf,page 28,PDF word coordinates,EXTRACTED_UNREVIEWED
SRC-EHIS-W2-FV2,EHIS-W2-ANON-RULES,EHIS,2,FV2,,"Number of portions of fruit a day, excluding juice","Number 1 – 99 – 1 missing (don’t know, refusal) – 2 not applicable",if FV1 = 1,unaltered,EHIS wave 2 variables and anonymisation rules.docx.pdf,page 28,PDF word coordinates,EXTRACTED_UNREVIEWED
SRC-EHIS-W2-FV3,EHIS-W2-ANON-RULES,EHIS,2,FV3,,"Frequency of eating vegetables or salad, excluding juice and potatoes","1 Once or more a day 2 4 to 6 times a week 3 1 to 3 times a week 4 Less than once a week 5 Never – 1 missing (don’t know, refusal)",Everybody,unaltered,EHIS wave 2 variables and anonymisation rules.docx.pdf,page 28,PDF word coordinates,EXTRACTED_UNREVIEWED
SRC-EHIS-W2-FV4,EHIS-W2-ANON-RULES,EHIS,2,FV4,,"Number of portions of vege- tables or salad, excluding juice and potatoes a day","Number 1 – 99 – 1 missing (don’t know, refusal) – 2 not applicable",if FV3 = 1,unaltered,EHIS wave 2 variables and anonymisation rules.docx.pdf,page 28,PDF word coordinates,EXTRACTED_UNREVIEWED
SRC-EHIS-W2-HA1A,EHIS-W2-ANON-RULES,EHIS,2,HA1a,,Difficulty in preparing meals,"1 No difficulty 2 Some difficulty 3 A lot of difficulty 4 Cannot do at all/Unable to do 5 Not applicable (never tried it or do not need to do it) – 1 missing (don’t know, refusal) – 2 not applicable",if AGE >= 65,unaltered,EHIS wave 2 variables and anonymisation rules.docx.pdf,page 15,PDF word coordinates,EXTRACTED_UNREVIEWED
SRC-EHIS-W2-HA1B,EHIS-W2-ANON-RULES,EHIS,2,HA1b,,Difficulty in using the telephone,"1 No difficulty 2 Some difficulty 3 A lot of difficulty 4 Cannot do at all/Unable to do 5 Not applicable (never tried it or do not need to do it) – 1 missing (don’t know, refusal) – 2 not applicable",if AGE >= 65,unaltered,EHIS wave 2 variables and anonymisation rules.docx.pdf,page 15,PDF word coordinates,EXTRACTED_UNREVIEWED
SRC-EHIS-W2-HA1C,EHIS-W2-ANON-RULES,EHIS,2,HA1c,,Difficulty to do shopping,"1 No difficulty 2 Some difficulty 3 A lot of difficulty 4 Cannot do at all/Unable to do 5 Not applicable (never tried it or do not need to do it) – 1 missing (don’t know, refusal) – 2 not applicable",if AGE >= 65,unaltered,EHIS wave 2 variables and anonymisation rules.docx.pdf,page 15,PDF word coordinates,EXTRACTED_UNREVIEWED
SRC-EHIS-W2-HA1D,EHIS-W2-ANON-RULES,EHIS,2,HA1d,,Difficulty in managing medication,"1 No difficulty 2 Some difficulty 3 A lot of difficulty 4 Cannot do at all/Unable to do 5 Not applicable (never tried it or do not need to do it) – 1 missing (don’t know, refusal) – 2 not applicable",if AGE >= 65,unaltered,EHIS wave 2 variables and anonymisation rules.docx.pdf,page 16,PDF word coordinates,EXTRACTED_UNREVIEWED
SRC-EHIS-W2-HA1E,EHIS-W2-ANON-RULES,EHIS,2,HA1e,,Difficulty in doing light housework,"1 No difficulty 2 Some difficulty 3 A lot of difficulty 4 Cannot do at all/Unable to do 5 Not applicable (never tried it or do not need to do it) – 1 missing (don’t know, refusal) – 2 not applicable",if AGE >= 65,unaltered,EHIS wave 2 variables and anonymisation rules.docx.pdf,page 16,PDF word coordinates,EXTRACTED_UNREVIEWED
SRC-EHIS-W2-HA1F,EHIS-W2-ANON-RULES,EHIS,2,HA1f,,Difficulty in doing occasional heavy housework,"1 No difficulty 2 Some difficulty 3 A lot of difficulty 4 Cannot do at all/Unable to do 5 Not applicable (never tried it or do not need to do it) – 1 missing (don’t know, refusal) – 2 not applicable",if AGE >= 65,unaltered,EHIS wave 2 variables and anonymisation rules.docx.pdf,page 16,PDF word coordinates,EXTRACTED_UNREVIEWED
SRC-EHIS-W2-HA1G,EHIS-W2-ANON-RULES,EHIS,2,HA1g,,Difficulty in taking care of finances and everyday administrative tasks,"1 No difficulty 2 Some difficulty 3 A lot of difficulty 4 Cannot do at all/Unable to do 5 Not applicable (never tried it or do not need to do it) – 1 missing (don’t know, refusal) – 2 not applicable",if AGE >= 65,unaltered,EHIS wave 2 variables and anonymisation rules.docx.pdf,page 17,PDF word coordinates,EXTRACTED_UNREVIEWED
SRC-EHIS-W2-HA2,EHIS-W2-ANON-RULES,EHIS,2,HA2,,"Usually receiving help with one or more domestic activities: preparing meals, using the telephone, shopping, managing medication, light or occasional heavy housework, taking care of finances and everyday administrative tasks","1 Yes, with at least one activity 2 No – 1 missing (don’t know, refusal) – 2 not applicable",if (AGE >= 65) and {HA1a ≠ 1 or HA1b ≠ 1 or HA1c ≠ 1 or HA1d ≠ 1 or HA1e ≠ 1 or HA1f ≠ 1or HA1g ≠ 1},unaltered,EHIS wave 2 variables and anonymisation rules.docx.pdf,page 17,PDF word coordinates,EXTRACTED_UNREVIEWED
SRC-EHIS-W2-HA3,EHIS-W2-ANON-RULES,EHIS,2,HA3,,"Need for help or more help with one or more domestic activities: preparing meals, using the telephone, shopping, managing medication, light or occasional heavy housework, taking care of finances and everyday administrative tasks","1 Yes, with at least one activity 2 No – 1 missing (don’t know, refusal) – 2 not applicable",if (AGE >= 65) and {HA1a ≠ 1 or HA1b ≠ 1 or HA1c ≠ 1 or HA1d ≠ 1 or HA1e ≠ 1 or HA1f ≠ 1or HA1g ≠ 1},unaltered,EHIS wave 2 variables and anonymisation rules.docx.pdf,page 17,PDF word coordinates,EXTRACTED_UNREVIEWED
SRC-EHIS-W2-HATLEVEL,EHIS-W2-ANON-RULES,EHIS,2,HATLEVEL,,Highest level of education completed (Educational attainment),"Based on ISCED-2011 classification 0 Early childhood development, pre-primary education 1 Primary education 2 Lower secondary education 3 Upper secondary education 4 Post-secondary but non-tertiary education 5 Tertiary education; short-cycle 6 Tertiary education; bachelor level or equivalent 7 Tertiary education; master level or equivalent 8 Tertiary education; doctoral level or – 1 missing (don’t know, refusal)",Everybody,"unaltered Country-specific rule for: • MT: the following adaptations were done: › ISCED 0, 1 and 2 are grouped into one category (code 1) › ISCED 3 and 4 are grouped into one category (code 2) › ISCED 5, 6, 7 and 8 are grouped into one category (code 3) • PT: top coding is ISCED 5 or more",EHIS wave 2 variables and anonymisation rules.docx.pdf,page 4,PDF word coordinates,EXTRACTED_UNREVIEWED
SRC-EHIS-W2-HHID,EHIS-W2-ANON-RULES,EHIS,2,HHID,,Identification number of household,10-digit number – 1 missing,Everybody,unaltered,EHIS wave 2 variables and anonymisation rules.docx.pdf,page 1,PDF word coordinates,EXTRACTED_UNREVIEWED
SRC-EHIS-W2-HHINCOME,EHIS-W2-ANON-RULES,EHIS,2,HHINCOME,,Net monthly equivalised income of the household,"1 Below 1st quintile 2 Between 1st quintile and 2nd quintile 3 Between 2nd quintile and 3rd quintile 4 Between 3rd quintile and 4th quintile 5 Between 4th quintile and 5th quintile – 1 missing (don’t know, refusal)",Everybody,unaltered,EHIS wave 2 variables and anonymisation rules.docx.pdf,page 7,PDF word coordinates,EXTRACTED_UNREVIEWED
SRC-EHIS-W2-HHNBPERS,EHIS-W2-ANON-RULES,EHIS,2,HHNBPERS,,"Number of persons living in household, including the respondent","0 – 98 – 1 missing (don’t know, refusal)",Everybody,top coding (7 or more) Country-specific rule: • MT and IS: top coding is 6 or more,EHIS wave 2 variables and anonymisation rules.docx.pdf,page 6,PDF word coordinates,EXTRACTED_UNREVIEWED
SRC-EHIS-W2-HHNBPERS_0_4,EHIS-W2-ANON-RULES,EHIS,2,HHNBPERS_0_4,,Number of persons aged 4 or younger,"0 – 98 – 1 missing (don’t know, refusal)",Everybody,"top coding (3 or more) Country-specific rule: • MT, SK and IS: top coding is 2 or more",EHIS wave 2 variables and anonymisation rules.docx.pdf,page 6,PDF word coordinates,EXTRACTED_UNREVIEWED
SRC-EHIS-W2-HHNBPERS_14_15,EHIS-W2-ANON-RULES,EHIS,2,HHNBPERS_14_15,,Number of persons aged from 14 to 15,"0 – 98 – 1 missing (don’t know, refusal)",Everybody,"top coding (3 or more) Country-specific rule: • MT, SK and IS: top coding is 2 or more",EHIS wave 2 variables and anonymisation rules.docx.pdf,page 6,PDF word coordinates,EXTRACTED_UNREVIEWED
SRC-EHIS-W2-HHNBPERS_16_24,EHIS-W2-ANON-RULES,EHIS,2,HHNBPERS_16_24,,Number of persons aged from 16 to 24,"0 – 98 – 1 missing (don’t know, refusal)",Everybody,top coding (3 or more) Country-specific rule: • MT and IS: top coding is 2 or more,EHIS wave 2 variables and anonymisation rules.docx.pdf,page 6,PDF word coordinates,EXTRACTED_UNREVIEWED
SRC-EHIS-W2-HHNBPERS_25_64,EHIS-W2-ANON-RULES,EHIS,2,HHNBPERS_25_64,,Number of persons aged from 25 to 64,"0 – 98 – 1 missing (don’t know, refusal)",Everybody,top coding (3 or more),EHIS wave 2 variables and anonymisation rules.docx.pdf,page 6,PDF word coordinates,EXTRACTED_UNREVIEWED
SRC-EHIS-W2-HHNBPERS_5_13,EHIS-W2-ANON-RULES,EHIS,2,HHNBPERS_5_13,,Number of persons aged from 5 to 13,"0 – 98 – 1 missing (don’t know, refusal)",Everybody,"top coding (3 or more) Country-specific rule: • MT, IS: top coding is 2 or more",EHIS wave 2 variables and anonymisation rules.docx.pdf,page 6,PDF word coordinates,EXTRACTED_UNREVIEWED
SRC-EHIS-W2-HHNBPERS_65PLUS,EHIS-W2-ANON-RULES,EHIS,2,HHNBPERS_65PLUS,,Number of persons aged 65 and over,"0 – 98 – 1 missing (don’t know, refusal)",Everybody,"top coding (3 or more) Country-specific rule: • MT, SK and IS: top coding is 2 or more",EHIS wave 2 variables and anonymisation rules.docx.pdf,page 6,PDF word coordinates,EXTRACTED_UNREVIEWED
SRC-EHIS-W2-HHTYPE,EHIS-W2-ANON-RULES,EHIS,2,HHTYPE,,Type of household,"10 One-person household 21 Lone parent with child(ren) aged less than 25 22 Couple without child(ren) aged less than 25 23 Couple with child(ren) aged less than 25 Couple or lone parent with child(ren) aged less than 25 and other persons living in 24 household 25 Other type of household – 1 missing (don’t know, refusal)",Everybody,Regrouped answer categories: 1. One-person household; 2. Lone parent with child(ren) less than 25; 3. Couple with child(ren) aged 4. Couple without child(ren) aged less than 25; 5. Other,EHIS wave 2 variables and anonymisation rules.docx.pdf,page 7,PDF word coordinates,EXTRACTED_UNREVIEWED
SRC-EHIS-W2-HH_ACT,EHIS-W2-ANON-RULES,EHIS,2,HH_ACT,,Number of persons aged 16 – 64 in the household who are employed,"0 – 98 – 1 missing (don’t know, refusal)",Everybody,unaltered Country-specific rule: • DE: top coding is 6 or more • MT: top coding is 3 or more • SK: top coding is 4 or more,EHIS wave 2 variables and anonymisation rules.docx.pdf,page 7,PDF word coordinates,EXTRACTED_UNREVIEWED
SRC-EHIS-W2-HH_INACT,EHIS-W2-ANON-RULES,EHIS,2,HH_INACT,,Number of persons aged 16 – 64 in the household who are unemployed or are economically inactive,"0 – 98 – 1 missing (don’t know, refusal)",Everybody,unaltered Country-specific rule: • DE: top coding is 5 or more • MT and SK: top coding is 3 or more,EHIS wave 2 variables and anonymisation rules.docx.pdf,page 7,PDF word coordinates,EXTRACTED_UNREVIEWED
SRC-EHIS-W2-HO1,EHIS-W2-ANON-RULES,EHIS,2,HO1,,Admission as an inpatient in a hospital in the past 12 months,"1 Yes 2 No – 1 missing (don’t know, refusal)",Everybody,unaltered,EHIS wave 2 variables and anonymisation rules.docx.pdf,page 20,PDF word coordinates,EXTRACTED_UNREVIEWED
SRC-EHIS-W2-HO2,EHIS-W2-ANON-RULES,EHIS,2,HO2,,Number of nights spent as a patient in a hospital in the past 12 months,"Number 1 – 99 – 1 missing (don’t know, refusal) – 2 not applicable",if HO1 = 1,unaltered Country-specific rule: • DE: top coding is 20 or more • MT: top coding is 10 or more • PT: top coding is 25 or more • IE and SK: top coding is 30 or more,EHIS wave 2 variables and anonymisation rules.docx.pdf,page 20,PDF word coordinates,EXTRACTED_UNREVIEWED
SRC-EHIS-W2-HO3,EHIS-W2-ANON-RULES,EHIS,2,HO3,,Admission as a day patient in a hospital in the past 12 months,"1 Yes 2 No – 1 missing (don’t know, refusal)",Everybody,unaltered Country-specific rule: IT: variable removed,EHIS wave 2 variables and anonymisation rules.docx.pdf,page 20,PDF word coordinates,EXTRACTED_UNREVIEWED
SRC-EHIS-W2-HO4,EHIS-W2-ANON-RULES,EHIS,2,HO4,,Number of times admitted as a day patient in a hospital in the past 12 months,"Number 1 – 300 – 1 missing (don’t know, refusal) – 2 not applicable",if HO3 = 1,top coding (3 or more) Country-specific rule: IT: variable removed,EHIS wave 2 variables and anonymisation rules.docx.pdf,page 20,PDF word coordinates,EXTRACTED_UNREVIEWED
SRC-EHIS-W2-HS1,EHIS-W2-ANON-RULES,EHIS,2,HS1,,Self-perceived general health: how a person perceives his/her health in general,"1 Very good 2 Good 3 Fair 4 Bad 5 Very bad – 1 missing (don’t know, refusal)",Everybody,unaltered,EHIS wave 2 variables and anonymisation rules.docx.pdf,page 8,PDF word coordinates,EXTRACTED_UNREVIEWED
SRC-EHIS-W2-HS2,EHIS-W2-ANON-RULES,EHIS,2,HS2,,Long-standing health problem: Suffer from any illness or health problem of a duration of at least six months,"1 Yes 2 No – 1 missing (don’t know, refusal)",Everybody,unaltered,EHIS wave 2 variables and anonymisation rules.docx.pdf,page 8,PDF word coordinates,EXTRACTED_UNREVIEWED
SRC-EHIS-W2-HS3,EHIS-W2-ANON-RULES,EHIS,2,HS3,,General activity limitation: Limitation in activities people usually do because of health problems for at least the past six months conditions,"1 Severely limited 2 Limited but not severely 3 Not limited at all – 1 missing (don’t know, refusal)",Everybody,unaltered,EHIS wave 2 variables and anonymisation rules.docx.pdf,page 8,PDF word coordinates,EXTRACTED_UNREVIEWED
SRC-EHIS-W2-IC1,EHIS-W2-ANON-RULES,EHIS,2,IC1,,"Providing care or assistance to one or more persons suffering from some age problem, chronic health condition or infirmity, at least once a week (professional activities excluded)","1 Yes 2 No – 1 missing (don’t know, refusal)",Everybody,unaltered,EHIS wave 2 variables and anonymisation rules.docx.pdf,page 32,PDF word coordinates,EXTRACTED_UNREVIEWED
SRC-EHIS-W2-IC2,EHIS-W2-ANON-RULES,EHIS,2,IC2,,Prevailing relationship of the person(s) suffering from any chronic condition or infirmity or due to old age being provided with care or assistance at least once a week from the respondent,"1 Member(s) of respondent’s family 2 Non-member(s) of respondent’s family – 1 missing (don’t know, refusal) – 2 not applicable",if IC1 = 1,unaltered,EHIS wave 2 variables and anonymisation rules.docx.pdf,page 32,PDF word coordinates,EXTRACTED_UNREVIEWED
SRC-EHIS-W2-IC3,EHIS-W2-ANON-RULES,EHIS,2,IC3,,Number of hours per week the respondent provides care or assistance to the person(s) suffering from any chronic condition or infirmity or due to old age,"1 Less than 10 hours per week 2 At least 10 but less than 20 hours per week 3 20 hours per week or more – 1 missing (don’t know, refusal) – 2 not applicable",if IC1 = 1,unaltered,EHIS wave 2 variables and anonymisation rules.docx.pdf,page 32,PDF word coordinates,EXTRACTED_UNREVIEWED
SRC-EHIS-W2-INTLANG,EHIS-W2-ANON-RULES,EHIS,2,INTLANG,,Language used for interview,3-digit codes (Standard Code List Eurostat) – 1 missing,Everybody,removed,EHIS wave 2 variables and anonymisation rules.docx.pdf,page 2,PDF word coordinates,EXTRACTED_UNREVIEWED
SRC-EHIS-W2-INTMETHOD,EHIS-W2-ANON-RULES,EHIS,2,INTMETHOD,,Data collection method used,"10 Postal, non-electronic version 11 Postal, electronic version (e-mail) 20 Face-to-face, non-electronic version 21 Face-to-face, electronic version 30 Telephone, non-electronic version 31 Telephone, electronic version 40 Use of internet 50 Mixed mode collection (e.g.: both postal and interview to collect data)",Everybody,unaltered,EHIS wave 2 variables and anonymisation rules.docx.pdf,page 2,PDF word coordinates,EXTRACTED_UNREVIEWED
SRC-EHIS-W2-JOBISCO,EHIS-W2-ANON-RULES,EHIS,2,JOBISCO,,Occupation in employment,"ISCO-08 coded at 2-digit level – 1 missing (don’t know, refusal) – 2 not applicable",MAINSTAT = 10,kept with 1 digit,EHIS wave 2 variables and anonymisation rules.docx.pdf,page 5,PDF word coordinates,EXTRACTED_UNREVIEWED
SRC-EHIS-W2-JOBSTAT,EHIS-W2-ANON-RULES,EHIS,2,JOBSTAT,,Status in employment,"10 Self-employed 21 Employee with a permanent job/work contract of unlimited duration 22 Employee with a temporary job/work contract of limited duration – 1 missing (don’t know, refusal) – 2 not applicable",MAINSTAT = 10,unaltered,EHIS wave 2 variables and anonymisation rules.docx.pdf,page 5,PDF word coordinates,EXTRACTED_UNREVIEWED
SRC-EHIS-W2-LOCNACE,EHIS-W2-ANON-RULES,EHIS,2,LOCNACE,,Economic sector in employment,"NACE Rev. 2 — sections – 1 missing (don’t know, refusal) – 2 not applicable",MAINSTAT = 10,"regrouped in 9 sectors groups: 1. Agriculture, forestry and fishing (NACE code A) 2. Manufacturing, mining and quarrying and other industry (NACE codes B, C, D and E) 3. Construction (NACE code F) 4. Wholesale and retail trades, transport, information and communication, accommodation and food service activities (NACE codes G, H, I and J) 5. Financial and insurance activities (NACE code K) 6. Business services and real estate activities (NACE codes L, M and N) 7. Public administration, defence, education, human health and social work activities (NACE codes O, P, and Q) 8. Other services - NACE codes R, S, T and U 9. Unknown sector Country-specific rule: • MT: codes 1, 2 and 3 regrouped together as code 1",EHIS wave 2 variables and anonymisation rules.docx.pdf,page 5,PDF word coordinates,EXTRACTED_UNREVIEWED
SRC-EHIS-W2-MAINSTAT,EHIS-W2-ANON-RULES,EHIS,2,MAINSTAT,,Self-declared labour status,"10 Carries out a job or profession, including unpaid work for a family business or holding, an apprenticeship or paid traineeship, etc. 20 Unemployed 31 Pupil, student, further training, unpaid work experience 32 In retirement or early retirement or has given up business 33 Permanently disabled 34 In compulsory military or community service 35 Fulfilling domestic tasks 36 Other inactive person – 1 missing (don’t know, refusal)",Everybody,"unaltered Country-specific rule for MT: codes 31, 33, 34, 35 and 36 are put together into the category 'Other' (code 36)",EHIS wave 2 variables and anonymisation rules.docx.pdf,page 4,PDF word coordinates,EXTRACTED_UNREVIEWED
SRC-EHIS-W2-MARSTADEFACTO,EHIS-W2-ANON-RULES,EHIS,2,MARSTADEFACTO,,De facto marital status,"1 Person living in a consensual union 2 Person not living in a consensual union – 1 missing (don’t know, refusal)",Everybody,unaltered,EHIS wave 2 variables and anonymisation rules.docx.pdf,page 3,PDF word coordinates,EXTRACTED_UNREVIEWED
SRC-EHIS-W2-MARSTALEGAL,EHIS-W2-ANON-RULES,EHIS,2,MARSTALEGAL,,Legal marital status,"1 Never married and never been in a registered partnership 2 Married or in a registered partnership 3 Widowed or in registered partnership that ended with death of partner (not remarried or in new registered partnership) 4 Divorced or in registered partnership that was legally dissolved (not remarried or in new registered partnership) – 1 missing (don’t know, refusal)",Everybody,unaltered,EHIS wave 2 variables and anonymisation rules.docx.pdf,page 3,PDF word coordinates,EXTRACTED_UNREVIEWED
SRC-EHIS-W2-MD1,EHIS-W2-ANON-RULES,EHIS,2,MD1,,Use of any medicines prescribed by a doctor during the past two weeks (excluding contraception),"1 Yes 2 No – 1 missing (don’t know, refusal)",Everybody,unaltered,EHIS wave 2 variables and anonymisation rules.docx.pdf,page 22,PDF word coordinates,EXTRACTED_UNREVIEWED
SRC-EHIS-W2-MD2,EHIS-W2-ANON-RULES,EHIS,2,MD2,,"Use of any medicines, herbal medicines or vitamins not prescribed by a doctor during the past two weeks","1 Yes 2 No – 1 missing (don’t know, refusal)",Everybody,unaltered,EHIS wave 2 variables and anonymisation rules.docx.pdf,page 22,PDF word coordinates,EXTRACTED_UNREVIEWED
SRC-EHIS-W2-MH1A,EHIS-W2-ANON-RULES,EHIS,2,MH1a,,Extent of having little interest or pleasure in doing things over the last 2 weeks,"1 Not at all 2 Several days 3 More than half the days 4 Nearly every day – 1 missing (don’t know, refusal)",Everybody,unaltered Country-specific rule: • ES: variable removed,EHIS wave 2 variables and anonymisation rules.docx.pdf,page 18,PDF word coordinates,EXTRACTED_UNREVIEWED
SRC-EHIS-W2-MH1B,EHIS-W2-ANON-RULES,EHIS,2,MH1b,,"Extent of feeling down, depressed or hopeless over the last 2 weeks","1 Not at all 2 Several days 3 More than half the days 4 Nearly every day – 1 missing (don’t know, refusal)",Everybody,unaltered Country-specific rule: • ES: variable removed,EHIS wave 2 variables and anonymisation rules.docx.pdf,page 18,PDF word coordinates,EXTRACTED_UNREVIEWED
SRC-EHIS-W2-MH1C,EHIS-W2-ANON-RULES,EHIS,2,MH1c,,"Extent of having trouble falling or staying asleep, or sleeping too much over the last 2 weeks","1 Not at all 2 Several days 3 More than half the days 4 Nearly every day – 1 missing (don’t know, refusal)",Everybody,unaltered Country-specific rule: • ES: variable removed,EHIS wave 2 variables and anonymisation rules.docx.pdf,page 19,PDF word coordinates,EXTRACTED_UNREVIEWED
SRC-EHIS-W2-MH1D,EHIS-W2-ANON-RULES,EHIS,2,MH1d,,Extent of feeling tired or having little energy over the last 2 weeks,"1 Not at all 2 Several days 3 More than half the days 4 Nearly every day – 1 missing (don’t know, refusal)",Everybody,unaltered Country-specific rule: • ES: variable removed,EHIS wave 2 variables and anonymisation rules.docx.pdf,page 19,PDF word coordinates,EXTRACTED_UNREVIEWED
SRC-EHIS-W2-MH1E,EHIS-W2-ANON-RULES,EHIS,2,MH1e,,Extent of having poor appetite or overeating over the last 2 weeks,"1 Not at all 2 Several days 3 More than half the days 4 Nearly every day – 1 missing (don’t know, refusal)",Everybody,unaltered Country-specific rule: • ES: variable removed,EHIS wave 2 variables and anonymisation rules.docx.pdf,page 19,PDF word coordinates,EXTRACTED_UNREVIEWED
SRC-EHIS-W2-MH1F,EHIS-W2-ANON-RULES,EHIS,2,MH1f,,"Extent of feeling bad about yourself, feeling being a failure over the last 2 weeks","1 Not at all 2 Several days 3 More than half the days 4 Nearly every day – 1 missing (don’t know, refusal)",Everybody,unaltered Country-specific rule: • ES: variable removed,EHIS wave 2 variables and anonymisation rules.docx.pdf,page 19,PDF word coordinates,EXTRACTED_UNREVIEWED
SRC-EHIS-W2-MH1G,EHIS-W2-ANON-RULES,EHIS,2,MH1g,,"Extent of having trouble concentrating on things, such as reading the newspaper or watching television, over the last 2 weeks","1 Not at all 2 Several days 3 More than half the days 4 Nearly every day – 1 missing (don’t know, refusal)",Everybody,unaltered Country-specific rule: • ES: variable removed,EHIS wave 2 variables and anonymisation rules.docx.pdf,page 19,PDF word coordinates,EXTRACTED_UNREVIEWED
SRC-EHIS-W2-MH1H,EHIS-W2-ANON-RULES,EHIS,2,MH1h,,"Extent of moving or speaking so slowly that other people could have noticed or being so fidgety or restless, over the last 2 weeks day care","1 Not at all 2 Several days 3 More than half the days 4 Nearly every day – 1 missing (don’t know, refusal)",Everybody,unaltered Country-specific rule: • ES: variable removed,EHIS wave 2 variables and anonymisation rules.docx.pdf,page 20,PDF word coordinates,EXTRACTED_UNREVIEWED
SRC-EHIS-W2-PA1,EHIS-W2-ANON-RULES,EHIS,2,PA1,,Last time of vaccination against flu,"Month/year (MMYYYY) Never or too long ago (0) – 1 missing (don’t know, refusal)",Everybody,"unaltered Country-specific rule: • BG: Recoding: ""0"" – never or too long ago ""1"" – within the past 12 months ""-1"" – missing (don't know, refusal)",EHIS wave 2 variables and anonymisation rules.docx.pdf,page 22,PDF word coordinates,EXTRACTED_UNREVIEWED
SRC-EHIS-W2-PA2,EHIS-W2-ANON-RULES,EHIS,2,PA2,,Last time of blood pressure measurement by a health professional,"1 Within the past 12 months 2 1 to less than 3 years 3 3 to less than 5 years 4 More than 5 years 5 Never – 1 missing (don’t know, refusal)",Everybody,unaltered,EHIS wave 2 variables and anonymisation rules.docx.pdf,page 22,PDF word coordinates,EXTRACTED_UNREVIEWED
SRC-EHIS-W2-PA3,EHIS-W2-ANON-RULES,EHIS,2,PA3,,Last time of blood cholesterol measurement by a health professional,"1 Within the past 12 months 2 1 to less than 3 years 3 3 to less than 5 years 4 More than 5 years 5 Never – 1 missing (don’t know, refusal)",Everybody,unaltered,EHIS wave 2 variables and anonymisation rules.docx.pdf,page 23,PDF word coordinates,EXTRACTED_UNREVIEWED
SRC-EHIS-W2-PA4,EHIS-W2-ANON-RULES,EHIS,2,PA4,,Last time of blood sugar measurement by a health professional,"1 Within the past 12 months 2 1 to less than 3 years 3 3 to less than 5 years 4 More than 5 years 5 Never – 1 missing (don’t know, refusal)",Everybody,unaltered,EHIS wave 2 variables and anonymisation rules.docx.pdf,page 23,PDF word coordinates,EXTRACTED_UNREVIEWED
SRC-EHIS-W2-PA5,EHIS-W2-ANON-RULES,EHIS,2,PA5,,Last time of a faecal occult blood test,"1 Within the past 12 months 2 1 to less than 2 years 3 2 to less than 3 years 4 More than 3 years 5 Never – 1 missing (don’t know, refusal)",Everybody,unaltered,EHIS wave 2 variables and anonymisation rules.docx.pdf,page 23,PDF word coordinates,EXTRACTED_UNREVIEWED
SRC-EHIS-W2-PA6,EHIS-W2-ANON-RULES,EHIS,2,PA6,,Last time of a colonoscopy,"1 Within the past 12 months 2 1 to less than 5 years 3 5 to less than 10 years 4 More than 10 years 5 Never – 1 missing (don’t know, refusal)",Everybody,unaltered,EHIS wave 2 variables and anonymisation rules.docx.pdf,page 23,PDF word coordinates,EXTRACTED_UNREVIEWED
SRC-EHIS-W2-PA7,EHIS-W2-ANON-RULES,EHIS,2,PA7,,Last time of a mammography (breast X- ray),"1 Within the past 12 months 2 1 to less than 2 years 3 2 to less than 3 years 4 More than 3 years 5 Never – 1 missing (don’t know, refusal) – 2 not applicable",If SEX = 2,unaltered,EHIS wave 2 variables and anonymisation rules.docx.pdf,page 24,PDF word coordinates,EXTRACTED_UNREVIEWED
SRC-EHIS-W2-PA8,EHIS-W2-ANON-RULES,EHIS,2,PA8,,Last time of a cervical smear test care,"1 Within the past 12 months 2 1 to less than 2 years 3 2 to less than 3 years 4 More than 3 years 5 Never – 1 missing (don’t know, refusal) – 2 not applicable",If SEX = 2,unaltered,EHIS wave 2 variables and anonymisation rules.docx.pdf,page 24,PDF word coordinates,EXTRACTED_UNREVIEWED
SRC-EHIS-W2-PC1A,EHIS-W2-ANON-RULES,EHIS,2,PC1a,,Difficulty in feeding yourself,"1 No difficulty 2 Some difficulty 3 A lot of difficulty 4 Cannot do at all/Unable to do – 1 missing (don’t know, refusal) – 2 not applicable",if AGE >= 65,unaltered,EHIS wave 2 variables and anonymisation rules.docx.pdf,page 13,PDF word coordinates,EXTRACTED_UNREVIEWED
SRC-EHIS-W2-PC1B,EHIS-W2-ANON-RULES,EHIS,2,PC1b,,Difficulty in getting in and out of a bed or chair,"1 No difficulty 2 Some difficulty 3 A lot of difficulty 4 Cannot do at all/Unable to do – 1 missing (don’t know, refusal) – 2 not applicable",if AGE >= 65,unaltered,EHIS wave 2 variables and anonymisation rules.docx.pdf,page 13,PDF word coordinates,EXTRACTED_UNREVIEWED
SRC-EHIS-W2-PC1C,EHIS-W2-ANON-RULES,EHIS,2,PC1c,,Difficulty in dressing and undressing,"1 No difficulty 2 Some difficulty 3 A lot of difficulty 4 Cannot do at all/Unable to do – 1 missing (don’t know, refusal) – 2 not applicable",if AGE >= 65,unaltered,EHIS wave 2 variables and anonymisation rules.docx.pdf,page 13,PDF word coordinates,EXTRACTED_UNREVIEWED
SRC-EHIS-W2-PC1D,EHIS-W2-ANON-RULES,EHIS,2,PC1d,,Difficulty in using toilets,"1 No difficulty 2 Some difficulty 3 A lot of difficulty 4 Cannot do at all/Unable to do – 1 missing (don’t know, refusal) – 2 not applicable",if AGE >= 65,unaltered,EHIS wave 2 variables and anonymisation rules.docx.pdf,page 14,PDF word coordinates,EXTRACTED_UNREVIEWED
SRC-EHIS-W2-PC1E,EHIS-W2-ANON-RULES,EHIS,2,PC1e,,Difficulty in bathing or showering,"1 No difficulty 2 Some difficulty 3 A lot of difficulty 4 Cannot do at all/Unable to do – 1 missing (don’t know, refusal) – 2 not applicable",if AGE >= 65,unaltered,EHIS wave 2 variables and anonymisation rules.docx.pdf,page 14,PDF word coordinates,EXTRACTED_UNREVIEWED
SRC-EHIS-W2-PC2,EHIS-W2-ANON-RULES,EHIS,2,PC2,,"Usually receiving help with one or more self-care activities: feeding yourself, getting in and out of a bed or chair, dressing and undressing, using toilets, bathing or showering","1 Yes, with at least one activity 2 No – 1 missing (don’t know, refusal) – 2 not applicable",if (AGE >= 65) and {PC1a ≠ 1 or PC1b ≠ 1 or PC1c ≠ 1 or PC1d ≠ 1 or PC1e ≠ 1},unaltered,EHIS wave 2 variables and anonymisation rules.docx.pdf,page 14,PDF word coordinates,EXTRACTED_UNREVIEWED
SRC-EHIS-W2-PC3,EHIS-W2-ANON-RULES,EHIS,2,PC3,,"Need to receive help or more help with one or more self-care activities: feeding yourself, getting in and out of a bed or chair, dressing and undressing, using toilets, bathing or showering","1 Yes, with at least one activity 2 No – 1 missing (don’t know, refusal) – 2 not applicable",if (AGE >= 65) and {PC1a ≠ 1 or PC1b ≠ 1 or PC1c ≠ 1 or PC1d ≠ 1 or PC1e ≠ 1},unaltered,EHIS wave 2 variables and anonymisation rules.docx.pdf,page 14,PDF word coordinates,EXTRACTED_UNREVIEWED
SRC-EHIS-W2-PE1,EHIS-W2-ANON-RULES,EHIS,2,PE1,,Physical effort of working tasks (both paid and unpaid work activities included),"1 Mostly sitting or standing 2 Mostly walking or tasks of moderate physical effort 3 Mostly heavy labour or physically demanding work 4 Not performing any working tasks – 1 missing (don’t know, refusal)",Everybody,unaltered,EHIS wave 2 variables and anonymisation rules.docx.pdf,page 26,PDF word coordinates,EXTRACTED_UNREVIEWED
SRC-EHIS-W2-PE2,EHIS-W2-ANON-RULES,EHIS,2,PE2,,Number of days in a typical week walking to get to and from places at least 10 minutes continuously,"Number of days 1 – 7 0 I never carry out such physical activities – 1 missing (don’t know, refusal)",Everybody,unaltered,EHIS wave 2 variables and anonymisation rules.docx.pdf,page 26,PDF word coordinates,EXTRACTED_UNREVIEWED
SRC-EHIS-W2-PE3,EHIS-W2-ANON-RULES,EHIS,2,PE3,,Time spent on walking to get to and from places on a typical day,"1 10 – 29 minutes per day 2 30 – 59 minutes per day 3 1 hour to less than 2 hours per day 4 2 hours to less than 3 hours per day 5 3 hours or more per day – 1 missing (don’t know, refusal) – 2 not applicable",if PE2 ≠ 0,unaltered,EHIS wave 2 variables and anonymisation rules.docx.pdf,page 27,PDF word coordinates,EXTRACTED_UNREVIEWED
SRC-EHIS-W2-PE4,EHIS-W2-ANON-RULES,EHIS,2,PE4,,Number of days in a typical week bicycling to get to and from places at least 10 minutes continuously,"Number of days 1 – 7 0 I never carry out such physical activities – 1 missing (don’t know, refusal)",Everybody,unaltered,EHIS wave 2 variables and anonymisation rules.docx.pdf,page 27,PDF word coordinates,EXTRACTED_UNREVIEWED
SRC-EHIS-W2-PE5,EHIS-W2-ANON-RULES,EHIS,2,PE5,,Time spent on bicycling to get to and from places on a typical day,"1 10 – 29 minutes per day 2 30 – 59 minutes per day 3 1 hour to less than 2 hours per day 4 2 hours to less than 3 hours per day 5 3 hours or more per day – 1 missing (don’t know, refusal) – 2 not applicable",if PE4 ≠ 0,unaltered,EHIS wave 2 variables and anonymisation rules.docx.pdf,page 27,PDF word coordinates,EXTRACTED_UNREVIEWED
SRC-EHIS-W2-PE6,EHIS-W2-ANON-RULES,EHIS,2,PE6,,"Number of days in a typical week doing sports, fitness or recreational (leisure) physical activities that cause at least a small increase in breathing or heart rate for at least 10 minutes continuously","Number of days 1 – 7 0 I never carry out such physical activities – 1 missing (don’t know, refusal)",Everybody,unaltered,EHIS wave 2 variables and anonymisation rules.docx.pdf,page 27,PDF word coordinates,EXTRACTED_UNREVIEWED
SRC-EHIS-W2-PE7,EHIS-W2-ANON-RULES,EHIS,2,PE7,,"Time spent on doing sports, fitness or recreational (leisure) physical activities in a typical week","HHMM (hours/minutes) – 1 missing (don’t know, refusal) – 2 not applicable",if PE6 ≠ 0,unaltered,EHIS wave 2 variables and anonymisation rules.docx.pdf,page 27,PDF word coordinates,EXTRACTED_UNREVIEWED
SRC-EHIS-W2-PE8,EHIS-W2-ANON-RULES,EHIS,2,PE8,,Number of days in a typical week doing muscle- strengthening activities,"Number of days 1 – 7 0 I never carry out such physical activities – 1 missing (don’t know, refusal)",Everybody,unaltered,EHIS wave 2 variables and anonymisation rules.docx.pdf,page 27,PDF word coordinates,EXTRACTED_UNREVIEWED
SRC-EHIS-W2-PID,EHIS-W2-ANON-RULES,EHIS,2,PID,,Identification number of respondent,10-digit number – 1 missing,Everybody,unaltered,EHIS wave 2 variables and anonymisation rules.docx.pdf,page 1,PDF word coordinates,EXTRACTED_UNREVIEWED
SRC-EHIS-W2-PL1,EHIS-W2-ANON-RULES,EHIS,2,PL1,,Wearing glasses or contact lenses,"1 Yes 2 No 3 Blind or cannot see at all – 1 missing (don’t know, refusal)",Everybody,"codes 2 and 3 put together as code 2 ""No""",EHIS wave 2 variables and anonymisation rules.docx.pdf,page 11,PDF word coordinates,EXTRACTED_UNREVIEWED
SRC-EHIS-W2-PL2,EHIS-W2-ANON-RULES,EHIS,2,PL2,,"Difficulty in seeing, even when wearing glasses or contact lenses","1 No difficulty 2 Some difficulty 3 A lot of difficulty 4 Cannot do at all/Unable to do – 1 missing (don’t know, refusal) – 2 not applicable",If PL1 = 1 or 2,"recoding: for blind people (code 3 in PL1), code 4 is used",EHIS wave 2 variables and anonymisation rules.docx.pdf,page 12,PDF word coordinates,EXTRACTED_UNREVIEWED
SRC-EHIS-W2-PL3,EHIS-W2-ANON-RULES,EHIS,2,PL3,,Use of a hearing aid,"1 Yes 2 No 3 Profoundly deaf – 1 missing (don’t know, refusal)",Everybody,"codes 2 and 3 put together as code 2 ""No""",EHIS wave 2 variables and anonymisation rules.docx.pdf,page 12,PDF word coordinates,EXTRACTED_UNREVIEWED
SRC-EHIS-W2-PL4,EHIS-W2-ANON-RULES,EHIS,2,PL4,,Difficulty in hearing what is said in a conversation with one other person in a quiet room even when using a hearing aid,"1 No difficulty 2 Some difficulty 3 A lot of difficulty 4 Cannot do at all/Unable to do – 1 missing (don’t know, refusal) – 2 not applicable",If PL3 = 1 or 2,"recoding: for deaf people (code 3 in PL3), code 4 is used",EHIS wave 2 variables and anonymisation rules.docx.pdf,page 12,PDF word coordinates,EXTRACTED_UNREVIEWED
SRC-EHIS-W2-PL5,EHIS-W2-ANON-RULES,EHIS,2,PL5,,Difficulty in hearing what is said in a conversation with one other person in a noisier room even when using a hearing aid,"1 No difficulty 2 Some difficulty 3 A lot of difficulty 4 Cannot do at all/Unable to do – 1 missing (don’t know, refusal) – 2 not applicable",If PL3 = 1 or 2 and PL4 = 1 or 2 or 3,"recoding: for deaf people (code 3 in PL3), code 4 is used",EHIS wave 2 variables and anonymisation rules.docx.pdf,page 12,PDF word coordinates,EXTRACTED_UNREVIEWED
SRC-EHIS-W2-PL6,EHIS-W2-ANON-RULES,EHIS,2,PL6,,Difficulty in walking half a km on level ground without the use of any aid,"1 No difficulty 2 Some difficulty 3 A lot of difficulty 4 Cannot do at all/Unable to do – 1 missing (don’t know, refusal)",Everybody,unaltered,EHIS wave 2 variables and anonymisation rules.docx.pdf,page 12,PDF word coordinates,EXTRACTED_UNREVIEWED
SRC-EHIS-W2-PL7,EHIS-W2-ANON-RULES,EHIS,2,PL7,,Difficulty in walking up or down 12 steps,"1 No difficulty 2 Some difficulty 3 A lot of difficulty 4 Cannot do at all/Unable to do – 1 missing (don’t know, refusal)",Everybody,unaltered,EHIS wave 2 variables and anonymisation rules.docx.pdf,page 13,PDF word coordinates,EXTRACTED_UNREVIEWED
SRC-EHIS-W2-PN1,EHIS-W2-ANON-RULES,EHIS,2,PN1,,Intensity of bodily pain during the past 4 weeks,"1 None 2 Very mild 3 Mild 4 Moderate 5 Severe 6 Very severe – 1 missing (don’t know, refusal)",Everybody,unaltered,EHIS wave 2 variables and anonymisation rules.docx.pdf,page 18,PDF word coordinates,EXTRACTED_UNREVIEWED
SRC-EHIS-W2-PN2,EHIS-W2-ANON-RULES,EHIS,2,PN2,,Extent that pain interfered with normal work during the past 4 weeks (including both work outside the home and housework),"1 Not at all 2 A little bit 3 Moderately 4 Quite a bit 5 Extremely – 1 missing (don’t know, refusal)",Everybody,unaltered,EHIS wave 2 variables and anonymisation rules.docx.pdf,page 18,PDF word coordinates,EXTRACTED_UNREVIEWED
SRC-EHIS-W2-PRIMSTRAT,EHIS-W2-ANON-RULES,EHIS,2,PRIMSTRAT,,Primary strata as used in the selection of the sample,0001 – 9999 – 2 not applicable (no stratification),Everybody,removed,EHIS wave 2 variables and anonymisation rules.docx.pdf,page 1,PDF word coordinates,EXTRACTED_UNREVIEWED
SRC-EHIS-W2-PROXY,EHIS-W2-ANON-RULES,EHIS,2,PROXY,,Was the selected person interviewed or someone else (proxy interview),1 Person himself/herself 2 Other member of the household 3 Someone else outside the household – 1 missing,Everybody,unaltered,EHIS wave 2 variables and anonymisation rules.docx.pdf,page 1,PDF word coordinates,EXTRACTED_UNREVIEWED
SRC-EHIS-W2-PSU,EHIS-W2-ANON-RULES,EHIS,2,PSU,,Primary sampling units as used in the selection of the sample,0001 – 9999 – 2 not applicable (no multistage sampling),Everybody,removed,EHIS wave 2 variables and anonymisation rules.docx.pdf,page 1,PDF word coordinates,EXTRACTED_UNREVIEWED
SRC-EHIS-W2-REFMONTH,EHIS-W2-ANON-RULES,EHIS,2,REFMONTH,,Reference month of the interview,1 – 12 – 1 missing,Everybody,unaltered Country-specific rule for: • ES: REFMONTH removed • MT and IE: REFMONTH grouped into quarters,EHIS wave 2 variables and anonymisation rules.docx.pdf,page 1,PDF word coordinates,EXTRACTED_UNREVIEWED
SRC-EHIS-W2-REFYEAR,EHIS-W2-ANON-RULES,EHIS,2,REFYEAR,,Reference year of the interview,4 digits,Everybody,unaltered Country-specific rule for: • ES: REFYEAR removed,EHIS wave 2 variables and anonymisation rules.docx.pdf,page 1,PDF word coordinates,EXTRACTED_UNREVIEWED
SRC-EHIS-W2-REGION,EHIS-W2-ANON-RULES,EHIS,2,REGION,,Region of residence,Coding according to NUTS at 2-digit level – 1 missing,Everybody,removed,EHIS wave 2 variables and anonymisation rules.docx.pdf,page 3,PDF word coordinates,EXTRACTED_UNREVIEWED
SRC-EHIS-W2-SEX,EHIS-W2-ANON-RULES,EHIS,2,SEX,,Sex of respondent,"1 Male 2 Female -1 missing (don’t know, refusal)",Everybody,unaltered,EHIS wave 2 variables and anonymisation rules.docx.pdf,page 2,PDF word coordinates,EXTRACTED_UNREVIEWED
SRC-EHIS-W2-SK1,EHIS-W2-ANON-RULES,EHIS,2,SK1,,Type of smoking behaviour,"1 Daily smoking 2 Occasional smoking 3 No smoking – 1 missing (don’t know, refusal)",Everybody,unaltered,EHIS wave 2 variables and anonymisation rules.docx.pdf,page 28,PDF word coordinates,EXTRACTED_UNREVIEWED
SRC-EHIS-W2-SK2,EHIS-W2-ANON-RULES,EHIS,2,SK2,,Kind of tobacco product consumed,"1 Cigarettes (manufactured and/or hand-rolled) 2 Cigars 3 Pipe tobacco 4 Other – 1 missing (don’t know, refusal) – 2 not applicable",if SK1 = 1 or 2,unaltered Country-specific rule: • RO: codes 3 and 4 merged (category 'Other' – code 4),EHIS wave 2 variables and anonymisation rules.docx.pdf,page 28,PDF word coordinates,EXTRACTED_UNREVIEWED
SRC-EHIS-W2-SK3,EHIS-W2-ANON-RULES,EHIS,2,SK3,,Average number of cigarettes a day,"Number 1 – 99 – 1 missing (don’t know, refusal) – 2 not applicable",if SK1 = 1 and SK2 = 1,unaltered Country-specific rule: • IT: top coding is 60 or more • SK: top coding is 20 or more,EHIS wave 2 variables and anonymisation rules.docx.pdf,page 29,PDF word coordinates,EXTRACTED_UNREVIEWED
SRC-EHIS-W2-SK4,EHIS-W2-ANON-RULES,EHIS,2,SK4,,Frequency of exposure to tobacco smoke indoors,"1 Never or almost never 2 Less than 1 hour per day 3 1 hour or more a day – 1 missing (don’t know, refusal)",Everybody,unaltered,EHIS wave 2 variables and anonymisation rules.docx.pdf,page 29,PDF word coordinates,EXTRACTED_UNREVIEWED
SRC-EHIS-W2-SS1,EHIS-W2-ANON-RULES,EHIS,2,SS1,,Number of close people to count on in case of serious personal problems,"1 None 2 1 or 2 3 3 to 5 4 6 or more – 1 missing (don’t know, refusal)",Everybody,unaltered,EHIS wave 2 variables and anonymisation rules.docx.pdf,page 31,PDF word coordinates,EXTRACTED_UNREVIEWED
SRC-EHIS-W2-SS2,EHIS-W2-ANON-RULES,EHIS,2,SS2,,Degree of concern shown by other people in what the person is doing,"1 A lot of concern and interest 2 Some concern and interest 3 Uncertain 4 Little concern and interest 5 No concern and interest – 1 missing (don’t know, refusal)",Everybody,unaltered,EHIS wave 2 variables and anonymisation rules.docx.pdf,page 31,PDF word coordinates,EXTRACTED_UNREVIEWED
SRC-EHIS-W2-SS3,EHIS-W2-ANON-RULES,EHIS,2,SS3,,How easy is it to get practical help from neighbours in case of need,"1 Very easy 2 Easy 3 Possible 4 Difficult 5 Very difficult – 1 missing (don’t know, refusal)",Everybody,unaltered,EHIS wave 2 variables and anonymisation rules.docx.pdf,page 31,PDF word coordinates,EXTRACTED_UNREVIEWED
SRC-EHIS-W2-UN1A,EHIS-W2-ANON-RULES,EHIS,2,UN1a,,Unmet need for health care in the past 12 months due to long waiting list(s),"1 Yes 2 No 3 No need for health care – 1 missing (don’t know, refusal)",Everybody,unaltered,EHIS wave 2 variables and anonymisation rules.docx.pdf,page 24,PDF word coordinates,EXTRACTED_UNREVIEWED
SRC-EHIS-W2-UN1B,EHIS-W2-ANON-RULES,EHIS,2,UN1b,,Unmet need for health care in the past 12 months due to distance or transportation problems,"1 Yes 2 No 3 No need for health care – 1 missing (don’t know, refusal)",Everybody,unaltered,EHIS wave 2 variables and anonymisation rules.docx.pdf,page 24,PDF word coordinates,EXTRACTED_UNREVIEWED
SRC-EHIS-W2-UN2A,EHIS-W2-ANON-RULES,EHIS,2,UN2a,,Could not afford medical examination or treatment in the past 12 months,"1 Yes 2 No 3 No need – 1 missing (don’t know, refusal)",Everybody,unaltered,EHIS wave 2 variables and anonymisation rules.docx.pdf,page 24,PDF word coordinates,EXTRACTED_UNREVIEWED
SRC-EHIS-W2-UN2B,EHIS-W2-ANON-RULES,EHIS,2,UN2b,,Could not afford dental examination or treatment in the past 12 months,"1 Yes 2 No 3 No need – 1 missing (don’t know, refusal)",Everybody,unaltered,EHIS wave 2 variables and anonymisation rules.docx.pdf,page 25,PDF word coordinates,EXTRACTED_UNREVIEWED
SRC-EHIS-W2-UN2C,EHIS-W2-ANON-RULES,EHIS,2,UN2c,,Could not afford prescribed medicines in the past 12 months,"1 Yes 2 No 3 No need – 1 missing (don’t know, refusal)",Everybody,unaltered,EHIS wave 2 variables and anonymisation rules.docx.pdf,page 25,PDF word coordinates,EXTRACTED_UNREVIEWED
SRC-EHIS-W2-UN2D,EHIS-W2-ANON-RULES,EHIS,2,UN2d,,Could not afford mental health care (by a psychologist or a psychiatrist for example) in the past 12 months,"1 Yes 2 No 3 No need – 1 missing (don’t know, refusal)",Everybody,unaltered,EHIS wave 2 variables and anonymisation rules.docx.pdf,page 25,PDF word coordinates,EXTRACTED_UNREVIEWED
SRC-EHIS-W2-WGT,EHIS-W2-ANON-RULES,EHIS,2,WGT,,Final individual weight,Number 5.3 – 1 missing,Everybody,unaltered,EHIS wave 2 variables and anonymisation rules.docx.pdf,page 1,PDF word coordinates,EXTRACTED_UNREVIEWED
SRC-EHIS-W3-AC1A,EHIS-W3-ANON-RULES,EHIS,3,AC1A,Accidents and injuries,Occurrence of a road traffic accident in the past 12 months,1 Yes,Everybody,unaltered,EHIS wave 3 anonymisation rules.docx,"table 2, row 183",OOXML table grid,EXTRACTED_UNREVIEWED
SRC-EHIS-W3-AC1B,EHIS-W3-ANON-RULES,EHIS,3,AC1B,Accidents and injuries,Occurrence of an accident at home in the past 12 months,1 Yes,Everybody,unaltered,EHIS wave 3 anonymisation rules.docx,"table 2, row 186",OOXML table grid,EXTRACTED_UNREVIEWED
SRC-EHIS-W3-AC1C,EHIS-W3-ANON-RULES,EHIS,3,AC1C,Accidents and injuries,Occurrence of a leisure accident in the past 12 months,1 Yes,Everybody,unaltered,EHIS wave 3 anonymisation rules.docx,"table 2, row 189",OOXML table grid,EXTRACTED_UNREVIEWED
SRC-EHIS-W3-AC2,EHIS-W3-ANON-RULES,EHIS,3,AC2,Accidents and injuries,Most serious medical care intervention for the most serious accident in the past 12 months,1 Admission to a hospital or any other health facility,if,unaltered,EHIS wave 3 anonymisation rules.docx,"table 2, row 192",OOXML table grid,EXTRACTED_UNREVIEWED
SRC-EHIS-W3-AGE,EHIS-W3-ANON-RULES,EHIS,3,AGE,CORE SOCIAL VARIABLES,Age of respondent in completed years at the time of the interview,digit number,Everybody,"5 years age groups with top coding (85 and more): 15-17, 18-19, 20-24, …, 85+Country specific rule for:• MT and IS: first age group is 15-19 • MT and IS: top coding is 75 or more• SK and NO: top coding is 80 or more",EHIS wave 3 anonymisation rules.docx,"table 2, row 16",OOXML table grid,EXTRACTED_UNREVIEWED
SRC-EHIS-W3-AL1,EHIS-W3-ANON-RULES,EHIS,3,AL1,Alcohol consumption,"Frequency of consumption of an alcoholic drink of any kind (beer, wine, cider, spirits, cocktails, premixes, liqueurs, homemade alcohol…) in the past 12 months",1 Every day or almost,Everybody,unaltered Country-specific rule: • IT: variable removed,EHIS wave 3 anonymisation rules.docx,"table 2, row 650",OOXML table grid,EXTRACTED_UNREVIEWED
SRC-EHIS-W3-AL2,EHIS-W3-ANON-RULES,EHIS,3,AL2,Alcohol consumption,Frequency of consumption of an alcoholic drink for Monday — Thursday,1 On all 4 days,"if AL1 = 1, 2, 3 or 4",unaltered Country-specific rule: • IT: variable removed,EHIS wave 3 anonymisation rules.docx,"table 2, row 660",OOXML table grid,EXTRACTED_UNREVIEWED
SRC-EHIS-W3-AL3,EHIS-W3-ANON-RULES,EHIS,3,AL3,Alcohol consumption,Number of alcoholic (standard) drinks on average on one of the days (Monday to Thursday),1 16 or more drinks a day,"If (AL1 = 1, 2, 3 or 4) and (AL2 = 1, 2, 3 or 4)",unaltered Country-specific rule: • IT: variable removed,EHIS wave 3 anonymisation rules.docx,"table 2, row 667",OOXML table grid,EXTRACTED_UNREVIEWED
SRC-EHIS-W3-AL4,EHIS-W3-ANON-RULES,EHIS,3,AL4,Alcohol consumption,Frequency of consumption of an alcoholic drink for Friday — Sunday,1 On all 3 days,"if AL1 = 1, 2, 3 or 4",unaltered Country-specific rule: • IT: variable removed,EHIS wave 3 anonymisation rules.docx,"table 2, row 677",OOXML table grid,EXTRACTED_UNREVIEWED
SRC-EHIS-W3-AL5,EHIS-W3-ANON-RULES,EHIS,3,AL5,Alcohol consumption,Number of alcoholic (standard) drinks on average on one of the days (Friday — Sunday),1 16 or more drinks a day,"if (AL1 = 1, 2, 3 or 4) and (AL4 = 1, 2, or 3)",unaltered Country-specific rule: • IT: variable removed,EHIS wave 3 anonymisation rules.docx,"table 2, row 683",OOXML table grid,EXTRACTED_UNREVIEWED
SRC-EHIS-W3-AL6,EHIS-W3-ANON-RULES,EHIS,3,AL6,Alcohol consumption,Frequency of risky single-occasion drinking (equivalent of 60 g of pure ethanol or more) during the past 12 months,1 Every day or almost,"if AL1 = 1, 2, 3, 4, 5, 6 or 7",unaltered Country-specific rule: • IT: variable removed,EHIS wave 3 anonymisation rules.docx,"table 2, row 693",OOXML table grid,EXTRACTED_UNREVIEWED
SRC-EHIS-W3-AM1,EHIS-W3-ANON-RULES,EHIS,3,AM1,Use of ambulatory and home care,Last time of a visit to a dentist or orthodontist (for personal treatment),1 Less than 6 months ago,Everybody,unaltered,EHIS wave 3 anonymisation rules.docx,"table 2, row 423",OOXML table grid,EXTRACTED_UNREVIEWED
SRC-EHIS-W3-AM2,EHIS-W3-ANON-RULES,EHIS,3,AM2,Use of ambulatory and home care,Last time of a consultation of a general practitioner or family doctor (for personal treatment),1 Less than 12 months ago,Everybody,unaltered,EHIS wave 3 anonymisation rules.docx,"table 2, row 428",OOXML table grid,EXTRACTED_UNREVIEWED
SRC-EHIS-W3-AM3,EHIS-W3-ANON-RULES,EHIS,3,AM3,Use of ambulatory and home care,Number of consultations of a general practitioner or family doctor during the past four weeks (for personal treatment),Number 0 – 99,If AM2 = 1,unaltered Country-specific rule: • IT: top coding is 10 or more,EHIS wave 3 anonymisation rules.docx,"table 2, row 432",OOXML table grid,EXTRACTED_UNREVIEWED
SRC-EHIS-W3-AM4,EHIS-W3-ANON-RULES,EHIS,3,AM4,Use of ambulatory and home care,Last time of a consultation of a medical or surgical specialist (for personal treatment),1 Less than 12 months ago,Everybody,unaltered,EHIS wave 3 anonymisation rules.docx,"table 2, row 435",OOXML table grid,EXTRACTED_UNREVIEWED
SRC-EHIS-W3-AM5,EHIS-W3-ANON-RULES,EHIS,3,AM5,Use of ambulatory and home care,Number of consultations of a medical or surgical specialist during the past four weeks (for personal treatment),Number 0 – 99,If AM4 = 1,"unalteredCountry-specific rule:• DE: top coding is 9 or more• SK and IS: top coding is 4 or more• IE, ITs: top coding 5 or more",EHIS wave 3 anonymisation rules.docx,"table 2, row 439",OOXML table grid,EXTRACTED_UNREVIEWED
SRC-EHIS-W3-AM6A,EHIS-W3-ANON-RULES,EHIS,3,AM6A,Use of ambulatory and home care,Consultation of a physiotherapist or kinesitherapist in the past 12 months,1 Yes,Everybody,unaltered,EHIS wave 3 anonymisation rules.docx,"table 2, row 442",OOXML table grid,EXTRACTED_UNREVIEWED
SRC-EHIS-W3-AM6B,EHIS-W3-ANON-RULES,EHIS,3,AM6B,Use of ambulatory and home care,"Consultation of a psychologist, psychotherapist or psychiatrist in the past 12 months",1 Yes,Everybody,unaltered,EHIS wave 3 anonymisation rules.docx,"table 2, row 445",OOXML table grid,EXTRACTED_UNREVIEWED
SRC-EHIS-W3-AM7,EHIS-W3-ANON-RULES,EHIS,3,AM7,Use of ambulatory and home care,Use of any home care services for personal needs during the past 12 months,1 Yes,Everybody,unaltered,EHIS wave 3 anonymisation rules.docx,"table 2, row 449",OOXML table grid,EXTRACTED_UNREVIEWED
SRC-EHIS-W3-AW1,EHIS-W3-ANON-RULES,EHIS,3,AW1,Absence from work (due to health problems),Absent from work due to personal health problems in the past 12 months,1 Yes,if MAINSTAT = 10,unaltered,EHIS wave 3 anonymisation rules.docx,"table 2, row 198",OOXML table grid,EXTRACTED_UNREVIEWED
SRC-EHIS-W3-AW2,EHIS-W3-ANON-RULES,EHIS,3,AW2,Absence from work (due to health problems),Number of days of absence from work due to personal health problems in the past 12 months,Number of days,if AW1 = 1,regrouped: 1. 1-7 days; 2. 8-14 days; 3. 15-30 days; 4. 31 to 180 days; 5. 181 days or moreCountry-specific rule:• MT and IS: categories '31 to 180 days' and '181 days or more' are grouped into one category '31 days or more' (code 4) MT: categories ‘Proxy’ (code -3) and ‘Not stated’ (code -1) are grouped into one category ‘Not stated’ (code -1),EHIS wave 3 anonymisation rules.docx,"table 2, row 202",OOXML table grid,EXTRACTED_UNREVIEWED
SRC-EHIS-W3-BIRTHPLACE,EHIS-W3-ANON-RULES,EHIS,3,BIRTHPLACE,CORE SOCIAL VARIABLES,Country of birth,Country code (SCL GEO code),Everybody,"Regrouped as follows: 10 Native-born 21 Born in another EU Member State 22 Born in a non-EU country – 1 Not stated Country-specific rule:• MT, IS and NO: codes 21 and 22 grouped together as code 21",EHIS wave 3 anonymisation rules.docx,"table 2, row 27",OOXML table grid,EXTRACTED_UNREVIEWED
SRC-EHIS-W3-BIRTHPLACEFATH,EHIS-W3-ANON-RULES,EHIS,3,BIRTHPLACEFATH,CORE SOCIAL VARIABLES,Country of birth of father,Country code (SCL GEO code),Everybody,"Regrouped as follows: 10 Native-born 21 Born in another EU Member State 22 Born in a non-EU country – 1 Not stated Country-specific rule:• MT, IS and NO: codes 21 and 22 grouped together as code 21",EHIS wave 3 anonymisation rules.docx,"table 2, row 31",OOXML table grid,EXTRACTED_UNREVIEWED
SRC-EHIS-W3-BIRTHPLACEMOTH,EHIS-W3-ANON-RULES,EHIS,3,BIRTHPLACEMOTH,CORE SOCIAL VARIABLES,Country of birth of mother,Country code (SCL GEO code),Everybody,"Regrouped as follows: 10 Native-born 21 Born in another EU Member State 22 Born in a non-EU country – 1 Not stated Country-specific rule:• MT, IS and NO: codes 21 and 22 grouped together as code 21",EHIS wave 3 anonymisation rules.docx,"table 2, row 33",OOXML table grid,EXTRACTED_UNREVIEWED
SRC-EHIS-W3-BM1,EHIS-W3-ANON-RULES,EHIS,3,BM1,Weight and height,Height without shoes,Number in cm,Everybody,"unaltered Country-specific rule: • IT: bottom coding for height<140 cm for people aged 15-17 and for women aged 18+; bottom coding for height<145 cm for men aged 18+; top coding for height>180 cm for women aged 15+; top coding for height>190 cm for men aged 15-17; top coding for height>195 cm for men aged 18+. Change of BM1 and BM2 with an average calculated with EHIS data by sex and age when: BMI<16.3 or BMI>31 for people aged 15-17; BMI<15.5 or BMI>35.5 for people aged 18+. • IE, CZ: bottom and top coding: low = 140 cm; high = 200 cm • IS: bottom and top coding: low = 150 cm; high = 199 cm",EHIS wave 3 anonymisation rules.docx,"table 2, row 543",OOXML table grid,EXTRACTED_UNREVIEWED
SRC-EHIS-W3-BM2,EHIS-W3-ANON-RULES,EHIS,3,BM2,Weight and height,Weight without clothes and shoes,Number in kg,Everybody,unaltered Country-specific rule: • IT: bottom coding for weight<40 kg for people aged 15-17 and for women aged 18+; bottom coding for weight<45 kg for men aged 18+; top coding for weight>85 kg for women aged 15-17; top coding for weight>95 kg for men aged 15-17; top coding for weight>120 kg for women aged 18+; top coding for weight>130 kg for men aged 18+. Change of BM1 and BM2 with an average calculated with EHIS data by sex and age when: BMI<16.3 or BMI>31 for people aged 15-17; BMI<15.5 or BMI>35.5 for people aged 18+. • IE: bottom and top coding: low = 45 kg; high = 150 kg • IS: bottom and top coding: low = 50 kg; high = 150 kg,EHIS wave 3 anonymisation rules.docx,"table 2, row 545",OOXML table grid,EXTRACTED_UNREVIEWED
SRC-EHIS-W3-BMI,EHIS-W3-ANON-RULES,EHIS,3,BMI,Weight and height,Body mass index,1 Underweight,Everybody,New variable,EHIS wave 3 anonymisation rules.docx,"table 2, row 538",OOXML table grid,EXTRACTED_UNREVIEWED
SRC-EHIS-W3-CD1A,EHIS-W3-ANON-RULES,EHIS,3,CD1A,Diseases and chronic conditions,Having asthma in the past 12 months (allergic asthma included),1 Yes,Everybody,unaltered,EHIS wave 3 anonymisation rules.docx,"table 2, row 117",OOXML table grid,EXTRACTED_UNREVIEWED
SRC-EHIS-W3-CD1B,EHIS-W3-ANON-RULES,EHIS,3,CD1B,Diseases and chronic conditions,"Having chronic bronchitis, chronic obstructive pulmonary disease or emphysema in the past 12 months",1 Yes,Everybody,unaltered,EHIS wave 3 anonymisation rules.docx,"table 2, row 121",OOXML table grid,EXTRACTED_UNREVIEWED
SRC-EHIS-W3-CD1C,EHIS-W3-ANON-RULES,EHIS,3,CD1C,Diseases and chronic conditions,Having a myocardial infarction (heart attack) or chronic consequences of myocardial infarction in the past 12 months,1 Yes,Everybody,unaltered,EHIS wave 3 anonymisation rules.docx,"table 2, row 125",OOXML table grid,EXTRACTED_UNREVIEWED
SRC-EHIS-W3-CD1D,EHIS-W3-ANON-RULES,EHIS,3,CD1D,Diseases and chronic conditions,Having a coronary heart disease or angina pectoris in the past 12 months,1 Yes,Everybody,unaltered,EHIS wave 3 anonymisation rules.docx,"table 2, row 129",OOXML table grid,EXTRACTED_UNREVIEWED
SRC-EHIS-W3-CD1E,EHIS-W3-ANON-RULES,EHIS,3,CD1E,Diseases and chronic conditions,Having high blood pressure in the past 12 months,1 Yes,Everybody,unaltered,EHIS wave 3 anonymisation rules.docx,"table 2, row 133",OOXML table grid,EXTRACTED_UNREVIEWED
SRC-EHIS-W3-CD1F,EHIS-W3-ANON-RULES,EHIS,3,CD1F,Diseases and chronic conditions,"Having a stroke (cerebral haemorrhage, cerebral thrombosis) or chronic consequences of stroke in the past 12 months",1 Yes,Everybody,unaltered,EHIS wave 3 anonymisation rules.docx,"table 2, row 137",OOXML table grid,EXTRACTED_UNREVIEWED
SRC-EHIS-W3-CD1G,EHIS-W3-ANON-RULES,EHIS,3,CD1G,Diseases and chronic conditions,Having arthrosis (arthritis excluded) in the past 12 months,1 Yes,Everybody,unaltered,EHIS wave 3 anonymisation rules.docx,"table 2, row 141",OOXML table grid,EXTRACTED_UNREVIEWED
SRC-EHIS-W3-CD1H,EHIS-W3-ANON-RULES,EHIS,3,CD1H,Diseases and chronic conditions,Having a low back disorder or other chronic back defect in the past 12 months,1 Yes,Everybody,unaltered,EHIS wave 3 anonymisation rules.docx,"table 2, row 145",OOXML table grid,EXTRACTED_UNREVIEWED
SRC-EHIS-W3-CD1I,EHIS-W3-ANON-RULES,EHIS,3,CD1I,Diseases and chronic conditions,Having a neck disorder or other chronic neck defect in the past 12 months,1 Yes,Everybody,unaltered,EHIS wave 3 anonymisation rules.docx,"table 2, row 149",OOXML table grid,EXTRACTED_UNREVIEWED
SRC-EHIS-W3-CD1J,EHIS-W3-ANON-RULES,EHIS,3,CD1J,Diseases and chronic conditions,Having diabetes in the past 12 months,1 Yes,Everybody,unaltered,EHIS wave 3 anonymisation rules.docx,"table 2, row 153",OOXML table grid,EXTRACTED_UNREVIEWED
SRC-EHIS-W3-CD1K,EHIS-W3-ANON-RULES,EHIS,3,CD1K,Diseases and chronic conditions,"Having an allergy, such as rhinitis, eye inflammation, dermatitis, food allergy or other (allergic asthma excluded) in the past 12 months",1 Yes,Everybody,unaltered,EHIS wave 3 anonymisation rules.docx,"table 2, row 156",OOXML table grid,EXTRACTED_UNREVIEWED
SRC-EHIS-W3-CD1L,EHIS-W3-ANON-RULES,EHIS,3,CD1L,Diseases and chronic conditions,Having cirrhosis of the liver in the past 12 months,1 Yes,Everybody,unaltered,EHIS wave 3 anonymisation rules.docx,"table 2, row 160",OOXML table grid,EXTRACTED_UNREVIEWED
SRC-EHIS-W3-CD1M,EHIS-W3-ANON-RULES,EHIS,3,CD1M,Diseases and chronic conditions,"Having urinary incontinence, problems in controlling the bladder in the past 12 months",1 Yes,Everybody,unaltered,EHIS wave 3 anonymisation rules.docx,"table 2, row 164",OOXML table grid,EXTRACTED_UNREVIEWED
SRC-EHIS-W3-CD1N,EHIS-W3-ANON-RULES,EHIS,3,CD1N,Diseases and chronic conditions,Having kidney problems in the past 12 months,1 Yes,Everybody,unaltered,EHIS wave 3 anonymisation rules.docx,"table 2, row 167",OOXML table grid,EXTRACTED_UNREVIEWED
SRC-EHIS-W3-CD1O,EHIS-W3-ANON-RULES,EHIS,3,CD1O,Diseases and chronic conditions,Having depression in the past 12 months,1 Yes,Everybody,unaltered,EHIS wave 3 anonymisation rules.docx,"table 2, row 170",OOXML table grid,EXTRACTED_UNREVIEWED
SRC-EHIS-W3-CD1P,EHIS-W3-ANON-RULES,EHIS,3,CD1P,Diseases and chronic conditions,Having high blood lipids in the past 12 months,1 Yes,Everybody,unaltered,EHIS wave 3 anonymisation rules.docx,"table 2, row 173",OOXML table grid,EXTRACTED_UNREVIEWED
SRC-EHIS-W3-CD2,EHIS-W3-ANON-RULES,EHIS,3,CD2,Diseases and chronic conditions,Self-perceived general oral health,1 Very good,Everybody,unaltered,EHIS wave 3 anonymisation rules.docx,"table 2, row 176",OOXML table grid,EXTRACTED_UNREVIEWED
SRC-EHIS-W3-CITIZEN,EHIS-W3-ANON-RULES,EHIS,3,CITIZEN,CORE SOCIAL VARIABLES,Country of main citizenship,Country code (SCL GEO code),Everybody,"Regrouped as follows: 10 National/has citizenship of the reporting country 21 Non-national/does not have citizenship of the reporting country but national of other EU Member States 22 Non-national/does not have citizenship of the reporting country but non-EU country nationality – 1 Not stated Country-specific rule:• LV, MT, IS and NO: codes 21 and 22 grouped together as code 21",EHIS wave 3 anonymisation rules.docx,"table 2, row 29",OOXML table grid,EXTRACTED_UNREVIEWED
SRC-EHIS-W3-COUNTRY,EHIS-W3-ANON-RULES,EHIS,3,COUNTRY,CORE SOCIAL VARIABLES,Country of residence,Country code (SCL GEO code),Everybody,unaltered,EHIS wave 3 anonymisation rules.docx,"table 2, row 18",OOXML table grid,EXTRACTED_UNREVIEWED
SRC-EHIS-W3-DEG_URB,EHIS-W3-ANON-RULES,EHIS,3,DEG_URB,CORE SOCIAL VARIABLES,Degree of urbanisation,1 Cities,Everybody,unaltered,EHIS wave 3 anonymisation rules.docx,"table 2, row 23",OOXML table grid,EXTRACTED_UNREVIEWED
SRC-EHIS-W3-DH1,EHIS-W3-ANON-RULES,EHIS,3,DH1,Dietary habits,"Frequency of eating fruit, excluding juice",1 Once or more a day,Everybody,unaltered,EHIS wave 3 anonymisation rules.docx,"table 2, row 587",OOXML table grid,EXTRACTED_UNREVIEWED
SRC-EHIS-W3-DH2,EHIS-W3-ANON-RULES,EHIS,3,DH2,Dietary habits,"Number of portions of fruit a day, excluding juice",Number 1 – 99,if DH1 = 1,unaltered,EHIS wave 3 anonymisation rules.docx,"table 2, row 594",OOXML table grid,EXTRACTED_UNREVIEWED
SRC-EHIS-W3-DH3,EHIS-W3-ANON-RULES,EHIS,3,DH3,Dietary habits,"Frequency of eating vegetables or salad, excluding juice and potatoes",1 Once or more a day,Everybody,unaltered,EHIS wave 3 anonymisation rules.docx,"table 2, row 597",OOXML table grid,EXTRACTED_UNREVIEWED
SRC-EHIS-W3-DH4,EHIS-W3-ANON-RULES,EHIS,3,DH4,Dietary habits,"Number of portions of vege-tables or salad, excluding juice and potatoes a day",Number 1 – 99,if DH3 = 1,unaltered,EHIS wave 3 anonymisation rules.docx,"table 2, row 604",OOXML table grid,EXTRACTED_UNREVIEWED
SRC-EHIS-W3-DH5,EHIS-W3-ANON-RULES,EHIS,3,DH5,Dietary habits,Frequency of drinking pure fruit or vegetable juice,1 Once or more a day,Everybody,unaltered,EHIS wave 3 anonymisation rules.docx,"table 2, row 607",OOXML table grid,EXTRACTED_UNREVIEWED
SRC-EHIS-W3-DH6,EHIS-W3-ANON-RULES,EHIS,3,DH6,Dietary habits,Frequency of drinking sugar-sweetened soft drinks,1 Once or more a day,Everybody,unaltered,EHIS wave 3 anonymisation rules.docx,"table 2, row 614",OOXML table grid,EXTRACTED_UNREVIEWED
SRC-EHIS-W3-FT_PT,EHIS-W3-ANON-RULES,EHIS,3,FT_PT,CORE SOCIAL VARIABLES,Full or part-time work main job (self-defined),1 Full-time job,MAINSTAT = 10,unaltered,EHIS wave 3 anonymisation rules.docx,"table 2, row 56",OOXML table grid,EXTRACTED_UNREVIEWED
SRC-EHIS-W3-HA1A,EHIS-W3-ANON-RULES,EHIS,3,HA1A,Household activities,Difficulty in preparing meals,1 No difficulty,if AGE >= 55,unaltered,EHIS wave 3 anonymisation rules.docx,"table 2, row 302",OOXML table grid,EXTRACTED_UNREVIEWED
SRC-EHIS-W3-HA1B,EHIS-W3-ANON-RULES,EHIS,3,HA1B,Household activities,Difficulty in using the telephone,1 No difficulty,if AGE >= 55,unaltered,EHIS wave 3 anonymisation rules.docx,"table 2, row 309",OOXML table grid,EXTRACTED_UNREVIEWED
SRC-EHIS-W3-HA1C,EHIS-W3-ANON-RULES,EHIS,3,HA1C,Household activities,Difficulty to do shopping,1 No difficulty,if AGE >= 55,unaltered,EHIS wave 3 anonymisation rules.docx,"table 2, row 317",OOXML table grid,EXTRACTED_UNREVIEWED
SRC-EHIS-W3-HA1D,EHIS-W3-ANON-RULES,EHIS,3,HA1D,Household activities,Difficulty in managing medication,1 No difficulty,if AGE >= 55,unaltered,EHIS wave 3 anonymisation rules.docx,"table 2, row 324",OOXML table grid,EXTRACTED_UNREVIEWED
SRC-EHIS-W3-HA1E,EHIS-W3-ANON-RULES,EHIS,3,HA1E,Household activities,Difficulty in doing light housework,1 No difficulty,if AGE >= 55,unaltered,EHIS wave 3 anonymisation rules.docx,"table 2, row 331",OOXML table grid,EXTRACTED_UNREVIEWED
SRC-EHIS-W3-HA1F,EHIS-W3-ANON-RULES,EHIS,3,HA1F,Household activities,Difficulty in doing occasional heavy housework,1 No difficulty,if AGE >= 55,unaltered,EHIS wave 3 anonymisation rules.docx,"table 2, row 338",OOXML table grid,EXTRACTED_UNREVIEWED
SRC-EHIS-W3-HA1G,EHIS-W3-ANON-RULES,EHIS,3,HA1G,Household activities,Difficulty in taking care of finances and everyday administrative tasks,1 No difficulty,if AGE >= 55,unaltered,EHIS wave 3 anonymisation rules.docx,"table 2, row 345",OOXML table grid,EXTRACTED_UNREVIEWED
SRC-EHIS-W3-HA2,EHIS-W3-ANON-RULES,EHIS,3,HA2,Household activities,"Usually receiving help with one or more domestic activities: preparing meals, using the telephone, shopping, managing medication, light or occasional heavy housework, taking care of finances and everyday administrative tasks","1 Yes, with at least one activity",if (AGE >= 55) and {HA1A ≠ 1 or HA1B ≠ 1 or HA1C ≠ 1 or HA1D ≠ 1 or HA1E ≠ 1 or HA1F ≠ 1or HA1G ≠ 1},unaltered,EHIS wave 3 anonymisation rules.docx,"table 2, row 352",OOXML table grid,EXTRACTED_UNREVIEWED
SRC-EHIS-W3-HA3,EHIS-W3-ANON-RULES,EHIS,3,HA3,Household activities,"Need for help or more help with one or more domestic activities: preparing meals, using the telephone, shopping, managing medication, light or occasional heavy housework, taking care of finances and everyday administrative tasks","1 Yes, with at least one activity",if (AGE >= 55) and {HA1A ≠ 1 or HA1B ≠ 1 or HA1C ≠ 1 or HA1D ≠ 1 or HA1E ≠ 1 or HA1F ≠ 1or HA1G ≠ 1},unaltered,EHIS wave 3 anonymisation rules.docx,"table 2, row 356",OOXML table grid,EXTRACTED_UNREVIEWED
SRC-EHIS-W3-HATLEVEL,EHIS-W3-ANON-RULES,EHIS,3,HATLEVEL,CORE SOCIAL VARIABLES,Educational attainment level (highest level of education completed),Based on ISCED classification,Everybody,"unalteredCountry-specific rule for:• MT and IS: the following adaptations were done:› ISCED 0, 1 and 2 are grouped into one category (code 1)› ISCED 3 and 4 are grouped into one category (code 2)› ISCED 5, 6, 7 and 8 are grouped into one category (code 3)",EHIS wave 3 anonymisation rules.docx,"table 2, row 35",OOXML table grid,EXTRACTED_UNREVIEWED
SRC-EHIS-W3-HHID,EHIS-W3-ANON-RULES,EHIS,3,HHID,TECHNICAL SURVEY VARIABLES,Identification number of household,10-digit number,Everybody,unaltered,EHIS wave 3 anonymisation rules.docx,"table 1, row 5",OOXML table grid,EXTRACTED_UNREVIEWED
SRC-EHIS-W3-HHINCOME,EHIS-W3-ANON-RULES,EHIS,3,HHINCOME,CORE SOCIAL VARIABLES,Net monthly equivalised income of the household,1 Below 1st quintile,Everybody,unaltered,EHIS wave 3 anonymisation rules.docx,"table 2, row 92",OOXML table grid,EXTRACTED_UNREVIEWED
SRC-EHIS-W3-HHNBPERS,EHIS-W3-ANON-RULES,EHIS,3,HHNBPERS,CORE SOCIAL VARIABLES,Household size,Number of member of the household 1 – 98,Everybody,top coding (7 or more)Country-specific rule:• MT and IS: top coding is 6 or more,EHIS wave 3 anonymisation rules.docx,"table 2, row 80",OOXML table grid,EXTRACTED_UNREVIEWED
SRC-EHIS-W3-HHNBPERS_0_13,EHIS-W3-ANON-RULES,EHIS,3,HHNBPERS_0_13,CORE SOCIAL VARIABLES,Number of persons aged 13 or younger,0 – 98,Everybody,"top coding (3 or more)Country-specific rule:• MT, SK, IS and NO: top coding is 2 or more",EHIS wave 3 anonymisation rules.docx,"table 2, row 82",OOXML table grid,EXTRACTED_UNREVIEWED
SRC-EHIS-W3-HHTYPE,EHIS-W3-ANON-RULES,EHIS,3,HHTYPE,CORE SOCIAL VARIABLES,Type of household,10 One-person household,Everybody,Regrouped answer categories: 1. One-person household (code 10) 2. Lone parent with at least one child aged less than 25 (code 21) 3. Couple without any children (code 31) 4. Couple with at least one child aged less than 25 (code 32) 5. Couple all children aged 25 or more (code 33) 6. Other (codes 22 and 40) -1. Not stated,EHIS wave 3 anonymisation rules.docx,"table 2, row 84",OOXML table grid,EXTRACTED_UNREVIEWED
SRC-EHIS-W3-HO12,EHIS-W3-ANON-RULES,EHIS,3,HO12,Health care Use of inpatient and day care,Number of nights spent as a patient in a hospital in the past 12 months,Number 0 – 365,Everybody,"unalteredCountry-specific rule:• DE, IT: top coding is 20 or more• MT and IS: top coding is 10 or more• PT: top coding is 25 or more• IE and SK: top coding is 30 or more",EHIS wave 3 anonymisation rules.docx,"table 2, row 416",OOXML table grid,EXTRACTED_UNREVIEWED
SRC-EHIS-W3-HO34,EHIS-W3-ANON-RULES,EHIS,3,HO34,Health care Use of inpatient and day care,Number of times admitted as a day patient in a hospital in the past 12 months,Number 1 – 365,Everybody,top coding (3 or more)Country-specific rule:IT: variable removed,EHIS wave 3 anonymisation rules.docx,"table 2, row 419",OOXML table grid,EXTRACTED_UNREVIEWED
SRC-EHIS-W3-HS1,EHIS-W3-ANON-RULES,EHIS,3,HS1,Health status — Minimum European Health Module,Self-perceived general health,1 Very good,Everybody,unaltered,EHIS wave 3 anonymisation rules.docx,"table 2, row 102",OOXML table grid,EXTRACTED_UNREVIEWED
SRC-EHIS-W3-HS2,EHIS-W3-ANON-RULES,EHIS,3,HS2,Health status — Minimum European Health Module,Long-standing health problem,1 Yes,Everybody,unaltered,EHIS wave 3 anonymisation rules.docx,"table 2, row 108",OOXML table grid,EXTRACTED_UNREVIEWED
SRC-EHIS-W3-HS3,EHIS-W3-ANON-RULES,EHIS,3,HS3,Health status — Minimum European Health Module,Limitation in activities because of health problems,1 Severely limited,Everybody,unaltered,EHIS wave 3 anonymisation rules.docx,"table 2, row 112",OOXML table grid,EXTRACTED_UNREVIEWED
SRC-EHIS-W3-IC1,EHIS-W3-ANON-RULES,EHIS,3,IC1,Provision of informal care or assistance,"Providing care or assistance to one or more persons suffering from some age problem, chronic health condition or infirmity, at least once a week (professional activities excluded)",1 Yes,Everybody,unaltered,EHIS wave 3 anonymisation rules.docx,"table 2, row 723",OOXML table grid,EXTRACTED_UNREVIEWED
SRC-EHIS-W3-IC2,EHIS-W3-ANON-RULES,EHIS,3,IC2,Provision of informal care or assistance,Prevailing relationship of the person(s) suffering from any chronic condition or infirmity or due to old age being provided with care or assistance at least once a week from the respondent,1 Member(s) of respondent’s family,if IC1 = 1,unaltered,EHIS wave 3 anonymisation rules.docx,"table 2, row 726",OOXML table grid,EXTRACTED_UNREVIEWED
SRC-EHIS-W3-IC3,EHIS-W3-ANON-RULES,EHIS,3,IC3,Provision of informal care or assistance,Number of hours per week the respondent provides care or assistance to the person(s) suffering from any chronic condition or infirmity or due to old age,1 Less than 10 hours per week,if IC1 = 1,unaltered,EHIS wave 3 anonymisation rules.docx,"table 2, row 730",OOXML table grid,EXTRACTED_UNREVIEWED
SRC-EHIS-W3-INTLANG,EHIS-W3-ANON-RULES,EHIS,3,INTLANG,TECHNICAL SURVEY VARIABLES,Language used for interview,3-digit codes (Standard Code List Eurostat),Everybody,removed,EHIS wave 3 anonymisation rules.docx,"table 2, row 10",OOXML table grid,EXTRACTED_UNREVIEWED
SRC-EHIS-W3-INTMETHOD,EHIS-W3-ANON-RULES,EHIS,3,INTMETHOD,TECHNICAL SURVEY VARIABLES,Data collection method used,"10 Self-administred, postal non-electronic version",Everybody,unaltered Country-specific rule for: • PT: INTMETHOD removed,EHIS wave 3 anonymisation rules.docx,"table 2, row 2",OOXML table grid,EXTRACTED_UNREVIEWED
SRC-EHIS-W3-JOBISCO,EHIS-W3-ANON-RULES,EHIS,3,JOBISCO,CORE SOCIAL VARIABLES,Occupation in main job,ISCO-08 coded at 2-digit level,MAINSTAT = 10,kept with 1 digit,EHIS wave 3 anonymisation rules.docx,"table 2, row 66",OOXML table grid,EXTRACTED_UNREVIEWED
SRC-EHIS-W3-JOBSTAT,EHIS-W3-ANON-RULES,EHIS,3,JOBSTAT,CORE SOCIAL VARIABLES,Status in employment in main job,11 Self-employed person with employees,MAINSTAT = 10,unaltered Country-specific rule for: • PT: 10 - Self-employed (11+12) 20 - Employee incl. family workers (20+30),EHIS wave 3 anonymisation rules.docx,"table 2, row 60",OOXML table grid,EXTRACTED_UNREVIEWED
SRC-EHIS-W3-LOCNACE,EHIS-W3-ANON-RULES,EHIS,3,LOCNACE,CORE SOCIAL VARIABLES,Economic activity of the local unit for main job (economic sector),NACE Rev. 2 at 1-digit level,MAINSTAT = 10,"Regrouped in 9 sectors groups: 1. Agriculture, forestry and fishing (NACE code A)2. Manufacturing, mining and quarrying and other industry (NACE codes B, C, D and E)3. Construction (NACE code F)4. Wholesale and retail trades, transport, information and communication, accommodation and food service activities (NACE codes G, H, I and J)5. Financial and insurance activities (NACE code K)6. Business services and real estate activities (NACE codes L, M and N)7. Public administration, defence, education, human health and social work activities (NACE codes O, P, and Q)8. Other services - NACE codes R, S, T and U-1. Unknown sectorCountry-specific rule:• MT: codes 1, 2 and 3 regrouped together as code 1 PT: Regrouped in 13 sectors groups: 1 Agriculture, forestry and fishing (NACE code A) 2 Manufacturing, mining and quarrying and other industry (NACE codes B, C, D and E) 3 Construction (NACE code F) 4 Wholesale and retail trades (NACE code G) 5 Transport (NACE code H) 6 Accommodation and food service activities (NACE code I) 7 Information and communication (NACE code J) 8 Financial and insurance activities (NACE code K) 9 Business services and real estate activities (NACE codes L, M and N) 10 Public administration, defence (NACE code O) 11 Education (NACE code P) 12 Human health and social work activities (NACE code Q) 13 Other services (NACE codes R, S, T and U)",EHIS wave 3 anonymisation rules.docx,"table 2, row 69",OOXML table grid,EXTRACTED_UNREVIEWED
SRC-EHIS-W3-MAINSTAT,EHIS-W3-ANON-RULES,EHIS,3,MAINSTAT,CORE SOCIAL VARIABLES,Self-declared labour status,10 Employed,Everybody,"unalteredCountry-specific rule for MT: codes 40, 50, 60, 70 and 80 are put together into the category 'Other' (code 80) IT: code 40 is put together into the category 'Other' (code 80)",EHIS wave 3 anonymisation rules.docx,"table 2, row 47",OOXML table grid,EXTRACTED_UNREVIEWED
SRC-EHIS-W3-MARSTALEGAL,EHIS-W3-ANON-RULES,EHIS,3,MARSTALEGAL,CORE SOCIAL VARIABLES,Legal marital status,1 Never married and never been in a registered partnership,Everybody,unaltered,EHIS wave 3 anonymisation rules.docx,"table 2, row 75",OOXML table grid,EXTRACTED_UNREVIEWED
SRC-EHIS-W3-MD1,EHIS-W3-ANON-RULES,EHIS,3,MD1,Medicine use,Use of any medicines prescribed by a doctor during the past two weeks (excluding contraception),1 Yes,Everybody,unaltered,EHIS wave 3 anonymisation rules.docx,"table 2, row 453",OOXML table grid,EXTRACTED_UNREVIEWED
SRC-EHIS-W3-MD2,EHIS-W3-ANON-RULES,EHIS,3,MD2,Medicine use,"Use of any medicines, herbal medicines or vitamins not prescribed by a doctor during the past two weeks (excluding contraception)",1 Yes,Everybody,unaltered,EHIS wave 3 anonymisation rules.docx,"table 2, row 456",OOXML table grid,EXTRACTED_UNREVIEWED
SRC-EHIS-W3-MH1A,EHIS-W3-ANON-RULES,EHIS,3,MH1A,Mental health,Extent of having little interest or pleasure in doing things over the last 2 weeks,1 Not at all,Everybody,unalteredCountry-specific rule:• ES: variable removed,EHIS wave 3 anonymisation rules.docx,"table 2, row 375",OOXML table grid,EXTRACTED_UNREVIEWED
SRC-EHIS-W3-MH1B,EHIS-W3-ANON-RULES,EHIS,3,MH1B,Mental health,"Extent of feeling down, depressed or hopeless over the last 2 weeks",1 Not at all,Everybody,unalteredCountry-specific rule:• ES: variable removed,EHIS wave 3 anonymisation rules.docx,"table 2, row 380",OOXML table grid,EXTRACTED_UNREVIEWED
SRC-EHIS-W3-MH1C,EHIS-W3-ANON-RULES,EHIS,3,MH1C,Mental health,"Extent of having trouble falling or staying asleep, or sleeping too much over the last 2 weeks",1 Not at all,Everybody,unalteredCountry-specific rule:• ES: variable removed,EHIS wave 3 anonymisation rules.docx,"table 2, row 385",OOXML table grid,EXTRACTED_UNREVIEWED
SRC-EHIS-W3-MH1D,EHIS-W3-ANON-RULES,EHIS,3,MH1D,Mental health,Extent of feeling tired or having little energy over the last 2 weeks,1 Not at all,Everybody,unalteredCountry-specific rule:• ES: variable removed,EHIS wave 3 anonymisation rules.docx,"table 2, row 390",OOXML table grid,EXTRACTED_UNREVIEWED
SRC-EHIS-W3-MH1E,EHIS-W3-ANON-RULES,EHIS,3,MH1E,Mental health,Extent of having poor appetite or overeating over the last 2 weeks,1 Not at all,Everybody,unalteredCountry-specific rule:• ES: variable removed,EHIS wave 3 anonymisation rules.docx,"table 2, row 395",OOXML table grid,EXTRACTED_UNREVIEWED
SRC-EHIS-W3-MH1F,EHIS-W3-ANON-RULES,EHIS,3,MH1F,Mental health,"Extent of subject feeling negative about themselves, or feeling that they are a failure or have let themselves or their family down, over the last 2 weeks",1 Not at all,Everybody,unalteredCountry-specific rule:• ES: variable removed,EHIS wave 3 anonymisation rules.docx,"table 2, row 400",OOXML table grid,EXTRACTED_UNREVIEWED
SRC-EHIS-W3-MH1G,EHIS-W3-ANON-RULES,EHIS,3,MH1G,Mental health,"Extent of having trouble concentrating on things, such as reading the newspaper or watching television, over the last 2 weeks",1 Not at all,Everybody,unalteredCountry-specific rule:• ES: variable removed,EHIS wave 3 anonymisation rules.docx,"table 2, row 405",OOXML table grid,EXTRACTED_UNREVIEWED
SRC-EHIS-W3-MH1H,EHIS-W3-ANON-RULES,EHIS,3,MH1H,Mental health,"Extent of moving or speaking so slowly that other people could have noticed or being so fidgety or restless that they have been moving around a lot more than usual, over the last 2 weeks",1 Not at all,Everybody,unalteredCountry-specific rule:• ES: variable removed,EHIS wave 3 anonymisation rules.docx,"table 2, row 410",OOXML table grid,EXTRACTED_UNREVIEWED
SRC-EHIS-W3-PA1,EHIS-W3-ANON-RULES,EHIS,3,PA1,Preventive services,Last time of vaccination against flu,Month/year (YYYYMM),Everybody,"unalteredCountry-specific rule:• BG: Recoding:""1"" –too long ago “2” – Never ""3"" – within the past 12 months""-1"" – Not stated “-3” – Proxy",EHIS wave 3 anonymisation rules.docx,"table 2, row 461",OOXML table grid,EXTRACTED_UNREVIEWED
SRC-EHIS-W3-PA2,EHIS-W3-ANON-RULES,EHIS,3,PA2,Preventive services,Last time of blood pressure measurement by a health professional,1 Within the past 12 months,Everybody,unaltered,EHIS wave 3 anonymisation rules.docx,"table 2, row 463",OOXML table grid,EXTRACTED_UNREVIEWED
SRC-EHIS-W3-PA3,EHIS-W3-ANON-RULES,EHIS,3,PA3,Preventive services,Last time of blood cholesterol measurement by a health professional,1 Within the past 12 months,Everybody,unaltered,EHIS wave 3 anonymisation rules.docx,"table 2, row 469",OOXML table grid,EXTRACTED_UNREVIEWED
SRC-EHIS-W3-PA4,EHIS-W3-ANON-RULES,EHIS,3,PA4,Preventive services,Last time of blood sugar measurement by a health professional,1 Within the past 12 months,Everybody,unaltered,EHIS wave 3 anonymisation rules.docx,"table 2, row 475",OOXML table grid,EXTRACTED_UNREVIEWED
SRC-EHIS-W3-PA5,EHIS-W3-ANON-RULES,EHIS,3,PA5,Preventive services,Last time of a faecal occult blood test,1 Within the past 12 months,Everybody,unaltered,EHIS wave 3 anonymisation rules.docx,"table 2, row 481",OOXML table grid,EXTRACTED_UNREVIEWED
SRC-EHIS-W3-PA6,EHIS-W3-ANON-RULES,EHIS,3,PA6,Preventive services,Last time of a colonoscopy,1 Within the past 12 months,Everybody,unaltered,EHIS wave 3 anonymisation rules.docx,"table 2, row 487",OOXML table grid,EXTRACTED_UNREVIEWED
SRC-EHIS-W3-PA7,EHIS-W3-ANON-RULES,EHIS,3,PA7,Preventive services,Last time of a mammography (breast X-ray),1 Within the past 12 months,If SEX = 2,unaltered,EHIS wave 3 anonymisation rules.docx,"table 2, row 493",OOXML table grid,EXTRACTED_UNREVIEWED
SRC-EHIS-W3-PA8,EHIS-W3-ANON-RULES,EHIS,3,PA8,Preventive services,Last time of a cervical smear test,1 Within the past 12 months,If SEX = 2,unaltered,EHIS wave 3 anonymisation rules.docx,"table 2, row 501",OOXML table grid,EXTRACTED_UNREVIEWED
SRC-EHIS-W3-PARTNERS,EHIS-W3-ANON-RULES,EHIS,3,PARTNERS,CORE SOCIAL VARIABLES,Partners living in the same household,1 Person living with a legal or de facto partner,Everybody,unaltered,EHIS wave 3 anonymisation rules.docx,"table 2, row 72",OOXML table grid,EXTRACTED_UNREVIEWED
SRC-EHIS-W3-PC1A,EHIS-W3-ANON-RULES,EHIS,3,PC1A,Personal care activities,Difficulty in feeding yourself,1 No difficulty,if AGE >= 55,unaltered,EHIS wave 3 anonymisation rules.docx,"table 2, row 257",OOXML table grid,EXTRACTED_UNREVIEWED
SRC-EHIS-W3-PC1B,EHIS-W3-ANON-RULES,EHIS,3,PC1B,Personal care activities,Difficulty in getting in and out of a bed or chair,1 No difficulty,if AGE >= 55,unaltered,EHIS wave 3 anonymisation rules.docx,"table 2, row 263",OOXML table grid,EXTRACTED_UNREVIEWED
SRC-EHIS-W3-PC1C,EHIS-W3-ANON-RULES,EHIS,3,PC1C,Personal care activities,Difficulty in dressing and undressing,1 No difficulty,if AGE >= 55,unaltered,EHIS wave 3 anonymisation rules.docx,"table 2, row 270",OOXML table grid,EXTRACTED_UNREVIEWED
SRC-EHIS-W3-PC1D,EHIS-W3-ANON-RULES,EHIS,3,PC1D,Personal care activities,Difficulty in using toilets,1 No difficulty,if AGE >= 55,unaltered,EHIS wave 3 anonymisation rules.docx,"table 2, row 277",OOXML table grid,EXTRACTED_UNREVIEWED
SRC-EHIS-W3-PC1E,EHIS-W3-ANON-RULES,EHIS,3,PC1E,Personal care activities,Difficulty in bathing or showering,1 No difficulty,if AGE >= 55,unaltered,EHIS wave 3 anonymisation rules.docx,"table 2, row 284",OOXML table grid,EXTRACTED_UNREVIEWED
SRC-EHIS-W3-PC2,EHIS-W3-ANON-RULES,EHIS,3,PC2,Personal care activities,"Usually receiving help with one or more self-care activities: feeding yourself, getting in and out of a bed or chair, dressing and undressing, using toilets, bathing or showering","1 Yes, with at least one activity",if (AGE >= 55) and,unaltered,EHIS wave 3 anonymisation rules.docx,"table 2, row 291",OOXML table grid,EXTRACTED_UNREVIEWED
SRC-EHIS-W3-PC3,EHIS-W3-ANON-RULES,EHIS,3,PC3,Personal care activities,"Need to receive help or more help with one or more self-care activities: feeding yourself, getting in and out of a bed or chair, dressing and undressing, using toilets, bathing or showering","1 Yes, with at least one activity",if (AGE >= 55) and,unaltered,EHIS wave 3 anonymisation rules.docx,"table 2, row 296",OOXML table grid,EXTRACTED_UNREVIEWED
SRC-EHIS-W3-PE1,EHIS-W3-ANON-RULES,EHIS,3,PE1,Physical activity,Physical effort of working tasks (both paid and unpaid work activities included),1 Mostly sitting or standing,Everybody,unaltered,EHIS wave 3 anonymisation rules.docx,"table 2, row 548",OOXML table grid,EXTRACTED_UNREVIEWED
SRC-EHIS-W3-PE2,EHIS-W3-ANON-RULES,EHIS,3,PE2,Physical activity,Number of days in a typical week walking to get to and from places at least 10 minutes continuously,Number of days 1 – 7,Everybody,unaltered,EHIS wave 3 anonymisation rules.docx,"table 2, row 554",OOXML table grid,EXTRACTED_UNREVIEWED
SRC-EHIS-W3-PE3,EHIS-W3-ANON-RULES,EHIS,3,PE3,Physical activity,Time spent on walking to get to and from places on a typical day,1 10 – 29 minutes per day,if PE2 ≠ 0,unaltered,EHIS wave 3 anonymisation rules.docx,"table 2, row 557",OOXML table grid,EXTRACTED_UNREVIEWED
SRC-EHIS-W3-PE4,EHIS-W3-ANON-RULES,EHIS,3,PE4,Physical activity,Number of days in a typical week bicycling to get to and from places at least 10 minutes continuously,Number of days 1 – 7,Everybody,unaltered,EHIS wave 3 anonymisation rules.docx,"table 2, row 565",OOXML table grid,EXTRACTED_UNREVIEWED
SRC-EHIS-W3-PE5,EHIS-W3-ANON-RULES,EHIS,3,PE5,Physical activity,Time spent on bicycling to get to and from places on a typical day,1 10 – 29 minutes per day,if PE4 ≠ 0,unaltered,EHIS wave 3 anonymisation rules.docx,"table 2, row 568",OOXML table grid,EXTRACTED_UNREVIEWED
SRC-EHIS-W3-PE6,EHIS-W3-ANON-RULES,EHIS,3,PE6,Physical activity,"Number of days in a typical week doing sports, fitness or recreational (leisure) physical activities that cause at least a small increase in breathing or heart rate for at least 10 minutes continuously",Number of days 1 – 7,Everybody,unaltered,EHIS wave 3 anonymisation rules.docx,"table 2, row 575",OOXML table grid,EXTRACTED_UNREVIEWED
SRC-EHIS-W3-PE7,EHIS-W3-ANON-RULES,EHIS,3,PE7,Physical activity,"Time spent on doing sports, fitness or recreational (leisure) physical activities in a typical week",HHMM (hours/minutes),if PE6 ≠ 0,unaltered,EHIS wave 3 anonymisation rules.docx,"table 2, row 578",OOXML table grid,EXTRACTED_UNREVIEWED
SRC-EHIS-W3-PE8,EHIS-W3-ANON-RULES,EHIS,3,PE8,Physical activity,Number of days in a typical week doing muscle-strengthening activities,Number of days 1 – 7,Everybody,unaltered,EHIS wave 3 anonymisation rules.docx,"table 2, row 581",OOXML table grid,EXTRACTED_UNREVIEWED
SRC-EHIS-W3-PE9,EHIS-W3-ANON-RULES,EHIS,3,PE9,Physical activity,Time spent sitting on a typical day,HHMM (hours/minutes),Everybody,unaltered,EHIS wave 3 anonymisation rules.docx,"table 2, row 584",OOXML table grid,EXTRACTED_UNREVIEWED
SRC-EHIS-W3-PID,EHIS-W3-ANON-RULES,EHIS,3,PID,TECHNICAL SURVEY VARIABLES,Identification number of respondent,10-digit number,Everybody,unaltered,EHIS wave 3 anonymisation rules.docx,"table 1, row 3",OOXML table grid,EXTRACTED_UNREVIEWED
SRC-EHIS-W3-PL1,EHIS-W3-ANON-RULES,EHIS,3,PL1,Functional limitations,Wearing glasses or contact lenses,1 Yes,Everybody,"codes 2 and 3 put together as code 2 ""No""",EHIS wave 3 anonymisation rules.docx,"table 2, row 206",OOXML table grid,EXTRACTED_UNREVIEWED
SRC-EHIS-W3-PL2,EHIS-W3-ANON-RULES,EHIS,3,PL2,Functional limitations,"Difficulty in seeing, even when wearing glasses or contact lenses",1 No difficulty,If PL1 = 1 or 2 or -1,"recoding: for blind people (code 3 in PL1), code 4 is used",EHIS wave 3 anonymisation rules.docx,"table 2, row 210",OOXML table grid,EXTRACTED_UNREVIEWED
SRC-EHIS-W3-PL3,EHIS-W3-ANON-RULES,EHIS,3,PL3,Functional limitations,Use of a hearing aid,1 Yes,Everybody,"codes 2 and 3 put together as code 2 ""No""",EHIS wave 3 anonymisation rules.docx,"table 2, row 217",OOXML table grid,EXTRACTED_UNREVIEWED
SRC-EHIS-W3-PL4,EHIS-W3-ANON-RULES,EHIS,3,PL4,Functional limitations,Difficulty in hearing what is said in a conversation with one other person in a quiet room even when using a hearing aid,1 No difficulty,If PL3 = 1 or 2 or -1,"recoding: for deaf people (code 3 in PL3), code 4 is used",EHIS wave 3 anonymisation rules.docx,"table 2, row 222",OOXML table grid,EXTRACTED_UNREVIEWED
SRC-EHIS-W3-PL5,EHIS-W3-ANON-RULES,EHIS,3,PL5,Functional limitations,Difficulty in hearing what is said in a conversation with one other person in a noisier room even when using a hearing aid,1 No difficulty,If PL3 = 1 or 2 or -1,"recoding: for deaf people (code 3 in PL3), code 4 is used",EHIS wave 3 anonymisation rules.docx,"table 2, row 229",OOXML table grid,EXTRACTED_UNREVIEWED
SRC-EHIS-W3-PL6,EHIS-W3-ANON-RULES,EHIS,3,PL6,Functional limitations,Difficulty in walking half a km on level ground without the use of any aid,1 No difficulty,Everybody,unaltered,EHIS wave 3 anonymisation rules.docx,"table 2, row 236",OOXML table grid,EXTRACTED_UNREVIEWED
SRC-EHIS-W3-PL7,EHIS-W3-ANON-RULES,EHIS,3,PL7,Functional limitations,Difficulty in walking up or down 12 steps,1 No difficulty,Everybody,unaltered,EHIS wave 3 anonymisation rules.docx,"table 2, row 241",OOXML table grid,EXTRACTED_UNREVIEWED
SRC-EHIS-W3-PL8,EHIS-W3-ANON-RULES,EHIS,3,PL8,Functional limitations,Difficulty in remembering or concentrating,1 No difficulty,Everybody,unaltered,EHIS wave 3 anonymisation rules.docx,"table 2, row 246",OOXML table grid,EXTRACTED_UNREVIEWED
SRC-EHIS-W3-PL9,EHIS-W3-ANON-RULES,EHIS,3,PL9,Functional limitations,Difficulty biting and chewing on hard foods,1 No difficulty,if AGE >= 55,unaltered,EHIS wave 3 anonymisation rules.docx,"table 2, row 251",OOXML table grid,EXTRACTED_UNREVIEWED
SRC-EHIS-W3-PN1,EHIS-W3-ANON-RULES,EHIS,3,PN1,Pain,Intensity of bodily pain during the past 4 weeks,1 None,Everybody,unaltered,EHIS wave 3 anonymisation rules.docx,"table 2, row 361",OOXML table grid,EXTRACTED_UNREVIEWED
SRC-EHIS-W3-PN2,EHIS-W3-ANON-RULES,EHIS,3,PN2,Pain,Extent that pain interfered with normal work during the past 4 weeks (including both work outside the home and housework),1 Not at all,Everybody,unaltered,EHIS wave 3 anonymisation rules.docx,"table 2, row 368",OOXML table grid,EXTRACTED_UNREVIEWED
SRC-EHIS-W3-PRIMSTRAT,EHIS-W3-ANON-RULES,EHIS,3,PRIMSTRAT,TECHNICAL SURVEY VARIABLES,Primary strata as used in the selection of the sample,0001 – 9999,Everybody,removed,EHIS wave 3 anonymisation rules.docx,"table 1, row 7",OOXML table grid,EXTRACTED_UNREVIEWED
SRC-EHIS-W3-PROXY,EHIS-W3-ANON-RULES,EHIS,3,PROXY,TECHNICAL SURVEY VARIABLES,Was the selected person interviewed or someone else (proxy interview),1 Person himself/herself,Everybody,unaltered,EHIS wave 3 anonymisation rules.docx,"table 1, row 15",OOXML table grid,EXTRACTED_UNREVIEWED
SRC-EHIS-W3-REFDATE,EHIS-W3-ANON-RULES,EHIS,3,REFDATE,TECHNICAL SURVEY VARIABLES,Reference date of the interview,8 digits (YYYYMMDD),Everybody,"Only YYYYMM kept (DD removed) Country-specific rule for:• ES: REFDATE removed • MT and IE: 5th and 6th digits of REFDATE changed to represent quarters (01, 02, 03, 04)",EHIS wave 3 anonymisation rules.docx,"table 1, row 19",OOXML table grid,EXTRACTED_UNREVIEWED
SRC-EHIS-W3-REGION,EHIS-W3-ANON-RULES,EHIS,3,REGION,CORE SOCIAL VARIABLES,Region of residence,Coding according to NUTS at 2-digit level,Everybody,"unaltered for BE, BG, CZ, DK, DE, EE, IE, ES, HR, HU, IT, LT, AT, PL, PT, SI, SK, FI, SE, RS and removed for all other countries",EHIS wave 3 anonymisation rules.docx,"table 2, row 20",OOXML table grid,EXTRACTED_UNREVIEWED
SRC-EHIS-W3-SEX,EHIS-W3-ANON-RULES,EHIS,3,SEX,CORE SOCIAL VARIABLES,Sex of respondent,1 Male,Everybody,unaltered,EHIS wave 3 anonymisation rules.docx,"table 2, row 13",OOXML table grid,EXTRACTED_UNREVIEWED
SRC-EHIS-W3-SK1,EHIS-W3-ANON-RULES,EHIS,3,SK1,Smoking,Type of tobacco smoking behaviour,1 Daily smoking,Everybody,unaltered,EHIS wave 3 anonymisation rules.docx,"table 2, row 622",OOXML table grid,EXTRACTED_UNREVIEWED
SRC-EHIS-W3-SK2,EHIS-W3-ANON-RULES,EHIS,3,SK2,Smoking,Average number of cigarettes a day,Number 0 – 99,if SK1 = 1,unalteredCountry-specific rule:• IT: top coding is 60 or more• SK and IS: top coding is 20 or more,EHIS wave 3 anonymisation rules.docx,"table 2, row 627",OOXML table grid,EXTRACTED_UNREVIEWED
SRC-EHIS-W3-SK3,EHIS-W3-ANON-RULES,EHIS,3,SK3,Smoking,Former daily tobacco smoking,1 Yes,"if SK1 = 2, 3 or -1",unaltered,EHIS wave 3 anonymisation rules.docx,"table 2, row 630",OOXML table grid,EXTRACTED_UNREVIEWED
SRC-EHIS-W3-SK4,EHIS-W3-ANON-RULES,EHIS,3,SK4,Smoking,Number of years of daily tobacco smoking,Number 0 – 99,"if SK1 = 1 or (SK1 = 2, 3 or -1 and SK3 = 1)",unaltered,EHIS wave 3 anonymisation rules.docx,"table 2, row 634",OOXML table grid,EXTRACTED_UNREVIEWED
SRC-EHIS-W3-SK5,EHIS-W3-ANON-RULES,EHIS,3,SK5,Smoking,Frequency of exposure to tobacco smoke indoors,"1 Every day, 1 hour or more a day",Everybody,unaltered,EHIS wave 3 anonymisation rules.docx,"table 2, row 637",OOXML table grid,EXTRACTED_UNREVIEWED
SRC-EHIS-W3-SK6,EHIS-W3-ANON-RULES,EHIS,3,SK6,Smoking,Type of electronic cigarettes or similar electronic devices behaviour,1 Daily vaping,Everybody,unaltered,EHIS wave 3 anonymisation rules.docx,"table 2, row 643",OOXML table grid,EXTRACTED_UNREVIEWED
SRC-EHIS-W3-SS1,EHIS-W3-ANON-RULES,EHIS,3,SS1,Social support,Number of close people to count on in case of serious personal problems,1 None,Everybody,unaltered,EHIS wave 3 anonymisation rules.docx,"table 2, row 705",OOXML table grid,EXTRACTED_UNREVIEWED
SRC-EHIS-W3-SS2,EHIS-W3-ANON-RULES,EHIS,3,SS2,Social support,Degree of concern shown by other people in what the person is doing,1 A lot of concern and interest,Everybody,unaltered,EHIS wave 3 anonymisation rules.docx,"table 2, row 710",OOXML table grid,EXTRACTED_UNREVIEWED
SRC-EHIS-W3-SS3,EHIS-W3-ANON-RULES,EHIS,3,SS3,Social support,How easy is it to get practical help from neighbours in case of need,1 Very easy,Everybody,unaltered,EHIS wave 3 anonymisation rules.docx,"table 2, row 716",OOXML table grid,EXTRACTED_UNREVIEWED
SRC-EHIS-W3-SU,EHIS-W3-ANON-RULES,EHIS,3,SU,TECHNICAL SURVEY VARIABLES,Primary sampling units as used in the selection of the sample,0001 – 9999,Everybody,removed,EHIS wave 3 anonymisation rules.docx,"table 1, row 9",OOXML table grid,EXTRACTED_UNREVIEWED
SRC-EHIS-W3-UN1A,EHIS-W3-ANON-RULES,EHIS,3,UN1A,Unmet needs for health care,Unmet need for health care in the past 12 months due to long waiting list(s),1 Yes,Everybody,unaltered,EHIS wave 3 anonymisation rules.docx,"table 2, row 509",OOXML table grid,EXTRACTED_UNREVIEWED
SRC-EHIS-W3-UN1B,EHIS-W3-ANON-RULES,EHIS,3,UN1B,Unmet needs for health care,Unmet need for health care in the past 12 months due to distance or transportation problems,1 Yes,Everybody,unaltered,EHIS wave 3 anonymisation rules.docx,"table 2, row 513",OOXML table grid,EXTRACTED_UNREVIEWED
SRC-EHIS-W3-UN2A,EHIS-W3-ANON-RULES,EHIS,3,UN2A,Unmet needs for health care,Could not afford medical examination or treatment in the past 12 months,1 Yes,Everybody,unaltered,EHIS wave 3 anonymisation rules.docx,"table 2, row 517",OOXML table grid,EXTRACTED_UNREVIEWED
SRC-EHIS-W3-UN2B,EHIS-W3-ANON-RULES,EHIS,3,UN2B,Unmet needs for health care,Could not afford dental examination or treatment in the past 12 months,1 Yes,Everybody,unaltered,EHIS wave 3 anonymisation rules.docx,"table 2, row 521",OOXML table grid,EXTRACTED_UNREVIEWED
SRC-EHIS-W3-UN2C,EHIS-W3-ANON-RULES,EHIS,3,UN2C,Unmet needs for health care,Could not afford prescribed medicines in the past 12 months,1 Yes,Everybody,unaltered,EHIS wave 3 anonymisation rules.docx,"table 2, row 526",OOXML table grid,EXTRACTED_UNREVIEWED
SRC-EHIS-W3-UN2D,EHIS-W3-ANON-RULES,EHIS,3,UN2D,Unmet needs for health care,"Could not afford mental health care (by a psychologist, psychortherapist or a psychiatrist for example) in the past 12 months",1 Yes,Everybody,unaltered,EHIS wave 3 anonymisation rules.docx,"table 2, row 531",OOXML table grid,EXTRACTED_UNREVIEWED
SRC-EHIS-W3-WGT,EHIS-W3-ANON-RULES,EHIS,3,WGT,TECHNICAL SURVEY VARIABLES,Final individual weight,Number 5.3,Everybody,unaltered,EHIS wave 3 anonymisation rules.docx,"table 1, row 11",OOXML table grid,EXTRACTED_UNREVIEWED
SRC-EHIS-W3-WGT_SPEC,EHIS-W3-ANON-RULES,EHIS,3,WGT_SPEC,TECHNICAL SURVEY VARIABLES,Final special individual weight,Number 5.3,Everybody,unaltered,EHIS wave 3 anonymisation rules.docx,"table 1, row 13",OOXML table grid,EXTRACTED_UNREVIEWED
