source_variable_id,source_id,survey,cycle,original_name,population_asked,variable_type,variable_label,answer_values_and_codes,missing_n,missing_pct,distinct_n,min,max,example,country_specific_notes,codebook_name,codebook_label,codebook_variable_type,codebook_remarks,codebook_match_status,source_document,source_sheet,dictionary_source_row,codebook_source_row,review_status
SRC-PARIS-C1-PATIENT_SERIAL,PARIS-C1-PUF202605-CODEBOOK,PaRIS,1,Patient_serial,ASK ALL,character,Unique patient pseudonomised ID,,0,0,82275,,,4BE125919PUF202605288360,,Patient_serial,Unique patient pseudonomised ID,String,,MATCHED,paris-cycle1-puf-codebook-202605-v0.xlsx,PUF_DataDictionary,2,2,EXTRACTED_UNREVIEWED
SRC-PARIS-C1-PRACTICE_SERIAL,PARIS-C1-PUF202605-CODEBOOK,PaRIS,1,Practice_serial,ASK ALL,factor,Unique practice pseudonomised ID,3AU10016; 3AU10026; 3AU10038; 3AU10075; 3AU10132; 3AU10150; 3AU10169; 3AU10211; 3AU10267; 3AU10356; 3AU10371; 3AU10708; 3AU10711; 3AU10811; 3AU10882; 3AU10974; 3AU10995; 3AU11064; 3AU11140; 3AU11154; 3AU11161; 3AU11173; 3AU11230; 3AU11415; 3AU11492; 3AU11709; 3AU11744; 3AU11758; 3BE12599; 3BE12600; 3BE12617; 3BE12624; 3BE12634; 3BE12655; 3BE12671; 3BE12708; 3BE12716; 3BE12741; 3BE12752; 3BE12761; 3BE12776; 3BE12792; 3BE12806; 3BE12810; 3BE12821; 3BE12839; 3BE12843; 3BE12855; 3BE12878; 3BE12886 … (+1557 more),0,0,1221,,,3BE12599,,Practice_serial,Unique practice pseudonomised ID,String,,MATCHED,paris-cycle1-puf-codebook-202605-v0.xlsx,PUF_DataDictionary,3,4,EXTRACTED_UNREVIEWED
SRC-PARIS-C1-COUNTRY,PARIS-C1-PUF202605-CODEBOOK,PaRIS,1,Country,ASK ALL,numeric,Country survey completed in,Australia = 1; Belgium = 2; Canada = 3; Czechia = 4; France = 5; Greece = 6; Iceland = 7; Italy = 8; Luxembourg = 9; Netherlands = 10; Norway = 11; Portugal = 12; Romania = 13; Saudi Arabia = 14; Slovenia = 15; Spain = 16; Switzerland = 17; USA = 18; Wales = 19,0,0,15,2,19,2,,Country,Country survey completed in,Numeric,,MATCHED,paris-cycle1-puf-codebook-202605-v0.xlsx,PUF_DataDictionary,4,6,EXTRACTED_UNREVIEWED
SRC-PARIS-C1-DATACOLLECTION_STARTTIME,PARIS-C1-PUF202605-CODEBOOK,PaRIS,1,DataCollection_StartTime,ASK ALL,datetime,Month and year interview started - reference set to first of the month,,22548,27.41,12,2023-05-01,2024-04-01,2023-09-01,,DataCollection_StartTime,Date interview started,double,Collapsed to month/year,MATCHED,paris-cycle1-puf-codebook-202605-v0.xlsx,PUF_DataDictionary,5,27,EXTRACTED_UNREVIEWED
SRC-PARIS-C1-DATACOLLECTION_FINISHTIME,PARIS-C1-PUF202605-CODEBOOK,PaRIS,1,DataCollection_FinishTime,ASK ALL,datetime,Month and year interview finished - reference set to first of the month,,22583,27.45,12,2023-05-01,2024-04-01,2023-09-01,,DataCollection_FinishTime,Date interview finished,double,Collapsed to month/year,MATCHED,paris-cycle1-puf-codebook-202605-v0.xlsx,PUF_DataDictionary,6,29,EXTRACTED_UNREVIEWED
SRC-PARIS-C1-Q_GLOBAL01,PARIS-C1-PUF202605-CODEBOOK,PaRIS,1,q_global01,ASK ALL,numeric,"In general, would you say your health is:",Not answered = -97; Multiple answers = -96; Question not asked = -95; Excellent = 1; Very good = 2; Good = 3; Fair = 4; Poor = 5; NA = 6,305,0.37,5,1,5,4,,q_global01,"In general, would you say your health is:",Numeric,,MATCHED,paris-cycle1-puf-codebook-202605-v0.xlsx,PUF_DataDictionary,7,32,EXTRACTED_UNREVIEWED
SRC-PARIS-C1-Q_GLOBAL02,PARIS-C1-PUF202605-CODEBOOK,PaRIS,1,q_global02,ASK ALL,numeric,"In general, would you say your quality of life is:",Not answered = -97; Multiple answers = -96; Question not asked = -95; Excellent = 1; Very good = 2; Good = 3; Fair = 4; Poor = 5; NA = 6,398,0.48,5,1,5,3,,q_global02,"In general, would you say your quality of life is:",Numeric,,MATCHED,paris-cycle1-puf-codebook-202605-v0.xlsx,PUF_DataDictionary,8,43,EXTRACTED_UNREVIEWED
SRC-PARIS-C1-Q_GLOBAL03,PARIS-C1-PUF202605-CODEBOOK,PaRIS,1,q_global03,ASK ALL,numeric,"In general, how would you rate your physical health?",Not answered = -97; Multiple answers = -96; Question not asked = -95; Excellent = 1; Very good = 2; Good = 3; Fair = 4; Poor = 5; NA = 6,478,0.57999999999999996,5,1,5,5,,q_global03,"In general, how would you rate your physical health?",Numeric,,MATCHED,paris-cycle1-puf-codebook-202605-v0.xlsx,PUF_DataDictionary,9,54,EXTRACTED_UNREVIEWED
SRC-PARIS-C1-Q_GLOBAL04,PARIS-C1-PUF202605-CODEBOOK,PaRIS,1,q_global04,ASK ALL,numeric,"In general, how would you rate your mental health, including your mood and your ability to think?",Not answered = -97; Multiple answers = -96; Question not asked = -95; Excellent = 1; Very good = 2; Good = 3; Fair = 4; Poor = 5; NA = 6,573,0.7,5,1,5,1,,q_global04,"In general, how would you rate your mental health, including your mood and your ability to think?",Numeric,,MATCHED,paris-cycle1-puf-codebook-202605-v0.xlsx,PUF_DataDictionary,10,65,EXTRACTED_UNREVIEWED
SRC-PARIS-C1-Q_GLOBAL05,PARIS-C1-PUF202605-CODEBOOK,PaRIS,1,q_global05,ASK ALL,numeric,"In general, how would you rate your satisfaction with your social activities and relationships?",Not answered = -97; Multiple answers = -96; Question not asked = -95; Excellent = 1; Very good = 2; Good = 3; Fair = 4; Poor = 5; NA = 6,737,0.9,5,1,5,1,,q_global05,"In general, how would you rate your satisfaction with your social activities and relationships?",Numeric,,MATCHED,paris-cycle1-puf-codebook-202605-v0.xlsx,PUF_DataDictionary,11,76,EXTRACTED_UNREVIEWED
SRC-PARIS-C1-Q_GLOBAL9R,PARIS-C1-PUF202605-CODEBOOK,PaRIS,1,q_global9r,ASK ALL,numeric,"In general, please rate how well you carry out your usual social activities and roles. (This includes activities at home, at work and in your community, and responsibilities as a parent, child, spouse, employee, friend, etc.)",Not answered = -97; Multiple answers = -96; Question not asked = -95; Excellent = 1; Very good = 2; Good = 3; Fair = 4; Poor = 5; NA = 6,955,1.1599999999999999,5,1,5,3,,q_global9r,"In general, please rate how well you carry out your usual social activities and roles. (This includes activities at home, at work and in your community, and responsibilities as a parent, child, spouse, employee, friend, etc.)",Numeric,,MATCHED,paris-cycle1-puf-codebook-202605-v0.xlsx,PUF_DataDictionary,12,87,EXTRACTED_UNREVIEWED
SRC-PARIS-C1-Q_GLOBAL06,PARIS-C1-PUF202605-CODEBOOK,PaRIS,1,Q_GLOBAL06,ASK ALL,numeric,"To what extent are you able to carry out your everyday physical activities such as walking, climbing stairs, carrying groceries, or moving a chair?",Not answered = -97; Multiple answers = -96; Question not asked = -95; Completely = 1; Mostly = 2; Moderately = 3; A little = 4; Not at all = 5; NA = 6,842,1.02,5,1,5,4,,Q_GLOBAL06,"To what extent are you able to carry out your everyday physical activities such as walking, climbing stairs, carrying groceries, or moving a chair?",Numeric,,MATCHED,paris-cycle1-puf-codebook-202605-v0.xlsx,PUF_DataDictionary,13,98,EXTRACTED_UNREVIEWED
SRC-PARIS-C1-PROMISDYSCB001,PARIS-C1-PUF202605-CODEBOOK,PaRIS,1,PROMISDYSCB001,ASK ALL,numeric,"In the past 7 days, I have been short of breath",Not answered = -97; Multiple answers = -96; Question not asked = -95; Not at all = 1; A little bit = 2; Somewhat = 3; Quite a bit = 4; Very much = 5; NA = 6,966,1.17,5,1,5,4,,PROMISDYSCB001,"In the past 7 days, I have been short of breath",Numeric,,MATCHED,paris-cycle1-puf-codebook-202605-v0.xlsx,PUF_DataDictionary,14,109,EXTRACTED_UNREVIEWED
SRC-PARIS-C1-Q_GLOBAL08R,PARIS-C1-PUF202605-CODEBOOK,PaRIS,1,Q_GLOBAL08R,ASK ALL,numeric,"In the past 7 days, how would you rate your fatigue on average?",Not answered = -97; Multiple answers = -96; Question not asked = -95; None = 1; Mild = 2; Moderate = 3; Severe = 4; Very severe = 5; NA = 6,1054,1.28,5,1,5,4,,Q_GLOBAL08R,"In the past 7 days, how would you rate your fatigue on average?",Numeric,,MATCHED,paris-cycle1-puf-codebook-202605-v0.xlsx,PUF_DataDictionary,15,120,EXTRACTED_UNREVIEWED
SRC-PARIS-C1-Q_PROMISPAIN,PARIS-C1-PUF202605-CODEBOOK,PaRIS,1,Q_PROMISPAIN,ASK ALL,numeric,"In the past 7 days, how much did pain interfere with your day to day activities?",Not answered = -97; Multiple answers = -96; Question not asked = -95; Not at all = 1; A little bit = 2; Somewhat = 3; Quite a bit = 4; Very much = 5; NA = 6,1048,1.27,5,1,5,4,,Q_PROMISPAIN,"In the past 7 days, how much did pain interfere with your day to day activities?",Numeric,,MATCHED,paris-cycle1-puf-codebook-202605-v0.xlsx,PUF_DataDictionary,16,131,EXTRACTED_UNREVIEWED
SRC-PARIS-C1-Q_GLOBAL07R,PARIS-C1-PUF202605-CODEBOOK,PaRIS,1,Q_GLOBAL07R,ASK ALL,numeric,"In the past 7 days, how would you rate your pain on average?",Not answered = -97; Multiple answers = -96; Question not asked = -95; 0 - No pain = 0; 10 - Worst imaginable pain = 10,1237,1.5,11,0,10,8,,Q_GLOBAL07R,"In the past 7 days, how would you rate your pain on average?",Numeric,,MATCHED,paris-cycle1-puf-codebook-202605-v0.xlsx,PUF_DataDictionary,17,142,EXTRACTED_UNREVIEWED
SRC-PARIS-C1-Q_GLOBAL10R,PARIS-C1-PUF202605-CODEBOOK,PaRIS,1,Q_GLOBAL10R,ASK ALL,numeric,"In the past 7 days, how often have you been bothered by emotional problems such as feeling anxious, depressed or irritable?",Not answered = -97; Multiple answers = -96; Question not asked = -95; Never = 1; Rarely = 2; Sometimes = 3; Often = 4; Always = 5; NA = 6,1807,2.2000000000000002,5,1,5,2,,Q_GLOBAL10R,"In the past 7 days, how often have you been bothered by emotional problems such as feeling anxious, depressed or irritable?",Numeric,,MATCHED,paris-cycle1-puf-codebook-202605-v0.xlsx,PUF_DataDictionary,18,150,EXTRACTED_UNREVIEWED
SRC-PARIS-C1-QWHO5_A,PARIS-C1-PUF202605-CODEBOOK,PaRIS,1,QWHO5_A,ASK ALL,numeric,For the next few questions please think about how you have been feeling over the last two weeks: I have felt cheerful and in good spirits,Not answered = -97; Multiple answers = -96; Question not asked = -95; All of the time = 1; Most of the time = 2; More than half of the time = 3; Less than half of the time = 4; Some of the time = 5; At no time = 6; NA = 7,1341,1.63,6,1,6,2,,QWHO5_A,For the next few questions please think about how you have been feeling over the last two weeks: I have felt cheerful and in good spirits,Numeric,,MATCHED,paris-cycle1-puf-codebook-202605-v0.xlsx,PUF_DataDictionary,19,162,EXTRACTED_UNREVIEWED
SRC-PARIS-C1-QWHO5_B,PARIS-C1-PUF202605-CODEBOOK,PaRIS,1,QWHO5_B,ASK ALL,numeric,For the next few questions please think about how you have been feeling over the last two weeks: I have felt calm and relaxed,Not answered = -97; Multiple answers = -96; Question not asked = -95; All of the time = 1; Most of the time = 2; More than half of the time = 3; Less than half of the time = 4; Some of the time = 5; At no time = 6; NA = 7,1401,1.7,6,1,6,4,,QWHO5_B,For the next few questions please think about how you have been feeling over the last two weeks: I have felt calm and relaxed,Numeric,,MATCHED,paris-cycle1-puf-codebook-202605-v0.xlsx,PUF_DataDictionary,20,173,EXTRACTED_UNREVIEWED
SRC-PARIS-C1-QWHO5_C,PARIS-C1-PUF202605-CODEBOOK,PaRIS,1,QWHO5_C,ASK ALL,numeric,For the next few questions please think about how you have been feeling over the last two weeks: I have felt active and vigorous,Not answered = -97; Multiple answers = -96; Question not asked = -95; All of the time = 1; Most of the time = 2; More than half of the time = 3; Less than half of the time = 4; Some of the time = 5; At no time = 6; NA = 7,1470,1.79,6,1,6,4,,QWHO5_C,For the next few questions please think about how you have been feeling over the last two weeks: I have felt active and vigorous,Numeric,,MATCHED,paris-cycle1-puf-codebook-202605-v0.xlsx,PUF_DataDictionary,21,184,EXTRACTED_UNREVIEWED
SRC-PARIS-C1-QWHO5_D,PARIS-C1-PUF202605-CODEBOOK,PaRIS,1,QWHO5_D,ASK ALL,numeric,For the next few questions please think about how you have been feeling over the last two weeks: My daily life has been filled with things that interest me,Not answered = -97; Multiple answers = -96; Question not asked = -95; All of the time = 1; Most of the time = 2; More than half of the time = 3; Less than half of the time = 4; Some of the time = 5; At no time = 6; NA = 7,1726,2.1,6,1,6,2,,QWHO5_D,For the next few questions please think about how you have been feeling over the last two weeks: My daily life has been filled with things that interest me,Numeric,,MATCHED,paris-cycle1-puf-codebook-202605-v0.xlsx,PUF_DataDictionary,22,195,EXTRACTED_UNREVIEWED
SRC-PARIS-C1-QWHO5_E,PARIS-C1-PUF202605-CODEBOOK,PaRIS,1,QWHO5_E,ASK ALL,numeric,For the next few questions please think about how you have been feeling over the last two weeks: I woke up feeling fresh and rested,Not answered = -97; Multiple answers = -96; Question not asked = -95; All of the time = 1; Most of the time = 2; More than half of the time = 3; Less than half of the time = 4; Some of the time = 5; At no time = 6; NA = 7,1665,2.02,6,1,6,4,,QWHO5_E,For the next few questions please think about how you have been feeling over the last two weeks: I woke up feeling fresh and rested,Numeric,,MATCHED,paris-cycle1-puf-codebook-202605-v0.xlsx,PUF_DataDictionary,23,206,EXTRACTED_UNREVIEWED
SRC-PARIS-C1-Q_EXERCISE,PARIS-C1-PUF202605-CODEBOOK,PaRIS,1,Q_EXERCISE,ASK ALL,numeric,"In the past week, on how many days did you do at least 30 minutes of either vigorous or moderate activity - such as running, swimming, riding a bike, brisk walking, or dancing - Vigorous physical activities typically make you breathe much harder than normal, whereas moderate activities make you breathe somewhat harder than normal.",Not answered = -97; Multiple answers = -96; Question not asked = -95; Every day = 1; 5 to 6 days = 2; 3 to 4 days = 3; 1 to 2 days = 4; I did not do any vigorous or moderate activity in the past week = 5; Not sure = 6; NA = 7,1789,2.17,6,1,6,5,,Q_EXERCISE,"In the past week, on how many days did you do at least 30 minutes of either vigorous or moderate activity (such as running, swimming, riding a bike, brisk walking, or dancing)? Vigorous physical activities typically make you breathe much harder than normal, whereas moderate activities make you breathe somewhat harder than normal.",Numeric,,MATCHED,paris-cycle1-puf-codebook-202605-v0.xlsx,PUF_DataDictionary,24,218,EXTRACTED_UNREVIEWED
SRC-PARIS-C1-Q_ADVPHYSACT,PARIS-C1-PUF202605-CODEBOOK,PaRIS,1,Q_ADVPHYSACT,ASK ALL,numeric,"In the past 12 months, has any health care professional talked with you about your physical activity?",Not answered = -97; Multiple answers = -96; Question not asked = -95; Yes = 1; No = 2; Not sure = 3; NA = 4,1793,2.1800000000000002,3,1,3,1,,Q_ADVPHYSACT,"In the past 12 months, has any health care professional talked with you about your physical activity?",Numeric,,MATCHED,paris-cycle1-puf-codebook-202605-v0.xlsx,PUF_DataDictionary,25,231,EXTRACTED_UNREVIEWED
SRC-PARIS-C1-Q_EHISFR,PARIS-C1-PUF202605-CODEBOOK,PaRIS,1,Q_EHISFR,ASK ALL,numeric,"How often do you eat fruit, excluding juice squeezed from fresh fruit or madefrom concentrate?",Not answered = -97; Multiple answers = -96; Question not asked = -95; More than once a day = 1; Once a day = 2; 4 to 6 days a week = 3; 1 to 3 days a week = 4; Less than once a week = 5; Never = 6; NA = 7,1770,2.15,6,1,6,5,,Q_EHISFR,"How often do you eat fruit, excluding juice squeezed from fresh fruit or madefrom concentrate?",Numeric,,MATCHED,paris-cycle1-puf-codebook-202605-v0.xlsx,PUF_DataDictionary,26,240,EXTRACTED_UNREVIEWED
SRC-PARIS-C1-Q_EHISVG,PARIS-C1-PUF202605-CODEBOOK,PaRIS,1,Q_EHISVG,ASK ALL,numeric,"How often do you eat vegetables or salad, excluding potatoes and fresh juice or juice made from concentrate?",Not answered = -97; Multiple answers = -96; Question not asked = -95; More than once a day = 1; Once a day = 2; 4 to 6 days a week = 3; 1 to 3 days a week = 4; Less than once a week = 5; Never = 6; NA = 7,1793,2.1800000000000002,6,1,6,2,,Q_EHISVG,"How often do you eat vegetables or salad, excluding potatoes and fresh juice or juice made from concentrate?",Numeric,,MATCHED,paris-cycle1-puf-codebook-202605-v0.xlsx,PUF_DataDictionary,27,252,EXTRACTED_UNREVIEWED
SRC-PARIS-C1-Q_ADVDIET,PARIS-C1-PUF202605-CODEBOOK,PaRIS,1,Q_ADVDIET,ASK ALL,numeric,"In the past 12 months, has any health care professional talked with you about healthy eating?",Not answered = -97; Multiple answers = -96; Question not asked = -95; Yes = 1; No = 2; Not sure = 3; NA = 4,1836,2.23,3,1,3,2,,Q_ADVDIET,"In the past 12 months, has any health care professional talked with you about healthy eating?",Numeric,,MATCHED,paris-cycle1-puf-codebook-202605-v0.xlsx,PUF_DataDictionary,28,264,EXTRACTED_UNREVIEWED
SRC-PARIS-C1-Q_EHISSK01,PARIS-C1-PUF202605-CODEBOOK,PaRIS,1,Q_EHISSK01,ASK ALL,numeric,Do you smoke any tobacco products (excluding electronic cigarettes or similar electronic devices)?,"Not answered = -97; Multiple answers = -96; Question not asked = -95; Yes, daily = 1; Yes, occasionally = 2; Not at all = 3; NA = 4",6140,7.46,3,1,3,3,All answers on Q_EHISSK01 in the US have been coded as missing to avoid identification,Q_EHISSK01,Do you smoke any tobacco products (excluding electronic cigarettes or similar electronic devices)?,Numeric,,MATCHED,paris-cycle1-puf-codebook-202605-v0.xlsx,PUF_DataDictionary,29,273,EXTRACTED_UNREVIEWED
SRC-PARIS-C1-Q_EHISSK04,PARIS-C1-PUF202605-CODEBOOK,PaRIS,1,Q_EHISSK04,ASK IF Q_EHISSK01 = 3,numeric,"Have you ever smoked tobacco products -excluding electronic cigarettes or similar electronic devices- daily, or almost daily, for at least one year",Not answered = -97; Multiple answers = -96; Question not asked = -95; Yes = 1; No = 2; NA = 3,14143,17.190000000000001,2,1,2,2,,Q_EHISSK04,"Have you ever smoked tobacco products (excluding electronic cigarettes or similar electronic devices) daily, or almost daily, for at least one year?",Numeric,ASK IF Q_EHISSK01 = 3,MATCHED,paris-cycle1-puf-codebook-202605-v0.xlsx,PUF_DataDictionary,30,283,EXTRACTED_UNREVIEWED
SRC-PARIS-C1-Q_CWF2014IHP,PARIS-C1-PUF202605-CODEBOOK,PaRIS,1,Q_CWF2014IHP,ASK IF Q_EHISSK01 = 1 or 2 OR Q_EHISSK04=1,numeric,"In the past 12 months, has any health care professional talked with you about the health risks of smoking or using tobacco and ways to quit?",Not answered = -97; Multiple answers = -96; Question not asked = -95; Yes = 1; No = 2; Not sure = 3; NA = 4,49413,60.06,3,1,3,1,,Q_CWF2014IHP,"In the past 12 months, has any health care professional talked with you about the health risks of smoking or using tobacco and ways to quit?",Numeric,ASK IF Q_EHISSK01 = 1 or 2 OR Q_EHISSK04=1,MATCHED,paris-cycle1-puf-codebook-202605-v0.xlsx,PUF_DataDictionary,31,291,EXTRACTED_UNREVIEWED
SRC-PARIS-C1-Q_EHIS,PARIS-C1-PUF202605-CODEBOOK,PaRIS,1,Q_EHIS,ASK ALL,numeric,"In the past 12 months, how often have you had an alcoholic drink of any kind -beer, wine, cider, spirits, cocktails, premixes, liquor, homemade alcohol","Not answered = -97; Multiple answers = -96; Question not asked = -95; Every day or almost = 1; 5-6 days a week = 2; 3-4 days a week = 3; 1-2 days a week = 4; 2-3 days in a month = 5; Once a month = 6; Less than once a month = 7; Not in the past 12 months, as I no longer drink alcohol = 8; Never, or only a few sips or tries, in my whole life = 9; NA = 10; 5 or more days a week (USA) = 11; 1-4 days a week (USA) = 12; 1-3 days a month (USA) = 13",2557,3.11,12,1,13,5,"US coding has been added as codes 11, 12 and 13",Q_EHIS,"In the past 12 months, how often have you had an alcoholic drink of any kind (beer, wine, cider, spirits, cocktails, premixes, liquor, homemade alcohol …)?",Numeric,,MATCHED,paris-cycle1-puf-codebook-202605-v0.xlsx,PUF_DataDictionary,32,300,EXTRACTED_UNREVIEWED
SRC-PARIS-C1-Q_CWF2017IHP,PARIS-C1-PUF202605-CODEBOOK,PaRIS,1,Q_CWF2017IHP,ASK IF Q_EHIS = 1 TO 8,numeric,"In the past 12 months, has any health care professional talked with you about alcohol use?",Not answered = -97; Multiple answers = -96; Question not asked = -95; Yes = 1; No = 2; Not sure = 3; NA = 4,14171,17.22,3,1,3,2,,Q_CWF2017IHP,"In the past 12 months, has any health care professional talked with you about alcohol use?",Numeric,ASK IF Q_EHIS = 1 TO 8,MATCHED,paris-cycle1-puf-codebook-202605-v0.xlsx,PUF_DataDictionary,33,318,EXTRACTED_UNREVIEWED
SRC-PARIS-C1-Q_PN_PN1,PARIS-C1-PUF202605-CODEBOOK,PaRIS,1,Q_PN_PN1,ASK ALL,numeric,Health care professionals that you usually see support your health and health care: I rely on health care professionals to tell me everything I need to know to manage my health,Not answered = -97; Multiple answers = -96; Question not asked = -95; Strongly disagree = 1; Disagree = 2; Neither agree nor disagree = 3; Agree = 4; Strongly agree = 5; NA = 6,2336,2.84,5,1,5,5,,Q_PN_PN1,Health care professionals that you usually see support your health and health care: I rely on health care professionals to tell me everything I need to know to manage my health,Numeric,,MATCHED,paris-cycle1-puf-codebook-202605-v0.xlsx,PUF_DataDictionary,34,328,EXTRACTED_UNREVIEWED
SRC-PARIS-C1-Q_PN_PN2,PARIS-C1-PUF202605-CODEBOOK,PaRIS,1,Q_PN_PN2,ASK ALL,numeric,Health care professionals that you usually see support your health and health care: Most health issues are too complex for me to understand,Not answered = -97; Multiple answers = -96; Question not asked = -95; Strongly disagree = 1; Disagree = 2; Neither agree nor disagree = 3; Agree = 4; Strongly agree = 5; NA = 6,2545,3.09,5,1,5,1,,Q_PN_PN2,Health care professionals that you usually see support your health and health care: Most health issues are too complex for me to understand,Numeric,,MATCHED,paris-cycle1-puf-codebook-202605-v0.xlsx,PUF_DataDictionary,35,338,EXTRACTED_UNREVIEWED
SRC-PARIS-C1-Q_PN_PN3,PARIS-C1-PUF202605-CODEBOOK,PaRIS,1,Q_PN_PN3,ASK ALL,numeric,Health care professionals that you usually see support your health and health care: I actively try to prevent diseases and illnesses,Not answered = -97; Multiple answers = -96; Question not asked = -95; Strongly disagree = 1; Disagree = 2; Neither agree nor disagree = 3; Agree = 4; Strongly agree = 5; NA = 6,2439,2.96,5,1,5,4,,Q_PN_PN3,Health care professionals that you usually see support your health and health care: I actively try to prevent diseases and illnesses,Numeric,,MATCHED,paris-cycle1-puf-codebook-202605-v0.xlsx,PUF_DataDictionary,36,348,EXTRACTED_UNREVIEWED
SRC-PARIS-C1-Q_PN_PN4,PARIS-C1-PUF202605-CODEBOOK,PaRIS,1,Q_PN_PN4,ASK ALL,numeric,Health care professionals that you usually see support your health and health care: I leave it to health care professionals to make the right decisions about my health,Not answered = -97; Multiple answers = -96; Question not asked = -95; Strongly disagree = 1; Disagree = 2; Neither agree nor disagree = 3; Agree = 4; Strongly agree = 5; NA = 6,2415,2.94,5,1,5,4,,Q_PN_PN4,Health care professionals that you usually see support your health and health care: I leave it to health care professionals to make the right decisions about my health,Numeric,,MATCHED,paris-cycle1-puf-codebook-202605-v0.xlsx,PUF_DataDictionary,37,358,EXTRACTED_UNREVIEWED
SRC-PARIS-C1-Q_PN_PN5,PARIS-C1-PUF202605-CODEBOOK,PaRIS,1,Q_PN_PN5,ASK ALL,numeric,Health care professionals that you usually see support your health and health care: It is important to me to be informed about health issues,Not answered = -97; Multiple answers = -96; Question not asked = -95; Strongly disagree = 1; Disagree = 2; Neither agree nor disagree = 3; Agree = 4; Strongly agree = 5; NA = 6,2382,2.9,5,1,5,4,,Q_PN_PN5,Health care professionals that you usually see support your health and health care: It is important to me to be informed about health issues,Numeric,,MATCHED,paris-cycle1-puf-codebook-202605-v0.xlsx,PUF_DataDictionary,38,368,EXTRACTED_UNREVIEWED
SRC-PARIS-C1-Q_PN_PN6,PARIS-C1-PUF202605-CODEBOOK,PaRIS,1,Q_PN_PN6,ASK ALL,numeric,Health care professionals that you usually see support your health and health care: I need to know about health issues so I can keep myself and my family healthy,Not answered = -97; Multiple answers = -96; Question not asked = -95; Strongly disagree = 1; Disagree = 2; Neither agree nor disagree = 3; Agree = 4; Strongly agree = 5; NA = 6,2512,3.05,5,1,5,4,,Q_PN_PN6,Health care professionals that you usually see support your health and health care: I need to know about health issues so I can keep myself and my family healthy,Numeric,,MATCHED,paris-cycle1-puf-codebook-202605-v0.xlsx,PUF_DataDictionary,39,378,EXTRACTED_UNREVIEWED
SRC-PARIS-C1-Q_PN_PN7,PARIS-C1-PUF202605-CODEBOOK,PaRIS,1,Q_PN_PN7,ASK ALL,numeric,Health care professionals that you usually see support your health and health care: I have difficulty understanding a lot of the health information that I read,Not answered = -97; Multiple answers = -96; Question not asked = -95; Strongly disagree = 1; Disagree = 2; Neither agree nor disagree = 3; Agree = 4; Strongly agree = 5; NA = 6,2797,3.4,5,1,5,2,,Q_PN_PN7,Health care professionals that you usually see support your health and health care: I have difficulty understanding a lot of the health information that I read,Numeric,,MATCHED,paris-cycle1-puf-codebook-202605-v0.xlsx,PUF_DataDictionary,40,388,EXTRACTED_UNREVIEWED
SRC-PARIS-C1-Q_PN_PN8,PARIS-C1-PUF202605-CODEBOOK,PaRIS,1,Q_PN_PN8,ASK ALL,numeric,Health care professionals that you usually see support your health and health care: My health care professionals and I work together to manage my health,Not answered = -97; Multiple answers = -96; Question not asked = -95; Strongly disagree = 1; Disagree = 2; Neither agree nor disagree = 3; Agree = 4; Strongly agree = 5; NA = 6,2738,3.33,5,1,5,4,,Q_PN_PN8,Health care professionals that you usually see support your health and health care: My health care professionals and I work together to manage my health,Numeric,,MATCHED,paris-cycle1-puf-codebook-202605-v0.xlsx,PUF_DataDictionary,41,398,EXTRACTED_UNREVIEWED
SRC-PARIS-C1-Q_PN_PN9,PARIS-C1-PUF202605-CODEBOOK,PaRIS,1,Q_PN_PN9,ASK ALL,numeric,"Health care professionals that you usually see support your health and health care: When I read or hear something that is relevant to my health care, I bring it up with my health care professionals",Not answered = -97; Multiple answers = -96; Question not asked = -95; Strongly disagree = 1; Disagree = 2; Neither agree nor disagree = 3; Agree = 4; Strongly agree = 5; NA = 6,3022,3.67,5,1,5,4,,Q_PN_PN9,"Health care professionals that you usually see support your health and health care: When I read or hear something that is relevant to my health care, I bring it up with my health care professionals",Numeric,,MATCHED,paris-cycle1-puf-codebook-202605-v0.xlsx,PUF_DataDictionary,42,408,EXTRACTED_UNREVIEWED
SRC-PARIS-C1-Q_PN_PN10,PARIS-C1-PUF202605-CODEBOOK,PaRIS,1,Q_PN_PN10,ASK ALL,numeric,Health care professionals that you usually see support your health and health care: I try to understand my personal health risks,Not answered = -97; Multiple answers = -96; Question not asked = -95; Strongly disagree = 1; Disagree = 2; Neither agree nor disagree = 3; Agree = 4; Strongly agree = 5; NA = 6,2629,3.2,5,1,5,4,,Q_PN_PN10,Health care professionals that you usually see support your health and health care: I try to understand my personal health risks,Numeric,,MATCHED,paris-cycle1-puf-codebook-202605-v0.xlsx,PUF_DataDictionary,43,418,EXTRACTED_UNREVIEWED
SRC-PARIS-C1-Q_PN_PREOS2M,PARIS-C1-PUF202605-CODEBOOK,PaRIS,1,Q_PN_PREOS2m,ASK ALL,numeric,"Health care professionals that you usually see support your health and health care: When I think something is wrong with my health care, I raise my concerns with my health care professionals",Not answered = -97; Multiple answers = -96; Question not asked = -95; Strongly disagree = 1; Disagree = 2; Neither agree nor disagree = 3; Agree = 4; Strongly agree = 5; NA = 6,2998,3.64,5,1,5,4,,Q_PN_PREOS2m,"Health care professionals that you usually see support your health and health care: When I think something is wrong with my health care, I raise my concerns with my health care professionals",Numeric,,MATCHED,paris-cycle1-puf-codebook-202605-v0.xlsx,PUF_DataDictionary,44,430,EXTRACTED_UNREVIEWED
SRC-PARIS-C1-Q_CONFIDENT_P3CEQ10,PARIS-C1-PUF202605-CODEBOOK,PaRIS,1,Q_CONFIDENT_P3CEQ10,ASK ALL,numeric,How confident are you that you can manage your own health and wellbeing?,Not answered = -97; Multiple answers = -96; Question not asked = -95; Very confident = 1; Confident = 2; Somewhat confident = 3; Not confident at all = 4; Does not apply = 5; NA = 6,2756,3.35,5,1,5,2,,Q_CONFIDENT_P3CEQ10,How confident are you that you can manage your own health and wellbeing?,Numeric,,MATCHED,paris-cycle1-puf-codebook-202605-v0.xlsx,PUF_DataDictionary,45,442,EXTRACTED_UNREVIEWED
SRC-PARIS-C1-Q_CWF1130,PARIS-C1-PUF202605-CODEBOOK,PaRIS,1,Q_CWF1130,ASK ALL,numeric,Is there one single professional you usually go to for most of your health problems?,"Not answered = -97; Multiple answers = -96; Question not asked = -95; Yes, a doctor = 1; Yes, another health care professional = 2; No, there is no single health care professional I usually go to for most of my health problems = 3; Not sure = 4; NA = 5",3074,3.74,4,1,4,1,,Q_CWF1130,Is there one single professional you usually go to for most of your health problems?,Numeric,,MATCHED,paris-cycle1-puf-codebook-202605-v0.xlsx,PUF_DataDictionary,46,453,EXTRACTED_UNREVIEWED
SRC-PARIS-C1-Q_USUALDR1,PARIS-C1-PUF202605-CODEBOOK,PaRIS,1,Q_USUALDR1,ASK IF Q_CWF1130 = 1,numeric,Who is this doctor?,Not answered = -97; Multiple answers = -96; Question not asked = -95; A doctor specialised in family medicine/general practice = 1; Another specialist doctor = 2; Not sure = 3; NA = 4,18667,22.69,3,1,3,1,,Q_USUALDR1,Who is this doctor?,Numeric,,MATCHED,paris-cycle1-puf-codebook-202605-v0.xlsx,PUF_DataDictionary,47,463,EXTRACTED_UNREVIEWED
SRC-PARIS-C1-Q_CWF1140,PARIS-C1-PUF202605-CODEBOOK,PaRIS,1,Q_CWF1140,ASK IF Q_CWF1130 = 1,numeric,How long have you been seeing this doctor?,Not answered = -97; Multiple answers = -96; Question not asked = -95; 1 year or less = 1; More than 1 year but no more than 3 years = 2; More than 3 years but no more than 5 years = 3; More than 5 years but no more than 10 years = 4; More than 10 years = 5; Not sure = 6; NA = 7,18570,22.57,6,1,6,2,,Q_CWF1140,How long have you been seeing this doctor?,Numeric,,MATCHED,paris-cycle1-puf-codebook-202605-v0.xlsx,PUF_DataDictionary,48,472,EXTRACTED_UNREVIEWED
SRC-PARIS-C1-Q_USUALDR2,PARIS-C1-PUF202605-CODEBOOK,PaRIS,1,Q_USUALDR2,ASK IF Q_CWF1130 = 1,numeric,"How many times have you seen this doctor in the past 12 months? This could be in person, on the phone, by video call or online messaging.",Not answered = -97; Multiple answers = -96; Question not asked = -95; Not in the past 12 months = 1; 1 time = 2; 2 times = 3; 3 times = 4; 4 times = 5; 5 times or more = 6; Not sure = 7; NA = 8,18617,22.63,7,1,7,6,,Q_USUALDR2,"How many times have you seen this doctor in the past 12 months? This could be in person, on the phone, by video call or online messaging.",Numeric,,MATCHED,paris-cycle1-puf-codebook-202605-v0.xlsx,PUF_DataDictionary,49,484,EXTRACTED_UNREVIEWED
SRC-PARIS-C1-Q_USUALDR3,PARIS-C1-PUF202605-CODEBOOK,PaRIS,1,Q_USUALDR3,ASK IF Q_CWF1130 = 2,numeric,Who is this health care professional?,"Not answered = -97; Multiple answers = -96; Question not asked = -95; A nurse = 1; Nurse practitioner = 2; An allied health care professional, such as a physiotherapist, dietician, or podiatrist = 3; Another health care professional = 4; Not sure = 5; A GP = 6; Another specialist doctor = 7",79521,96.65,5,1,5,4,Option not available in Spain || Country specific for Australia,Q_USUALDR3,Who is this health care professional?,Numeric,,MATCHED,paris-cycle1-puf-codebook-202605-v0.xlsx,PUF_DataDictionary,50,497,EXTRACTED_UNREVIEWED
SRC-PARIS-C1-Q_USUALDR4,PARIS-C1-PUF202605-CODEBOOK,PaRIS,1,Q_USUALDR4,ASK IF USUALDR3 = 1-3,numeric,How long have you been seeing this health care professional?,Not answered = -97; Multiple answers = -96; Question not asked = -95; 1 year or less = 1; More than 1 year but no more than 3 years = 2; More than 3 years but no more than 5 years = 3; More than 5 years but no more than 10 years = 4; More than 10 years = 5; Not sure = 6; NA = 7,80517,97.86,6,1,6,1,,Q_USUALDR4,How long have you been seeing this health care professional?,Numeric,,MATCHED,paris-cycle1-puf-codebook-202605-v0.xlsx,PUF_DataDictionary,51,509,EXTRACTED_UNREVIEWED
SRC-PARIS-C1-Q_USUALDR5,PARIS-C1-PUF202605-CODEBOOK,PaRIS,1,Q_USUALDR5,ASK IF USUALDR3 = 1-3,numeric,"How many times have you seen this health care professional in the past 12 months? This could be in person, on the phone, by video call or online messaging.",Not answered = -97; Multiple answers = -96; Question not asked = -95; Not in the past 12 months = 1; 1 time = 2; 2 times = 3; 3 times = 4; 4 times = 5; 5 times or more = 6; Not sure = 7; 1 time or less (USA) = 8; 4 times or more (USA) = 9,80731,98.12,9,1,9,5,Q_USUALDR5 was recoded in the US dataset. Codes 8 and 9 have been added accordingly || Recoded US data (to avoid disclosure),Q_USUALDR5,"How many times have you seen this health care professional in the past 12 months? This could be in person, on the phone, by video call or online messaging.",Numeric,,MATCHED,paris-cycle1-puf-codebook-202605-v0.xlsx,PUF_DataDictionary,52,521,EXTRACTED_UNREVIEWED
SRC-PARIS-C1-Q_CHRONCOND01,PARIS-C1-PUF202605-CODEBOOK,PaRIS,1,Q_CHRONCOND01,ASK ALL,numeric,Have you ever been told by a doctor that you have any of the following health conditions? High blood pressure,Question not answered = -97; No = 0; Yes = 1,3182,3.87,2,0,1,1,Removed from Norway's and Luxembourg's PUF,Q_CHRONCOND01,Have you ever been told by a doctor that you have any of the following health conditions? High blood pressure,Numeric,,MATCHED,paris-cycle1-puf-codebook-202605-v0.xlsx,PUF_DataDictionary,53,535,EXTRACTED_UNREVIEWED
SRC-PARIS-C1-Q_CHRONCOND02,PARIS-C1-PUF202605-CODEBOOK,PaRIS,1,Q_CHRONCOND02,ASK ALL,numeric,Have you ever been told by a doctor that you have any of the following health conditions? Cardiovascular or heart condition,Question not answered = -97; No = 0; Yes = 1,3201,3.89,2,0,1,1,Removed from Norway's and Luxembourg's PUF,Q_CHRONCOND02,Have you ever been told by a doctor that you have any of the following health conditions? Cardiovascular or heart condition,Numeric,,MATCHED,paris-cycle1-puf-codebook-202605-v0.xlsx,PUF_DataDictionary,54,540,EXTRACTED_UNREVIEWED
SRC-PARIS-C1-Q_CHRONCOND03,PARIS-C1-PUF202605-CODEBOOK,PaRIS,1,Q_CHRONCOND03,ASK ALL,numeric,Have you ever been told by a doctor that you have any of the following health conditions? Diabetes (type 1 or 2),Question not answered = -97; No = 0; Yes = 1,3190,3.88,2,0,1,1,Removed from Norway's and Luxembourg's PUF,Q_CHRONCOND03,Have you ever been told by a doctor that you have any of the following health conditions? Diabetes (type 1 or 2),Numeric,,MATCHED,paris-cycle1-puf-codebook-202605-v0.xlsx,PUF_DataDictionary,55,545,EXTRACTED_UNREVIEWED
SRC-PARIS-C1-Q_CHRONCOND04,PARIS-C1-PUF202605-CODEBOOK,PaRIS,1,Q_CHRONCOND04,ASK ALL,numeric,Have you ever been told by a doctor that you have any of the following health conditions? Arthritis or ongoing problem with back or joints,Question not answered = -97; No = 0; Yes = 1,3173,3.86,2,0,1,1,Removed from Norway's and Luxembourg's PUF,Q_CHRONCOND04,Have you ever been told by a doctor that you have any of the following health conditions? Arthritis or ongoing problem with back or joints,Numeric,,MATCHED,paris-cycle1-puf-codebook-202605-v0.xlsx,PUF_DataDictionary,56,550,EXTRACTED_UNREVIEWED
SRC-PARIS-C1-Q_CHRONCOND05,PARIS-C1-PUF202605-CODEBOOK,PaRIS,1,Q_CHRONCOND05,ASK ALL,numeric,"Have you ever been told by a doctor that you have any of the following health conditions? Breathing condition (e.g., asthma or COPD)",Question not answered = -97; No = 0; Yes = 1,3183,3.87,2,0,1,0,Removed from Norway's and Luxembourg's PUF,Q_CHRONCOND05,"Have you ever been told by a doctor that you have any of the following health conditions? Breathing condition (e.g., asthma or COPD)",Numeric,,MATCHED,paris-cycle1-puf-codebook-202605-v0.xlsx,PUF_DataDictionary,57,555,EXTRACTED_UNREVIEWED
SRC-PARIS-C1-Q_CHRONCOND07,PARIS-C1-PUF202605-CODEBOOK,PaRIS,1,Q_CHRONCOND07,ASK ALL,numeric,"Have you ever been told by a doctor that you have any of the following health conditions? Depression, anxiety or other mental health condition (e.g., bipolar disorder or schizophrenia) (ongoing)",Question not answered = -97; No = 0; Yes = 1,3178,3.86,2,0,1,0,Removed from Norway's and Luxembourg's PUF,Q_CHRONCOND07,"Have you ever been told by a doctor that you have any of the following health conditions? Depression, anxiety or other mental health condition (e.g., bipolar disorder or schizophrenia) (ongoing)",Numeric,,MATCHED,paris-cycle1-puf-codebook-202605-v0.xlsx,PUF_DataDictionary,58,561,EXTRACTED_UNREVIEWED
SRC-PARIS-C1-Q_CHRONCOND08,PARIS-C1-PUF202605-CODEBOOK,PaRIS,1,Q_CHRONCOND08,ASK ALL,numeric,"Have you ever been told by a doctor that you have any of the following health conditions? Neurological condition (e.g., epilepsy or migraine)",Question not answered = -97; No = 0; Yes = 1,3196,3.88,2,0,1,0,Removed from Norway's and Luxembourg's PUF,Q_CHRONCOND08,"Have you ever been told by a doctor that you have any of the following health conditions? Neurological condition (e.g., epilepsy or migraine)",Numeric,,MATCHED,paris-cycle1-puf-codebook-202605-v0.xlsx,PUF_DataDictionary,59,566,EXTRACTED_UNREVIEWED
SRC-PARIS-C1-Q_CHRONCOND09,PARIS-C1-PUF202605-CODEBOOK,PaRIS,1,Q_CHRONCOND09,ASK ALL,numeric,Have you ever been told by a doctor that you have any of the following health conditions? Chronic kidney disease,Question not answered = -97; No = 0; Yes = 1,3195,3.88,2,0,1,0,Removed from Norway's and Luxembourg's PUF,Q_CHRONCOND09,Have you ever been told by a doctor that you have any of the following health conditions? Chronic kidney disease,Numeric,,MATCHED,paris-cycle1-puf-codebook-202605-v0.xlsx,PUF_DataDictionary,60,571,EXTRACTED_UNREVIEWED
SRC-PARIS-C1-Q_CHRONCOND11,PARIS-C1-PUF202605-CODEBOOK,PaRIS,1,Q_CHRONCOND11,ASK ALL,numeric,Have you ever been told by a doctor that you have any of the following health conditions? Cancer (diagnosis or treatment in the last 5 years),Question not answered = -97; No = 0; Yes = 1,3174,3.86,2,0,1,0,Removed from Norway's and Luxembourg's PUF,Q_CHRONCOND11,Have you ever been told by a doctor that you have any of the following health conditions? Cancer (diagnosis or treatment in the last 5 years),Numeric,,MATCHED,paris-cycle1-puf-codebook-202605-v0.xlsx,PUF_DataDictionary,61,577,EXTRACTED_UNREVIEWED
SRC-PARIS-C1-Q_CHRONCOND12,PARIS-C1-PUF202605-CODEBOOK,PaRIS,1,Q_CHRONCOND12,ASK ALL,numeric,Have you ever been told by a doctor that you have any of the following health conditions? Other long-term problem(s) (includes Alzheimer and Chronic liver disease),Question not answered = -97; No = 0; Yes = 1,3158,3.84,2,0,1,1,Removed from Norway's and Luxembourg's PUF,Q_CHRONCOND12,Have you ever been told by a doctor that you have any of the following health conditions? Other long-term problem(s) (includes Alzheimer and Chronic liver disease),Numeric,Added to label - (includes Alzheimer (original Q_CHRONICOND06) and Chronic liver disease (original Q_CHRONICOND10),MATCHED,paris-cycle1-puf-codebook-202605-v0.xlsx,PUF_DataDictionary,62,582,EXTRACTED_UNREVIEWED
SRC-PARIS-C1-Q_CHRONCOND13,PARIS-C1-PUF202605-CODEBOOK,PaRIS,1,Q_CHRONCOND13,ASK ALL,numeric,Have you ever been told by a doctor that you have any of the following health conditions? I have never been told by a doctor that I have any of these problems,Question not answered = -97; No = 0; Yes = 1,3157,3.84,2,0,1,0,Removed from Norway's and Luxembourg's PUF,Q_CHRONCOND13,Have you ever been told by a doctor that you have any of the following health conditions? I have never been told by a doctor that I have any of these problems,Numeric,,MATCHED,paris-cycle1-puf-codebook-202605-v0.xlsx,PUF_DataDictionary,63,587,EXTRACTED_UNREVIEWED
SRC-PARIS-C1-Q_P3CEQ6,PARIS-C1-PUF202605-CODEBOOK,PaRIS,1,Q_P3CEQ6,ASK IF Q_CHRONCOND = 1 TO 12,numeric,Do you have a single professional who takes responsibility for coordinating your care across the services that you use?,Not answered = -97; Multiple answers = -96; Question not asked = -95; Yes = 1; No = 2; I do not receive care from more than one service = 3; Not sure = 4; NA = 5,18125,22.03,4,1,4,1,,Q_P3CEQ6,Do you have a single professional who takes responsibility for coordinating your care across the services that you use?,Numeric,,MATCHED,paris-cycle1-puf-codebook-202605-v0.xlsx,PUF_DataDictionary,64,592,EXTRACTED_UNREVIEWED
SRC-PARIS-C1-Q_P3CEQ5M1,PARIS-C1-PUF202605-CODEBOOK,PaRIS,1,Q_P3CEQ5m1,ASK IF Q_CHRONCOND = 1 TO 12 AND Q_P3CEQ6 = 1,numeric,Is this the same professional that you see for most of your health problems?,Not answered = -97; Multiple answers = -96; Question not asked = -95; Yes = 1; No = 2; Not sure = 3; NA = 4,44617,54.23,3,1,3,1,,Q_P3CEQ5m1,Is this the same professional that you see for most of your health problems?,Numeric,ASK IF Q_CHRONCOND = 1 TO 12 AND Q_P3CEQ6 = 1,MATCHED,paris-cycle1-puf-codebook-202605-v0.xlsx,PUF_DataDictionary,65,601,EXTRACTED_UNREVIEWED
SRC-PARIS-C1-Q_P3CEQ5M2,PARIS-C1-PUF202605-CODEBOOK,PaRIS,1,Q_P3CEQ5m2,ASK IF Q_CHRONCOND = 1 TO 12 AND Q_P3CEQ5m1 = 2 OR 3,numeric,Who is this professional?,"Not answered = -97; Multiple answers = -96; Question not asked = -95; A doctor specialised in family medicine/general practice = 1; Another specialist doctor = 2; A nurse = 3; Nurse practitioner = 4; An allied health care professional, such as a physiotherapist, dietician, or podiatrist = 5; Another health care professional = 6; Not sure = 7; Other USA healthcare professional (nurse, nurse practitioner, an allied health care professional, or other healthcare professional) = 8",79020,96.04,8,1,8,2,ASK IF Q_CHRONCOND = 1 TO 12 AND Q_P3CEQ5m1 = 2 OR 3. Q_P3CEQ5m2 was recoded in the US dataset. Codes 8 and 9 have been added accordingly || Option not available in Spain and Wales || Recoded US data (to avoid disclosure),Q_P3CEQ5m2,Who is this professional?,Numeric,,MATCHED,paris-cycle1-puf-codebook-202605-v0.xlsx,PUF_DataDictionary,66,609,EXTRACTED_UNREVIEWED
SRC-PARIS-C1-Q_P3CEQ5,PARIS-C1-PUF202605-CODEBOOK,PaRIS,1,Q_P3CEQ5,ASK IF Q_CHRONCOND = 1 TO 12,numeric,Is your health care organized in a way that works for you?,"Not answered = -97; Multiple answers = -96; Question not asked = -95; Yes, definitely = 1; Yes, to some extent = 2; No, not really = 3; No, definitely not = 4; Not sure = 5; NA = 6",18068,21.96,5,1,5,1,,Q_P3CEQ5,Is your health care organized in a way that works for you?,Numeric,ASK IF Q_CHRONCOND = 1 TO 12,MATCHED,paris-cycle1-puf-codebook-202605-v0.xlsx,PUF_DataDictionary,67,621,EXTRACTED_UNREVIEWED
SRC-PARIS-C1-Q_P3CE_P3CEQ1,PARIS-C1-PUF202605-CODEBOOK,PaRIS,1,Q_P3CE_P3CEQ1,ASK IF Q_CHRONCOND = 1 TO 12,numeric,Do you discuss with the health care professionals involved in your care what is most important for you in managing your own health and wellbeing?,"Not answered = -97; Multiple answers = -96; Question not asked = -95; Yes, definitely = 1; Yes, to some extent = 2; No, not really = 3; No, definitely not = 4; Not sure = 5; NA = 6",18642,22.66,5,1,5,1,,Q_P3CE_P3CEQ1,Do you discuss with the health care professionals involved in your care what is most important for you in managing your own health and wellbeing?,Numeric,ASK IF Q_CHRONCOND = 1 TO 12,MATCHED,paris-cycle1-puf-codebook-202605-v0.xlsx,PUF_DataDictionary,68,631,EXTRACTED_UNREVIEWED
SRC-PARIS-C1-Q_P3CE_P3CEQ2,PARIS-C1-PUF202605-CODEBOOK,PaRIS,1,Q_P3CE_P3CEQ2,ASK IF Q_CHRONCOND = 1 TO 12,numeric,Are you involved as much as you want to be in decisions about your care?,"Not answered = -97; Multiple answers = -96; Question not asked = -95; Yes, definitely = 1; Yes, to some extent = 2; No, not really = 3; No, definitely not = 4; Not sure = 5; NA = 6",18688,22.71,5,1,5,2,,Q_P3CE_P3CEQ2,Are you involved as much as you want to be in decisions about your care?,Numeric,ASK IF Q_CHRONCOND = 1 TO 12,MATCHED,paris-cycle1-puf-codebook-202605-v0.xlsx,PUF_DataDictionary,69,641,EXTRACTED_UNREVIEWED
SRC-PARIS-C1-Q_P3CE_P3CEQ3,PARIS-C1-PUF202605-CODEBOOK,PaRIS,1,Q_P3CE_P3CEQ3,ASK IF Q_CHRONCOND = 1 TO 12,numeric,Are you considered as a ‘whole person’ rather than just a disease/condition in relation to your care?,"Not answered = -97; Multiple answers = -96; Question not asked = -95; Yes, definitely = 1; Yes, to some extent = 2; No, not really = 3; No, definitely not = 4; Not sure = 5; NA = 6",18704,22.73,5,1,5,1,,Q_P3CE_P3CEQ3,Are you considered as a ‘whole person’ rather than just a disease/condition in relation to your care?,Numeric,ASK IF Q_CHRONCOND = 1 TO 12,MATCHED,paris-cycle1-puf-codebook-202605-v0.xlsx,PUF_DataDictionary,70,651,EXTRACTED_UNREVIEWED
SRC-PARIS-C1-Q_PCMH4,PARIS-C1-PUF202605-CODEBOOK,PaRIS,1,Q_PCMH4,ASK IF Q_CHRONCOND = 1 TO 12,numeric,How often does a health care professional talk to you about specific goals for your health?,Not answered = -97; Multiple answers = -96; Question not asked = -95; Always = 1; Often = 2; Sometimes = 3; Rarely = 4; Never = 5; Not sure = 6; NA = 7,18410,22.38,6,1,6,1,,Q_PCMH4,How often does a health care professional talk to you about specific goals for your health?,Numeric,ASK IF Q_CHRONCOND = 1 TO 12,MATCHED,paris-cycle1-puf-codebook-202605-v0.xlsx,PUF_DataDictionary,71,662,EXTRACTED_UNREVIEWED
SRC-PARIS-C1-Q_P3CEQ7A,PARIS-C1-PUF202605-CODEBOOK,PaRIS,1,Q_P3CEQ7a,ASK IF Q_CHRONCOND = 1 TO 12,numeric,Do you have a care plan that takes into account all your health and wellbeing needs?,Not answered = -97; Multiple answers = -96; Question not asked = -95; Yes = 1; No = 2; Not sure = 3; NA = 4,18595,22.6,3,1,3,1,,Q_P3CEQ7a,Do you have a care plan that takes into account all your health and wellbeing needs?,Numeric,ASK IF Q_CHRONCOND = 1 TO 12,MATCHED,paris-cycle1-puf-codebook-202605-v0.xlsx,PUF_DataDictionary,72,674,EXTRACTED_UNREVIEWED
SRC-PARIS-C1-Q_P3CEQ7B,PARIS-C1-PUF202605-CODEBOOK,PaRIS,1,Q_P3CEQ7b,ASK IF Q_CHRONCOND = 1 TO 12,numeric,Is this care plan available to you?,Not answered = -97; Multiple answers = -96; Question not asked = -95; Yes = 1; No = 2; Not sure = 3; NA = 4,65488,79.599999999999994,3,1,3,1,,Q_P3CEQ7b,Is this care plan available to you?,Numeric,ASK IF Q_CHRONCOND = 1 TO 12 AND Q_P3CEQ7a = 1,MATCHED,paris-cycle1-puf-codebook-202605-v0.xlsx,PUF_DataDictionary,73,682,EXTRACTED_UNREVIEWED
SRC-PARIS-C1-P3CEQ7C,PARIS-C1-PUF202605-CODEBOOK,PaRIS,1,P3CEQ7c,ASK IF Q_CHRONCOND = 1 TO 12,numeric,To what extent have you found your care plan useful for you to manage your health and wellbeing?,Not answered = -97; Multiple answers = -96; Question not asked = -95; Not at all = 1; To some extent = 2; To a large extent = 3; Completely = 4; Not sure = 5; NA = 6,65504,79.62,5,1,5,2,,P3CEQ7c,To what extent have you found your care plan useful for you to manage your health and wellbeing?,Numeric,ASK IF Q_CHRONCOND = 1 TO 12 AND Q_P3CEQ7a = 1,MATCHED,paris-cycle1-puf-codebook-202605-v0.xlsx,PUF_DataDictionary,74,690,EXTRACTED_UNREVIEWED
SRC-PARIS-C1-P3CEQ7D,PARIS-C1-PUF202605-CODEBOOK,PaRIS,1,P3CEQ7d,ASK IF Q_CHRONCOND = 1 TO 12,numeric,To what extent do all the professionals involved in your care appear to be following the same care plan?,Not answered = -97; Multiple answers = -96; Question not asked = -95; Not at all = 1; To some extent = 2; To a large extent = 3; Completely = 4; Not sure = 5; NA = 6,65605,79.739999999999995,5,1,5,2,,P3CEQ7d,To what extent do all the professionals involved in your care appear to be following the same care plan?,Numeric,ASK IF Q_CHRONCOND = 1 TO 12 AND Q_P3CEQ7a = 1,MATCHED,paris-cycle1-puf-codebook-202605-v0.xlsx,PUF_DataDictionary,75,700,EXTRACTED_UNREVIEWED
SRC-PARIS-C1-Q_P3CEQ8,PARIS-C1-PUF202605-CODEBOOK,PaRIS,1,Q_P3CEQ8,ASK IF Q_CHRONCOND = 1 TO 12,numeric,Do you have enough support from your health care professionals to help you to manage your own health and wellbeing?,Not answered = -97; Multiple answers = -96; Question not asked = -95; I do not need support = 1; I have had no support = 2; I sometimes have enough support = 3; I often have enough support = 4; I always have enough support = 5; Not relevant = 6; Not sure = 7; NA = 8,19182,23.31,7,1,7,5,,Q_P3CEQ8,Do you have enough support from your health care professionals to help you to manage your own health and wellbeing?,Numeric,ASK IF Q_CHRONCOND = 1 TO 12,MATCHED,paris-cycle1-puf-codebook-202605-v0.xlsx,PUF_DataDictionary,76,710,EXTRACTED_UNREVIEWED
SRC-PARIS-C1-P3CEQ9,PARIS-C1-PUF202605-CODEBOOK,PaRIS,1,P3CEQ9,ASK IF Q_CHRONCOND = 1 TO 12,numeric,To what extent do you receive useful information at the time you need it to help you manage your health and wellbeing?,Not answered = -97; Multiple answers = -96; Question not asked = -95; I do not receive any information = 1; I sometimes receive enough information = 2; I often receive enough information = 3; I always receive enough information = 4; I receive too much information = 5; Not relevant = 6; Not sure = 7; NA = 8,18876,22.94,7,1,7,2,,P3CEQ9,To what extent do you receive useful information at the time you need it to help you manage your health and wellbeing?,Numeric,ASK IF Q_CHRONCOND = 1 TO 12,MATCHED,paris-cycle1-puf-codebook-202605-v0.xlsx,PUF_DataDictionary,77,722,EXTRACTED_UNREVIEWED
SRC-PARIS-C1-Q_P3CEQ11B,PARIS-C1-PUF202605-CODEBOOK,PaRIS,1,Q_P3CEQ11b,ASK IF Q_CHRONCOND = 1 TO 12,numeric,"Do your health care professionals involve your family, friends and/or carers as much as you want them to be in decisions about your care?","Not answered = -97; Multiple answers = -96; Question not asked = -95; No, definitely not = 1; No, not really = 2; Yes, to some extent = 3; Yes, definitely = 4; I do not want my family, friends or carers to be involved = 5; My family, friends or carers do not want to be involved = 6; Not applicable = 7; NA = 8",19130,23.25,7,1,7,4,,Q_P3CEQ11b,"Do your health care professionals involve your family, friends and/or carers as much as you want them to be in decisions about your care?",Numeric,ASK IF Q_CHRONCOND = 1 TO 12,MATCHED,paris-cycle1-puf-codebook-202605-v0.xlsx,PUF_DataDictionary,78,734,EXTRACTED_UNREVIEWED
SRC-PARIS-C1-Q_MEDCWF1605,PARIS-C1-PUF202605-CODEBOOK,PaRIS,1,Q_MEDCWF1605,ASK IF Q_CHRONCOND = 1 TO 12,numeric,How many different medications as prescribed by a doctor or a nurse are you taking on a regular or ongoing basis?,Not answered = -97; Multiple answers = -96; Question not asked = -95; No medication = 1; 1-2 medications = 2; 3-4 medications = 3; 5-9 medications = 4; 10 or more medications = 5; NA = 6,18593,22.6,5,1,5,5,,Q_MEDCWF1605,How many different medications as prescribed by a doctor or a nurse are you taking on a regular or ongoing basis?,Numeric,ASK IF Q_CHRONCOND = 1 TO 12,MATCHED,paris-cycle1-puf-codebook-202605-v0.xlsx,PUF_DataDictionary,79,747,EXTRACTED_UNREVIEWED
SRC-PARIS-C1-Q_MEDCWF71110,PARIS-C1-PUF202605-CODEBOOK,PaRIS,1,Q_MEDCWF71110,ASK IF Q_CHRONCOND = 1 TO 12,numeric,"In the past 12 months, has a health care professional reviewed with you all medications you take?",Not answered = -97; Multiple answers = -96; Question not asked = -95; Yes = 1; No = 2; Not sure = 3; NA = 4,24636,29.94,3,1,3,1,,Q_MEDCWF71110,"In the past 12 months, has a health care professional reviewed with you all medications you take?",Numeric,ASK IF Q_CHRONCOND = 1 TO 12 AND Q_MEDCWF1605 = 2 TO 5,MATCHED,paris-cycle1-puf-codebook-202605-v0.xlsx,PUF_DataDictionary,80,758,EXTRACTED_UNREVIEWED
SRC-PARIS-C1-Q_P3CEQ4,PARIS-C1-PUF202605-CODEBOOK,PaRIS,1,Q_P3CEQ4,ASK ALL,numeric,Were there times when you had to repeat information that should have been in your care records?,"Not answered = -97; Multiple answers = -96; Question not asked = -95; Yes, definitely = 1; Yes, to some extent = 2; No, not really = 3; No, definitely not = 4; Not sure = 5; NA = 6",4406,5.36,5,1,5,5,,Q_P3CEQ4,Were there times when you had to repeat information that should have been in your care records?,Numeric,,MATCHED,paris-cycle1-puf-codebook-202605-v0.xlsx,PUF_DataDictionary,81,767,EXTRACTED_UNREVIEWED
SRC-PARIS-C1-Q_PREOS3,PARIS-C1-PUF202605-CODEBOOK,PaRIS,1,Q_PREOS3,ASK ALL,numeric,How often do you believe you have had any such event or circumstance with your primary care centre?,Not answered = -97; Multiple answers = -96; Question not asked = -95; Always = 1; Often = 2; Sometimes = 3; Rarely = 4; Never = 5; Not applicable = 6; NA = 7,4476,5.44,6,1,6,4,Question was asked with slightly different wording in Australia: In the past 12 months how often do you believe you have experienced such an event or circumstance with your primary care centre? Answer options are the same/similar,Q_PREOS3,How often do you believe you have had any such event or circumstance with your primary care centre?,Numeric,,MATCHED,paris-cycle1-puf-codebook-202605-v0.xlsx,PUF_DataDictionary,82,778,EXTRACTED_UNREVIEWED
SRC-PARIS-C1-Q_PREOS1,PARIS-C1-PUF202605-CODEBOOK,PaRIS,1,Q_PREOS1,ASK ALL,numeric,How often did you feel that the health care professionals at your primary care centre encouraged you to talk about any concerns about your health care?,Not answered = -97; Multiple answers = -96; Question not asked = -95; Always = 1; Often = 2; Sometimes = 3; Rarely = 4; Never = 5; Not applicable = 6; NA = 7,4760,5.79,6,1,6,3,Question was asked with slightly different wording in Australia: In the past 12 months how often did you feel that your healthcare professional/GP encouraged you to talk about any concerns about your health care?,Q_PREOS1,How often did you feel that the health care professionals at your primary care centre encouraged you to talk about any concerns about your health care?,Numeric,,MATCHED,paris-cycle1-puf-codebook-202605-v0.xlsx,PUF_DataDictionary,83,790,EXTRACTED_UNREVIEWED
SRC-PARIS-C1-Q_OECDACC3,PARIS-C1-PUF202605-CODEBOOK,PaRIS,1,Q_OECDACC3,ASK ALL,numeric,How often did you have a health problem but did not seek care because of difficulties in travelling to your primary care centre?,Not answered = -97; Multiple answers = -96; Question not asked = -95; Always = 1; Often = 2; Sometimes = 3; Rarely = 4; Never = 5; Not applicable = 6; NA = 7,4478,5.44,6,1,6,5,Question was asked with slightly different wording in Australia: In the past 12 months how often did you have a health condition but did not seek care because of difficulties in travelling to your GP or healthcare professional?,Q_OECDACC3,How often did you have a health problem but did not seek care because of difficulties in travelling to your primary care centre?,Numeric,,MATCHED,paris-cycle1-puf-codebook-202605-v0.xlsx,PUF_DataDictionary,84,802,EXTRACTED_UNREVIEWED
SRC-PARIS-C1-Q_OECDACC46,PARIS-C1-PUF202605-CODEBOOK,PaRIS,1,Q_OECDACC46,ASK ALL,numeric,"How often did you have a health problem but did not seek care, or did take a prescription medicine because of the cost?",Not answered = -97; Multiple answers = -96; Question not asked = -95; Always = 1; Often = 2; Sometimes = 3; Rarely = 4; Never = 5; Not applicable = 6; NA = 7,4496,5.46,6,1,6,5,"Question was asked with slightly different wording in Australia: In the past 12 months how often did you have a health condition but did not seek care, or did not take a prescription medicine, because of the cost?",Q_OECDACC46,"How often did you have a health problem but did not seek care, or did take a prescription medicine because of the cost?",Numeric,,MATCHED,paris-cycle1-puf-codebook-202605-v0.xlsx,PUF_DataDictionary,85,814,EXTRACTED_UNREVIEWED
SRC-PARIS-C1-Q_GPPS4,PARIS-C1-PUF202605-CODEBOOK,PaRIS,1,Q_GPPS4,ASK ALL,numeric,How easy is it for you to use your primary care centre’s website to look for information or access services?,Not answered = -97; Multiple answers = -96; Question not asked = -95; Very easy = 1; Fairly easy = 2; Not very easy = 3; Not at all easy = 4; I haven’t tried = 5; My primary care centre does not have a website = 6; Not sure = 7; NA = 8,4844,5.89,7,1,7,5,,Q_GPPS4,How easy is it for you to use your primary care centre’s website to look for information or access services?,Numeric,,MATCHED,paris-cycle1-puf-codebook-202605-v0.xlsx,PUF_DataDictionary,86,826,EXTRACTED_UNREVIEWED
SRC-PARIS-C1-Q_GPPS51,PARIS-C1-PUF202605-CODEBOOK,PaRIS,1,Q_GPPS51,ASK ALL,numeric,"As far as you know, which of the following online services does your primary care centre offer? - Booking appointments online",Not answered = -97; Multiple answers = -96; Question not asked = -95; No = 0; Yes = 1,4890,5.94,2,0,1,0,,Q_GPPS51,"As far as you know, which of the following online services does your primary care centre offer? - Booking appointments online",Numeric,,MATCHED,paris-cycle1-puf-codebook-202605-v0.xlsx,PUF_DataDictionary,87,839,EXTRACTED_UNREVIEWED
SRC-PARIS-C1-Q_GPPS52,PARIS-C1-PUF202605-CODEBOOK,PaRIS,1,Q_GPPS52,ASK ALL,numeric,"As far as you know, which of the following online services does your primary care centre offer? - Ordering repeat prescriptions online",Not answered = -97; Multiple answers = -96; Question not asked = -95; No = 0; Yes = 1,4890,5.94,2,0,1,0,,Q_GPPS52,"As far as you know, which of the following online services does your primary care centre offer? - Ordering repeat prescriptions online",Numeric,,MATCHED,paris-cycle1-puf-codebook-202605-v0.xlsx,PUF_DataDictionary,88,845,EXTRACTED_UNREVIEWED
SRC-PARIS-C1-Q_GPPS53,PARIS-C1-PUF202605-CODEBOOK,PaRIS,1,Q_GPPS53,ASK ALL,numeric,"As far as you know, which of the following online services does your primary care centre offer? - Accessing my medical records online",Not answered = -97; Multiple answers = -96; Question not asked = -95; No = 0; Yes = 1,4890,5.94,2,0,1,0,,Q_GPPS53,"As far as you know, which of the following online services does your primary care centre offer? - Accessing my medical records online",Numeric,,MATCHED,paris-cycle1-puf-codebook-202605-v0.xlsx,PUF_DataDictionary,89,851,EXTRACTED_UNREVIEWED
SRC-PARIS-C1-Q_GPPS54,PARIS-C1-PUF202605-CODEBOOK,PaRIS,1,Q_GPPS54,ASK ALL,numeric,"As far as you know, which of the following online services does your primary care centre offer? - Video consultations",Not answered = -97; Multiple answers = -96; Question not asked = -95; No = 0; Yes = 1,4890,5.94,2,0,1,0,,Q_GPPS54,"As far as you know, which of the following online services does your primary care centre offer? - Video consultations",Numeric,,MATCHED,paris-cycle1-puf-codebook-202605-v0.xlsx,PUF_DataDictionary,90,857,EXTRACTED_UNREVIEWED
SRC-PARIS-C1-Q_GPPS55,PARIS-C1-PUF202605-CODEBOOK,PaRIS,1,Q_GPPS55,ASK ALL,numeric,"As far as you know, which of the following online services does your primary care centre offer? - None of these",Not answered = -97; Multiple answers = -96; Question not asked = -95; No = 0; Yes = 1,4890,5.94,2,0,1,0,,Q_GPPS55,"As far as you know, which of the following online services does your primary care centre offer? - None of these",Numeric,,MATCHED,paris-cycle1-puf-codebook-202605-v0.xlsx,PUF_DataDictionary,91,863,EXTRACTED_UNREVIEWED
SRC-PARIS-C1-Q_GPPS56,PARIS-C1-PUF202605-CODEBOOK,PaRIS,1,Q_GPPS56,ASK ALL,numeric,"As far as you know, which of the following online services does your primary care centre offer? - Don’t know",Not answered = -97; Multiple answers = -96; Question not asked = -95; No = 0; Yes = 1,9093,11.05,2,0,1,1,Option not available in the US,Q_GPPS56,"As far as you know, which of the following online services does your primary care centre offer? - Don’t know",Numeric,,MATCHED,paris-cycle1-puf-codebook-202605-v0.xlsx,PUF_DataDictionary,92,869,EXTRACTED_UNREVIEWED
SRC-PARIS-C1-Q_GPPS61,PARIS-C1-PUF202605-CODEBOOK,PaRIS,1,Q_GPPS61,ASK ALL,numeric,Which of the following online services offered by your primary care centre have you used? - Booking appointments online,Not answered = -97; Multiple answers = -96; Question not asked = -95; No = 0; Yes = 1,21619,26.28,2,0,1,0,,Q_GPPS61,Which of the following online services offered by your primary care centre have you used? - Booking appointments online,Numeric,,MATCHED,paris-cycle1-puf-codebook-202605-v0.xlsx,PUF_DataDictionary,93,875,EXTRACTED_UNREVIEWED
SRC-PARIS-C1-Q_GPPS62,PARIS-C1-PUF202605-CODEBOOK,PaRIS,1,Q_GPPS62,ASK ALL,numeric,Which of the following online services offered by your primary care centre have you used? - Ordering repeat prescriptions online,Not answered = -97; Multiple answers = -96; Question not asked = -95; No = 0; Yes = 1,21619,26.28,2,0,1,0,,Q_GPPS62,Which of the following online services offered by your primary care centre have you used? - Ordering repeat prescriptions online,Numeric,,MATCHED,paris-cycle1-puf-codebook-202605-v0.xlsx,PUF_DataDictionary,94,881,EXTRACTED_UNREVIEWED
SRC-PARIS-C1-Q_GPPS63,PARIS-C1-PUF202605-CODEBOOK,PaRIS,1,Q_GPPS63,ASK ALL,numeric,Which of the following online services offered by your primary care centre have you used? - Accessing my medical records online,Not answered = -97; Multiple answers = -96; Question not asked = -95; No = 0; Yes = 1,21619,26.28,2,0,1,0,,Q_GPPS63,Which of the following online services offered by your primary care centre have you used? - Accessing my medical records online,Numeric,,MATCHED,paris-cycle1-puf-codebook-202605-v0.xlsx,PUF_DataDictionary,95,887,EXTRACTED_UNREVIEWED
SRC-PARIS-C1-Q_GPPS64,PARIS-C1-PUF202605-CODEBOOK,PaRIS,1,Q_GPPS64,ASK ALL,numeric,Which of the following online services offered by your primary care centre have you used? - Video consultations,Not answered = -97; Multiple answers = -96; Question not asked = -95; No = 0; Yes = 1,21619,26.28,2,0,1,0,,Q_GPPS64,Which of the following online services offered by your primary care centre have you used? - Video consultations,Numeric,,MATCHED,paris-cycle1-puf-codebook-202605-v0.xlsx,PUF_DataDictionary,96,893,EXTRACTED_UNREVIEWED
SRC-PARIS-C1-Q_GPPS65,PARIS-C1-PUF202605-CODEBOOK,PaRIS,1,Q_GPPS65,ASK ALL,numeric,Which of the following online services offered by your primary care centre have you used? - None of these,Not answered = -97; Multiple answers = -96; Question not asked = -95; No = 0; Yes = 1,21619,26.28,2,0,1,1,,Q_GPPS65,Which of the following online services offered by your primary care centre have you used? - None of these,Numeric,,MATCHED,paris-cycle1-puf-codebook-202605-v0.xlsx,PUF_DataDictionary,97,899,EXTRACTED_UNREVIEWED
SRC-PARIS-C1-Q_CWF119,PARIS-C1-PUF202605-CODEBOOK,PaRIS,1,Q_CWF119,ASK ALL,numeric,"Overall, how do you rate the medical care that you have received in the past 12 months from your primary care centre?",Not answered = -97; Multiple answers = -96; Question not asked = -95; Excellent = 1; Very good = 2; Good = 3; Fair = 4; Poor = 5; Have not received medical care in the last 12 months = 6; Not sure = 7; NA = 8,4715,5.73,7,1,7,3,,Q_CWF119,"Overall, how do you rate the medical care that you have received in the past 12 months from your primary care centre?",Numeric,,MATCHED,paris-cycle1-puf-codebook-202605-v0.xlsx,PUF_DataDictionary,98,906,EXTRACTED_UNREVIEWED
SRC-PARIS-C1-Q_EMERG,PARIS-C1-PUF202605-CODEBOOK,PaRIS,1,Q_EMERG,ASK ALL,numeric,"In the last 12 months, have you been to a hospital emergency department for your own medical care?","Not answered = -97; Multiple answers = -96; Question not asked = -95; No = 1; Yes, once = 2; Yes, twice = 3; Yes, 3 or more times = 4; Not sure = 5; NA = 6",4711,5.73,5,1,5,1,,Q_EMERG,"In the last 12 months, have you been to a hospital emergency department for your own medical care?",Numeric,,MATCHED,paris-cycle1-puf-codebook-202605-v0.xlsx,PUF_DataDictionary,99,919,EXTRACTED_UNREVIEWED
SRC-PARIS-C1-Q_CWF2016HOSP,PARIS-C1-PUF202605-CODEBOOK,PaRIS,1,Q_CWF2016HOSP,ASK ALL,numeric,"In the last 12 months, have you been in a hospital for one night or longer?","Not answered = -97; Multiple answers = -96; Question not asked = -95; No = 1; Yes, once = 2; Yes, twice = 3; Yes, 3 or more times = 4; Not sure = 5; NA = 6",4731,5.75,5,1,5,2,,Q_CWF2016HOSP,"In the last 12 months, have you been in a hospital for one night or longer?",Numeric,,MATCHED,paris-cycle1-puf-codebook-202605-v0.xlsx,PUF_DataDictionary,100,930,EXTRACTED_UNREVIEWED
SRC-PARIS-C1-LASTAPP,PARIS-C1-PUF202605-CODEBOOK,PaRIS,1,LASTAPP,ASK ALL,numeric,"When was your last general practice appointment - Please include appointments with different health care professionals, at different locations, as well as telephone and online appointments",Not answered = -97; Multiple answers = -96; Question not asked = -95; In the past 3 months = 1; Between 3 and 6 months ago = 2; Between 6 and 12 months ago = 3; More than 12 months ago = 4; I haven’t had an appointment since being registered with my GP practice = 5; NA = 6,74584,90.65,2,1,2,1,"Country-specific question for Wales, removed from other countries' PUF",LASTAPP,"When was your last general practice appointment? Please include appointments with different health care professionals, at different locations, as well as telephone and online appointments",Numeric,These respondents were dropped (not eligible for PaRIS),MATCHED,paris-cycle1-puf-codebook-202605-v0.xlsx,PUF_DataDictionary,101,941,EXTRACTED_UNREVIEWED
SRC-PARIS-C1-Q_PURPOS,PARIS-C1-PUF202605-CODEBOOK,PaRIS,1,Q_PURPOS,ASK ALL,numeric,What was the main purpose of this consultation?,Not answered = -97; Multiple answers = -96; Question not asked = -95; First contact for a new problem = 1; Follow-up of a new problem = 2; Routine care for a long-term problem = 3; Non-routine care for a long-term problem = 4; General preventive care = 5; Not sure = 6; Annual or regular check = 7,5312,6.46,6,1,6,2,,Q_PURPOS,What was the main purpose of this consultation?,Numeric,,MATCHED,paris-cycle1-puf-codebook-202605-v0.xlsx,PUF_DataDictionary,102,953,EXTRACTED_UNREVIEWED
SRC-PARIS-C1-Q_OECDACC7A,PARIS-C1-PUF202605-CODEBOOK,PaRIS,1,Q_OECDACC7a,ASK ALL,numeric,"Who did you have this consultation with? If you saw more than one health care professional, please select the one you spent most time with on the day","Not answered = -97; Multiple answers = -96; Question not asked = -95; A doctor specialised in family medicine/general practice = 1; Another specialist doctor = 2; A nurse = 3; Nurse practitioner = 4; An allied health care professional, such as a physiotherapist, dietician, or podiatrist = 5; Another health care professional = 6; Not sure = 7; NA = 8",5987,7.28,7,1,7,3,Option not available in Spain,Q_OECDACC7a,"Who did you have this consultation with? If you saw more than one health care professional, please select the one you spent most time with on the day",Numeric,,MATCHED,paris-cycle1-puf-codebook-202605-v0.xlsx,PUF_DataDictionary,103,965,EXTRACTED_UNREVIEWED
SRC-PARIS-C1-Q_OECDACC7B,PARIS-C1-PUF202605-CODEBOOK,PaRIS,1,Q_OECDACC7b,ASK ALL,numeric,Where was this health care professional working?,Not answered = -97; Multiple answers = -96; Question not asked = -95; A primary care centre = 1; An outpatient department of a hospital = 2; Other = 3; Not sure = 4; Not applicable = 5; NA = 6,5233,6.36,5,1,5,3,Option not available in Spain,Q_OECDACC7b,Where was this health care professional working?,Numeric,,MATCHED,paris-cycle1-puf-codebook-202605-v0.xlsx,PUF_DataDictionary,104,977,EXTRACTED_UNREVIEWED
SRC-PARIS-C1-Q_OECDACC7C,PARIS-C1-PUF202605-CODEBOOK,PaRIS,1,Q_OECDACC7c,ASK ALL,numeric,Which of the following best describes the type of care you received?,Not answered = -97; Multiple answers = -96; Question not asked = -95; Face-to-face consultation in the health care professional's office = 1; Telephone consultation = 2; Video consultation = 3; Home visit = 4; Other = 5; Not sure = 6; NA = 7,5322,6.47,6,1,6,1,Remove variable from the US PUF only (keep in combined PUF of 13 countries),Q_OECDACC7c,Which of the following best describes the type of care you received?,Numeric,"The question was MULTIPLE (all that apply) in the US, but SINGLE in the other countries. The results of the US questions have been integrated in Q_OECDACC7c as if they were SINGLE choice. This question retains the original response",MATCHED,paris-cycle1-puf-codebook-202605-v0.xlsx,PUF_DataDictionary,105,987,EXTRACTED_UNREVIEWED
SRC-PARIS-C1-GPPSACCESS,PARIS-C1-PUF202605-CODEBOOK,PaRIS,1,GPPSACCESS,ASK ALL,numeric,How long after initially trying to book the appointment did the appointment take place?,Not answered = -97; Multiple answers = -96; Question not asked = -95; On the same day = 1; On the next day = 2; A few days and up to a week later = 3; More than a week and up to one month later = 4; More than one month later = 5; Can't remember = 6; NA = 7,5701,6.93,6,1,6,1,,GPPSACCESS,How long after initially trying to book the appointment did the appointment take place?,Numeric,,MATCHED,paris-cycle1-puf-codebook-202605-v0.xlsx,PUF_DataDictionary,106,1000,EXTRACTED_UNREVIEWED
SRC-PARIS-C1-Q_OECDACC9,PARIS-C1-PUF202605-CODEBOOK,PaRIS,1,Q_OECDACC9,ASK ALL,numeric,Was the time you waited a problem for you?,Not answered = -97; Multiple answers = -96; Question not asked = -95; Yes = 1; No = 2; Not sure = 3; NA = 4,5257,6.39,3,1,3,2,,Q_OECDACC9,Was the time you waited a problem for you?,Numeric,,MATCHED,paris-cycle1-puf-codebook-202605-v0.xlsx,PUF_DataDictionary,107,1012,EXTRACTED_UNREVIEWED
SRC-PARIS-C1-Q_OECDACC8,PARIS-C1-PUF202605-CODEBOOK,PaRIS,1,Q_OECDACC8,ASK ALL,numeric,Did this health care professional spend enough time with you?,"Not answered = -97; Multiple answers = -96; Question not asked = -95; Yes, definitely = 1; Yes, to some extent = 2; No, not really = 3; No, definitely not = 4; Not sure = 5; NA = 6",5129,6.23,5,1,5,1,,Q_OECDACC8,Did this health care professional spend enough time with you?,Numeric,,MATCHED,paris-cycle1-puf-codebook-202605-v0.xlsx,PUF_DataDictionary,108,1021,EXTRACTED_UNREVIEWED
SRC-PARIS-C1-Q_OECDEXP2,PARIS-C1-PUF202605-CODEBOOK,PaRIS,1,Q_OECDEXP2,ASK ALL,numeric,Did this health care professional explain things in a way that was easy to understand?,"Not answered = -97; Multiple answers = -96; Question not asked = -95; Yes, definitely = 1; Yes, to some extent = 2; No, not really = 3; No, definitely not = 4; Not sure = 5; NA = 6",5211,6.33,5,1,5,1,,Q_OECDEXP2,Did this health care professional explain things in a way that was easy to understand?,Numeric,,MATCHED,paris-cycle1-puf-codebook-202605-v0.xlsx,PUF_DataDictionary,109,1032,EXTRACTED_UNREVIEWED
SRC-PARIS-C1-Q_GPPSTRUST,PARIS-C1-PUF202605-CODEBOOK,PaRIS,1,Q_GPPSTRUST,ASK ALL,numeric,Did you have confidence and trust in the healthcare professional you saw or spoke to?,"Not answered = -97; Multiple answers = -96; Question not asked = -95; Yes, definitely = 1; Yes, to some extent = 2; No, not really = 3; No, definitely not = 4; Not sure = 5; NA = 6",5174,6.29,5,1,5,1,,Q_GPPSTRUST,Did you have confidence and trust in the healthcare professional you saw or spoke to?,Numeric,,MATCHED,paris-cycle1-puf-codebook-202605-v0.xlsx,PUF_DataDictionary,110,1043,EXTRACTED_UNREVIEWED
SRC-PARIS-C1-Q_OECDEXP5,PARIS-C1-PUF202605-CODEBOOK,PaRIS,1,Q_OECDEXP5,ASK ALL,numeric,"Overall, how would you rate the quality of this consultation?",Not answered = -97; Multiple answers = -96; Question not asked = -95; Excellent = 1; Very good = 2; Good = 3; Fair = 4; Poor = 5; Not sure = 6; NA = 7,5205,6.33,6,1,6,2,,Q_OECDEXP5,"Overall, how would you rate the quality of this consultation?",Numeric,,MATCHED,paris-cycle1-puf-codebook-202605-v0.xlsx,PUF_DataDictionary,111,1054,EXTRACTED_UNREVIEWED
SRC-PARIS-C1-Q_COVID1,PARIS-C1-PUF202605-CODEBOOK,PaRIS,1,Q_COVID1,ASK ALL,numeric,Whether ever tested positive for COVID-19 or been told by doctor that have had COVID-19?,Not answered = -97; Multiple answers = -96; Question not asked = -95; Yes = 1; No = 2; Not sure = 3; NA = 4,5535,6.73,3,1,3,1,,Q_COVID1,Whether ever tested positive for COVID-19 or been told by doctor that have had COVID-19?,Numeric,,MATCHED,paris-cycle1-puf-codebook-202605-v0.xlsx,PUF_DataDictionary,112,1066,EXTRACTED_UNREVIEWED
SRC-PARIS-C1-Q_COVID2,PARIS-C1-PUF202605-CODEBOOK,PaRIS,1,Q_COVID2,ASK IF Q_COVID1 = 1,numeric,Whether had symptoms lasting 2 months or longer prior to having COVID-19?,No = 0; 2-6 months = 1; 6 months or more = 2,42496,51.65,3,0,2,1,Question not asked in the US,Q_COVID2,Whether had symptoms lasting 2 months or longer prior to having COVID-19?,Numeric,"Banded into categories (""No"" = 0,""2-6 months"" = 1, ""6 months or more"" = 2). Redefine Answer Label and Answer Code in ne codebook",MATCHED,paris-cycle1-puf-codebook-202605-v0.xlsx,PUF_DataDictionary,113,1074,EXTRACTED_UNREVIEWED
SRC-PARIS-C1-Q_COVID3,PARIS-C1-PUF202605-CODEBOOK,PaRIS,1,Q_COVID3,ASK IF Q_COVID2 = 1 TO 4,numeric,Whether still have these long-term symptoms,Not answered = -97; Multiple answers = -96; Question not asked = -95; Yes = 1; No = 2; Not sure = 3; NA = 4,70999,86.29,3,1,3,2,Question not asked in the US,Q_COVID3,Whether still have these long-term symptoms,Numeric,,MATCHED,paris-cycle1-puf-codebook-202605-v0.xlsx,PUF_DataDictionary,114,1079,EXTRACTED_UNREVIEWED
SRC-PARIS-C1-Q_COVID4,PARIS-C1-PUF202605-CODEBOOK,PaRIS,1,Q_COVID4,ASK IF Q_COVID3 = 1,numeric,Whether these long-term symptoms reduce ability to carry out day-to-day activities,"Not answered = -97; Multiple answers = -96; Question not asked = -95; Yes, a lot = 1; Yes, a little = 2; Not at all = 3; Not sure = 4; NA = 5",77770,94.52,4,1,4,4,Question not asked in the US,Q_COVID4,Whether these long-term symptoms reduce ability to carry out day-to-day activities,Numeric,,MATCHED,paris-cycle1-puf-codebook-202605-v0.xlsx,PUF_DataDictionary,115,1088,EXTRACTED_UNREVIEWED
SRC-PARIS-C1-Q_OECDLIT5A,PARIS-C1-PUF202605-CODEBOOK,PaRIS,1,Q_OECDLIT5a,ASK ALL,numeric,Which of these terms best describes your current work situation?,"Employed for pay - USA and Australia (self-employed or in paid employment) = 511; Other - USA (looking for work, looking after the home, unable to work, not working and not looking for work, apprentice, other) = 512; Not employed for pay - Australia = 513; Not answered = -97; Multiple answers = -96; Question not asked = -95; Self-employed [work for yourself] = 1; In paid employment [work for someone else] = 2; Looking for work = 3; Looking after the home = 4; Unable to work due to sickness or ill-health = 5; Retired = 6; Not working and not looking for work = 8; Other (includes Student and apprentice) = 10; Don’t know = 11",5469,6.65,11,1,512,6,"Removed from Norway's and Luxembourg's PUF Exact question not asked in Australia, the options from Australia 511 and 513 were recoded to be include in this questions. || Recoded US data (to avoid disclosure) and Australia || Recoded US data (to avoid disclosure) || Recoded from question in Australia",Q_OECDLIT5a,Which of these terms best describes your current work situation?,Integer,"Recategorised low prevalent small cell categories (i.e., 7 - student and 9 - apprentice into 10 -other)). Change label of 10 to: Other (includes Student and apprentice) Removed labels for 7 and 9",MATCHED,paris-cycle1-puf-codebook-202605-v0.xlsx,PUF_DataDictionary,116,1099,EXTRACTED_UNREVIEWED
SRC-PARIS-C1-Q_OECDLIT7,PARIS-C1-PUF202605-CODEBOOK,PaRIS,1,Q_OECDLIT7,ASK ALL,numeric,Which of these categories does your household net income usually fall into?,Not answered = -97; Multiple answers = -96; Question not asked = -95; Up to $X a month = 1; Between $X and $Y a month = 2; $Y or more a month = 3; Don’t know = 4; Prefer not to say = 5; NA = 6; USA: X per month or more = 12; Prefer not to say = 97; Don't know = 99,5813,7.07,6,1,99,1,Removed from Norway's and Luxembourg's PUF || Recoded US data (to avoid disclosure),Q_OECDLIT7,Which of these categories does your household net income usually fall into?,Numeric,,MATCHED,paris-cycle1-puf-codebook-202605-v0.xlsx,PUF_DataDictionary,117,1118,EXTRACTED_UNREVIEWED
SRC-PARIS-C1-Q_MONMED,PARIS-C1-PUF202605-CODEBOOK,PaRIS,1,Q_MONMED,ASK ALL,numeric,"In the past 12 months, did you have problems paying or were unable to pay any medical bills?",Not answered = -97; Multiple answers = -96; Question not asked = -95; Yes = 1; No = 2; Prefer not to say = 3; NA = 4; Not applicable = 98,5630,6.84,4,1,98,2,,Q_MONMED,"In the past 12 months, did you have problems paying or were unable to pay any medical bills?",Numeric,,MATCHED,paris-cycle1-puf-codebook-202605-v0.xlsx,PUF_DataDictionary,118,1132,EXTRACTED_UNREVIEWED
SRC-PARIS-C1-Q_MON_MONMEAL,PARIS-C1-PUF202605-CODEBOOK,PaRIS,1,Q_MON_MONMEAL,ASK ALL,numeric,How often in the past 12 months would you say you were worried or stressed about the following things? - Having enough money to buy healthy meals?,Not answered = -97; Multiple answers = -96; Question not asked = -95; Always = 1; Usually = 2; Sometimes = 3; Rarely = 4; Never = 5; NA = 6,5784,7.03,5,1,5,3,,Q_MON_MONMEAL,How often in the past 12 months would you say you were worried or stressed about the following things? - Having enough money to buy healthy meals?,Numeric,,MATCHED,paris-cycle1-puf-codebook-202605-v0.xlsx,PUF_DataDictionary,119,1141,EXTRACTED_UNREVIEWED
SRC-PARIS-C1-Q_MON_MONRENT,PARIS-C1-PUF202605-CODEBOOK,PaRIS,1,Q_MON_MONRENT,ASK ALL,numeric,How often in the past 12 months would you say you were worried or stressed about the following things? - Having enough money to pay your rent or mortgage?,Not answered = -97; Multiple answers = -96; Question not asked = -95; Always = 1; Usually = 2; Sometimes = 3; Rarely = 4; Never = 5; NA = 6,6417,7.8,5,1,5,5,,Q_MON_MONRENT,How often in the past 12 months would you say you were worried or stressed about the following things? - Having enough money to pay your rent or mortgage?,Numeric,,MATCHED,paris-cycle1-puf-codebook-202605-v0.xlsx,PUF_DataDictionary,120,1151,EXTRACTED_UNREVIEWED
SRC-PARIS-C1-Q_MON_MONBILLS,PARIS-C1-PUF202605-CODEBOOK,PaRIS,1,Q_MON_MONBILLS,ASK ALL,numeric,"How often in the past 12 months would you say you were worried or stressed about the following things? - Having enough money to pay for other monthly bills, like electricity, heat, and your telephone?",Not answered = -97; Multiple answers = -96; Question not asked = -95; Always = 1; Usually = 2; Sometimes = 3; Rarely = 4; Never = 5; NA = 6,10240,12.45,5,1,5,4,Question not asked in the US,Q_MON_MONBILLS,"How often in the past 12 months would you say you were worried or stressed about the following things? - Having enough money to pay for other monthly bills, like electricity, heat, and your telephone?",Numeric,,MATCHED,paris-cycle1-puf-codebook-202605-v0.xlsx,PUF_DataDictionary,121,1161,EXTRACTED_UNREVIEWED
SRC-PARIS-C1-Q_OECDLITII,PARIS-C1-PUF202605-CODEBOOK,PaRIS,1,Q_OECDLITii,ASK ALL,numeric,Which of these best describes the type of area in which you live?,Not answered = -97; Multiple answers = -96; Question not asked = -95; City = 1; Town or suburb = 2; Rural area = 3; Don’t know = 4; NA = 5; Don't know = 99,5662,6.88,4,1,4,2,,Q_OECDLITii,Which of these best describes the type of area in which you live?,Numeric,,MATCHED,paris-cycle1-puf-codebook-202605-v0.xlsx,PUF_DataDictionary,122,1172,EXTRACTED_UNREVIEWED
SRC-PARIS-C1-WHODIS_WHODIS1,PARIS-C1-PUF202605-CODEBOOK,PaRIS,1,WHODIS_WHODIS1,ASK ALL,numeric,"Should you need help, how easy is it for you to get help from the following people?",Not answered = -97; Multiple answers = -96; Very easy = 1; Easy = 2; Neither easy nor difficult = 3; Difficult = 4; Very difficult = 5; Not applicable = 6; NA = 7,6040,7.34,6,1,6,4,,WHODIS_WHODIS1,"Should you need help, how easy is it for you to get help from the following people?",Numeric,,MATCHED,paris-cycle1-puf-codebook-202605-v0.xlsx,PUF_DataDictionary,123,1183,EXTRACTED_UNREVIEWED
SRC-PARIS-C1-WHODIS_WHODIS2,PARIS-C1-PUF202605-CODEBOOK,PaRIS,1,WHODIS_WHODIS2,ASK ALL,numeric,"Should you need help, how easy is it for you to get help from the following people? - Friends, neighbours and co-workers?",Not answered = -97; Multiple answers = -96; Very easy = 1; Easy = 2; Neither easy nor difficult = 3; Difficult = 4; Very difficult = 5; Not applicable = 6; NA = 7,6321,7.68,6,1,6,2,,WHODIS_WHODIS2,"Should you need help, how easy is it for you to get help from the following people? - Friends, neighbours and co-workers?",Numeric,,MATCHED,paris-cycle1-puf-codebook-202605-v0.xlsx,PUF_DataDictionary,124,1193,EXTRACTED_UNREVIEWED
SRC-PARIS-C1-WHOWB11,PARIS-C1-PUF202605-CODEBOOK,PaRIS,1,WHOWB11,ASK ALL,numeric,"Do you need physical care or support, such as help with eating, dressing, bathing, moving around the house or assistance outside the house such as for using transportation?",Not answered = -97; Multiple answers = -96; Yes = 1; No = 2; NA = 3,5901,7.17,2,1,2,1,,WHOWB11,"Do you need physical care or support, such as help with eating, dressing, bathing, moving around the house or assistance outside the house such as for using transportation?",Numeric,,MATCHED,paris-cycle1-puf-codebook-202605-v0.xlsx,PUF_DataDictionary,125,1204,EXTRACTED_UNREVIEWED
SRC-PARIS-C1-Q_WHOWB12,PARIS-C1-PUF202605-CODEBOOK,PaRIS,1,Q_WHOWB12,ASK ALL,numeric,"Do you need emotional care or support, such as comfort, advice or counseling?",Not answered = -97; Multiple answers = -96; Yes = 1; No = 2; NA = 3,6198,7.53,2,1,2,1,,Q_WHOWB12,"Do you need emotional care or support, such as comfort, advice or counseling?",Numeric,,MATCHED,paris-cycle1-puf-codebook-202605-v0.xlsx,PUF_DataDictionary,126,1210,EXTRACTED_UNREVIEWED
SRC-PARIS-C1-Q_WHOWB13,PARIS-C1-PUF202605-CODEBOOK,PaRIS,1,Q_WHOWB13,ASK ALL,numeric,"Do you need support for health care, such as administering medicines, changing bandages or arranging for appointments with primary care providers?",Not answered = -97; Multiple answers = -96; Yes = 1; No = 2; NA = 3,5900,7.17,2,1,2,1,,Q_WHOWB13,"Do you need support for health care, such as administering medicines, changing bandages or arranging for appointments with primary care providers?",Numeric,,MATCHED,paris-cycle1-puf-codebook-202605-v0.xlsx,PUF_DataDictionary,127,1216,EXTRACTED_UNREVIEWED
SRC-PARIS-C1-Q_AGSCTRUST,PARIS-C1-PUF202605-CODEBOOK,PaRIS,1,Q_AGSCTRUST,ASK ALL,numeric,How strongly do you agree or disagree that the health care system can be trusted?,Not answered = -97; Multiple answers = -96; Strongly disagree = 1; Disagree = 2; Neither agree nor disagree = 3; Agree = 4; Strongly agree = 5; NA = 6,6286,7.64,5,1,5,4,,Q_AGSCTRUST,How strongly do you agree or disagree that the health care system can be trusted?,Numeric,,MATCHED,paris-cycle1-puf-codebook-202605-v0.xlsx,PUF_DataDictionary,128,1223,EXTRACTED_UNREVIEWED
SRC-PARIS-C1-Q_GPPS48M,PARIS-C1-PUF202605-CODEBOOK,PaRIS,1,Q_GPPS48m,ASK ALL,numeric,Who was the main person or people that filled in this questionnaire?,Not answered = -97; Multiple answers = -96; The person invited to complete the survey = 1; A friend or relative of the person invited to complete the survey = 2; Both the person invited to complete the survey and a friend or relative together = 3; The person invited to complete the survey with the help of a health care professional or care worker = 4; NA = 5,6309,7.67,4,1,4,4,,Q_GPPS48m,Who was the main person or people that filled in this questionnaire?,Numeric,,MATCHED,paris-cycle1-puf-codebook-202605-v0.xlsx,PUF_DataDictionary,129,1233,EXTRACTED_UNREVIEWED
SRC-PARIS-C1-Q_GPPS5_99,PARIS-C1-PUF202605-CODEBOOK,PaRIS,1,Q_GPPS5_99,ASK ALL,numeric,"As far as you know, which of the following online services does your primary care centre offer? - Don’t know/Refused",,78072,94.89,2,0,1,0,"Option only available in the US, removed from other countries' PUF",Q_GPPS5_99,"As far as you know, which of the following online services does your primary care centre offer? - Don’t know/Refused",,,MATCHED,paris-cycle1-puf-codebook-202605-v0.xlsx,PUF_DataDictionary,130,1242,EXTRACTED_UNREVIEWED
SRC-PARIS-C1-Q_OECDACC7C_1,PARIS-C1-PUF202605-CODEBOOK,PaRIS,1,Q_OECDACC7c_1,ASK ALL,numeric,USA - Which of the following best describes the type of care you received? - Face-to-face consultation in health professional's office,,78072,94.89,2,0,1,1,"Country-specific question for US. The question was MULTIPLE (all that apply) in the US, but SINGLE in the other countries. The results of the US questions have been integrated in Q_OECDACC7c as if they were SINGLE choice. This question retains the original response",Q_OECDACC7c_1,Which of the following best describes the type of care you received? - Face-to-face consultation in health professional's office,,"Country-specific question for US. The question was MULTIPLE (all that apply) in the US, but SINGLE in the other countries. The results of the US questions have been integrated in Q_OECDACC7c as if they were SINGLE choice. This question retains the original response",MATCHED,paris-cycle1-puf-codebook-202605-v0.xlsx,PUF_DataDictionary,131,1247,EXTRACTED_UNREVIEWED
SRC-PARIS-C1-Q_OECDACC7C_2,PARIS-C1-PUF202605-CODEBOOK,PaRIS,1,Q_OECDACC7c_2,ASK ALL,numeric,USA - Which of the following best describes the type of care you received? - Telephone consultation,,78072,94.89,2,0,1,0,"Country-specific question for US. The question was MULTIPLE (all that apply) in the US, but SINGLE in the other countries. The results of the US questions have been integrated in Q_OECDACC7c as if they were SINGLE choice. This question retains the original response",Q_OECDACC7c_2,Which of the following best describes the type of care you received? - Telephone consultation,,"Country-specific question for US. The question was MULTIPLE (all that apply) in the US, but SINGLE in the other countries. The results of the US questions have been integrated in Q_OECDACC7c as if they were SINGLE choice. This question retains the original response",MATCHED,paris-cycle1-puf-codebook-202605-v0.xlsx,PUF_DataDictionary,132,1251,EXTRACTED_UNREVIEWED
SRC-PARIS-C1-Q_OECDACC7C_3,PARIS-C1-PUF202605-CODEBOOK,PaRIS,1,Q_OECDACC7c_3,ASK ALL,numeric,USA - Which of the following best describes the type of care you received? - Video consultation,,78072,94.89,2,0,1,0,"Country-specific question for US. The question was MULTIPLE (all that apply) in the US, but SINGLE in the other countries. The results of the US questions have been integrated in Q_OECDACC7c as if they were SINGLE choice. This question retains the original response",Q_OECDACC7c_3,Which of the following best describes the type of care you received? - Video consultation,,"Country-specific question for US. The question was MULTIPLE (all that apply) in the US, but SINGLE in the other countries. The results of the US questions have been integrated in Q_OECDACC7c as if they were SINGLE choice. This question retains the original response",MATCHED,paris-cycle1-puf-codebook-202605-v0.xlsx,PUF_DataDictionary,133,1255,EXTRACTED_UNREVIEWED
SRC-PARIS-C1-Q_OECDACC7C_4,PARIS-C1-PUF202605-CODEBOOK,PaRIS,1,Q_OECDACC7c_4,ASK ALL,numeric,USA - Which of the following best describes the type of care you received? - Home visit,,78072,94.89,2,0,1,0,"Country-specific question for US. The question was MULTIPLE (all that apply) in the US, but SINGLE in the other countries. The results of the US questions have been integrated in Q_OECDACC7c as if they were SINGLE choice. This question retains the original response",Q_OECDACC7c_4,Which of the following best describes the type of care you received? - Home visit,,"Country-specific question for US. The question was MULTIPLE (all that apply) in the US, but SINGLE in the other countries. The results of the US questions have been integrated in Q_OECDACC7c as if they were SINGLE choice. This question retains the original response",MATCHED,paris-cycle1-puf-codebook-202605-v0.xlsx,PUF_DataDictionary,134,1259,EXTRACTED_UNREVIEWED
SRC-PARIS-C1-Q_OECDACC7C_5,PARIS-C1-PUF202605-CODEBOOK,PaRIS,1,Q_OECDACC7c_5,ASK ALL,numeric,USA - Which of the following best describes the type of care you received? - Other,,78072,94.89,2,0,1,0,"Country-specific question for US. The question was MULTIPLE (all that apply) in the US, but SINGLE in the other countries. The results of the US questions have been integrated in Q_OECDACC7c as if they were SINGLE choice. This question retains the original response",Q_OECDACC7c_5,Which of the following best describes the type of care you received? - Other,,"Country-specific question for US. The question was MULTIPLE (all that apply) in the US, but SINGLE in the other countries. The results of the US questions have been integrated in Q_OECDACC7c as if they were SINGLE choice. This question retains the original response",MATCHED,paris-cycle1-puf-codebook-202605-v0.xlsx,PUF_DataDictionary,135,1263,EXTRACTED_UNREVIEWED
SRC-PARIS-C1-Q_OECDACC7C_6,PARIS-C1-PUF202605-CODEBOOK,PaRIS,1,Q_OECDACC7c_6,ASK ALL,numeric,USA - Which of the following best describes the type of care you received? - Not sure,,78072,94.89,2,0,1,0,"Country-specific question for US. The question was MULTIPLE (all that apply) in the US, but SINGLE in the other countries. The results of the US questions have been integrated in Q_OECDACC7c as if they were SINGLE choice. This question retains the original response",Q_OECDACC7c_6,Which of the following best describes the type of care you received? - Not sure,,"Country-specific question for US. The question was MULTIPLE (all that apply) in the US, but SINGLE in the other countries. The results of the US questions have been integrated in Q_OECDACC7c as if they were SINGLE choice. This question retains the original response",MATCHED,paris-cycle1-puf-codebook-202605-v0.xlsx,PUF_DataDictionary,136,1267,EXTRACTED_UNREVIEWED
SRC-PARIS-C1-TOTALCHRONIC,PARIS-C1-PUF202605-CODEBOOK,PaRIS,1,TotalChronic,ASK ALL,numeric,Number of chronic conditions - Including Q_CHRONCOND12-Other,,3140,3.82,12,0,11,5,Removed from Norway's and Luxembourg's PUF,TotalChronic,Number of chronic conditions - Including Q_CHRONCOND12-Other,Numeric,"Alternative to TotalChronic. It contains the total number of Chronic conditions, including ""other"" (Q_CHRONCOND12), but for this variable, respondents with 12 missing values on the questions on Chronic conditions (Q_CHRONCOND01-Q_CHRONCOND12) have been left out.",MATCHED,paris-cycle1-puf-codebook-202605-v0.xlsx,PUF_DataDictionary,138,1277,EXTRACTED_UNREVIEWED
SRC-PARIS-C1-GLOBAL01_DICH,PARIS-C1-PUF202605-CODEBOOK,PaRIS,1,GLOBAL01_dich,ASK ALL,numeric,Self-rated health dichotomised,"Poor or fair = 0; Good, very good or excellent = 1",305,0.37,2,0,1,0,,GLOBAL01_dich,Self-rated health dichotomised,Numeric,,MATCHED,paris-cycle1-puf-codebook-202605-v0.xlsx,PUF_DataDictionary,139,1286,EXTRACTED_UNREVIEWED
SRC-PARIS-C1-GENDERCAT2,PARIS-C1-PUF202605-CODEBOOK,PaRIS,1,Gendercat2,ASK ALL,numeric,Gender in two categories,Female = 1; Male = 2,6249,7.6,2,1,2,2,,Gendercat2,Gender in two categories,Numeric,"Alternative to Gender. ""Other/prefer not to say"" set to missing",MATCHED,paris-cycle1-puf-codebook-202605-v0.xlsx,PUF_DataDictionary,140,1291,EXTRACTED_UNREVIEWED
SRC-PARIS-C1-Q_CWF119_DICH,PARIS-C1-PUF202605-CODEBOOK,PaRIS,1,Q_CWF119_dich,ASK ALL,numeric,Rate medical care received in past 12 months from your primary care centre - dichotomised,"Poor or fair/Not sure = 0; Good, very good or excellent = 1",7168,8.7100000000000009,2,0,1,1,,Q_CWF119_dich,Rate medical care received in past 12 months from your primary care centre -dichotomised,Numeric,"Option 6 of Q_CWF119: ""Have not received medical care in the last 12 months"" is coded .b. Option 7 of Q_CWF119: ""Not sure"" is coded 0",MATCHED,paris-cycle1-puf-codebook-202605-v0.xlsx,PUF_DataDictionary,141,1305,EXTRACTED_UNREVIEWED
SRC-PARIS-C1-P3CEQ4_DICH,PARIS-C1-PUF202605-CODEBOOK,PaRIS,1,P3CEQ4_dich,ASK IF Q_CHRONCOND = 1 TO 12,numeric,Repeat information that should have been in your care records - dichotomised,"No, not really/Definitely not/Not sure = 0; Yes, to some extent/Definitely = 1",4406,5.36,2,0,1,0,,P3CEQ4_dich,Repeat information that should have been in your care records - dichotomised,Numeric,"Option 5 of Q_P3CEQ4: ""Not sure"" is coded 0",MATCHED,paris-cycle1-puf-codebook-202605-v0.xlsx,PUF_DataDictionary,142,1310,EXTRACTED_UNREVIEWED
SRC-PARIS-C1-P3CEQ10_DICH,PARIS-C1-PUF202605-CODEBOOK,PaRIS,1,P3CEQ10_dich,ASK IF Q_CHRONCOND = 1 TO 12,numeric,Confidence that you can manage your own health and wellbeing - dichotomised,Not confident at all/Somewhat confident = 0; Confident/Very confident = 1,2829,3.44,2,0,1,1,,P3CEQ10_dich,Confidence that you can manage your own health and wellbeing - dichotomised,Numeric,"Option 5 of Q_CONFIDENT_P3CEQ10: ""Not sure"" is coded 0",MATCHED,paris-cycle1-puf-codebook-202605-v0.xlsx,PUF_DataDictionary,143,1315,EXTRACTED_UNREVIEWED
SRC-PARIS-C1-RP3CEQ1,PARIS-C1-PUF202605-CODEBOOK,PaRIS,1,Rp3ceq1,ASK IF Q_CHRONCOND = 1 TO 12,numeric,RECODE of Q_P3CE_P3CEQ1 (Do you discuss with the health care professionals involved in your care what is most important for you in managing your own health and wellbeing?,,19892,24.18,4,0,3,3,,Rp3ceq1,RECODE of Q_P3CE_P3CEQ1 (Do you discuss with the health care professionals involved in your care what is most important for you in managing your own health and wellbeing?,Numeric,Recoded item to construct P3CEQ scale(s),MATCHED,paris-cycle1-puf-codebook-202605-v0.xlsx,PUF_DataDictionary,144,1320,EXTRACTED_UNREVIEWED
SRC-PARIS-C1-RP3CEQ2,PARIS-C1-PUF202605-CODEBOOK,PaRIS,1,Rp3ceq2,ASK IF Q_CHRONCOND = 1 TO 12,numeric,RECODE of Q_P3CE_P3CEQ2 (Are you involved as much as you want to be in decisions about your care?,,20354,24.74,4,0,3,2,,Rp3ceq2,RECODE of Q_P3CE_P3CEQ2 (Are you involved as much as you want to be in decisions about your care?,Numeric,Recoded item to construct P3CEQ scale(s),MATCHED,paris-cycle1-puf-codebook-202605-v0.xlsx,PUF_DataDictionary,145,1326,EXTRACTED_UNREVIEWED
SRC-PARIS-C1-RP3CEQ3,PARIS-C1-PUF202605-CODEBOOK,PaRIS,1,Rp3ceq3,ASK IF Q_CHRONCOND = 1 TO 12,numeric,RECODE of Q_P3CE_P3CEQ3 (Are you considered as a ‘whole person’ rather than just a disease/condition in relation to your care?,,21558,26.2,4,0,3,3,,Rp3ceq3,RECODE of Q_P3CE_P3CEQ3 (Are you considered as a ‘whole person’ rather than just a disease/condition in relation to your care?,Numeric,Recoded item to construct P3CEQ scale(s),MATCHED,paris-cycle1-puf-codebook-202605-v0.xlsx,PUF_DataDictionary,146,1332,EXTRACTED_UNREVIEWED
SRC-PARIS-C1-RP3CEQ4,PARIS-C1-PUF202605-CODEBOOK,PaRIS,1,Rp3ceq4,ASK IF Q_CHRONCOND = 1 TO 12,numeric,RECODE of Q_P3CEQ4 (Were there times when you had to repeat information that that should have been in your care records?,"Yes, definitely/Not sure = 0; Yes, to some extent = 1; No, not really = 2; No, definitely not = 3",4406,5.36,4,0,3,0,,Rp3ceq4,RECODE of Q_P3CEQ4 (Were there times when you had to repeat information that that should have been in your care records?,Numeric,Recoded item to construct P3CEQ scale(s),MATCHED,paris-cycle1-puf-codebook-202605-v0.xlsx,PUF_DataDictionary,147,1338,EXTRACTED_UNREVIEWED
SRC-PARIS-C1-RP3CEQ5,PARIS-C1-PUF202605-CODEBOOK,PaRIS,1,Rp3ceq5,ASK IF Q_CHRONCOND = 1 TO 12,numeric,recoded care coordination item: Is your health care organised in a way that works for you?,"No, definitely not/Not sure = 0; No, not really = 1; Yes, to some extent = 2; Yes, definitely = 3",18068,21.96,4,0,3,3,,Rp3ceq5,recoded care coordination item: Is your health care organised in a way that works for you?,Numeric,Recoded item to construct P3CEQ scale(s),MATCHED,paris-cycle1-puf-codebook-202605-v0.xlsx,PUF_DataDictionary,148,1344,EXTRACTED_UNREVIEWED
SRC-PARIS-C1-RP3CEQ8,PARIS-C1-PUF202605-CODEBOOK,PaRIS,1,Rp3ceq8,ASK IF Q_CHRONCOND = 1 TO 12,numeric,recoded care coordination item: Do you have enough support from your health care professionals to help you to manage your own health and wellbeing?,I have had no support/Not relevant/Not sure = 0; I sometimes have enough support = 1; I often have enough support = 2; I do not need support/I always have enough support = 3,19182,23.31,4,0,3,3,,Rp3ceq8,recoded care coordination item: Do you have enough support from your health care professionals to help you to manage your own health and wellbeing?,Numeric,Recoded item to construct P3CEQ scale(s),MATCHED,paris-cycle1-puf-codebook-202605-v0.xlsx,PUF_DataDictionary,149,1350,EXTRACTED_UNREVIEWED
SRC-PARIS-C1-RP3CEQ9,PARIS-C1-PUF202605-CODEBOOK,PaRIS,1,Rp3ceq9,ASK IF Q_CHRONCOND = 1 TO 12,numeric,recoded care coordination item: To what extent do you receive useful information at the time you need it to help you manage your health and wellbeing?,I do not receive any information/Not relevant/Not sure = 0; I sometimes receive enough information = 1; I often receive enough information/I receive too much information = 2; I always receive enough information = 3,18876,22.94,4,0,3,1,,Rp3ceq9,recoded care coordination item: To what extent do you receive useful information at the time you need it to help you manage your health and wellbeing?,Numeric,Recoded item to construct P3CEQ scale(s),MATCHED,paris-cycle1-puf-codebook-202605-v0.xlsx,PUF_DataDictionary,150,1358,EXTRACTED_UNREVIEWED
SRC-PARIS-C1-RP3CEQ10,PARIS-C1-PUF202605-CODEBOOK,PaRIS,1,Rp3ceq10,ASK IF Q_CHRONCOND = 1 TO 12,numeric,RECODE of Q_CONFIDENT_P3CEQ10 (How confident are you that you can manage your own health and wellbeing?,Not confident at all/Does not apply = 0; Somewhat confident = 1; Confident = 2; Very confident = 3,2756,3.35,4,0,3,2,,Rp3ceq10,RECODE of Q_CONFIDENT_P3CEQ10 (How confident are you that you can manage your own health and wellbeing?,Numeric,Recoded item to construct P3CEQ scale(s),MATCHED,paris-cycle1-puf-codebook-202605-v0.xlsx,PUF_DataDictionary,151,1366,EXTRACTED_UNREVIEWED
SRC-PARIS-C1-RP3CEQ6,PARIS-C1-PUF202605-CODEBOOK,PaRIS,1,Rp3ceq6,ASK IF Q_CHRONCOND = 1 TO 12,numeric,recoded care coordination item: Do you have a single professional who takes responsibility for coordinating your care across the services that you use?,No/I do not receive care from more than one service/Not sure = 0; Yes = 3,18125,22.03,2,0,3,3,,Rp3ceq6,recoded care coordination item: Do you have a single professional who takes responsibility for coordinating your care across the services that you use?,Numeric,Recoded item to construct P3CEQ scale(s),MATCHED,paris-cycle1-puf-codebook-202605-v0.xlsx,PUF_DataDictionary,152,1376,EXTRACTED_UNREVIEWED
SRC-PARIS-C1-RP3CEQ7A,PARIS-C1-PUF202605-CODEBOOK,PaRIS,1,Rp3ceq7a,ASK IF Q_CHRONCOND = 1 TO 12,numeric,recoded care coordination item: Do you have a care plan that takes into account all your health and wellbeing needs?,No/Not sure = 0; Yes = 3,18595,22.6,2,0,3,3,,Rp3ceq7a,recoded care coordination item: Do you have a care plan that takes into account all your health and wellbeing needs?,Numeric,Recoded item to construct P3CEQ scale(s),MATCHED,paris-cycle1-puf-codebook-202605-v0.xlsx,PUF_DataDictionary,153,1382,EXTRACTED_UNREVIEWED
SRC-PARIS-C1-RP3CEQ7B,PARIS-C1-PUF202605-CODEBOOK,PaRIS,1,Rp3ceq7b,ASK IF Q_CHRONCOND = 1 TO 12,numeric,recoded care coordination item: Is this care plan available to you?,No/Not sure = 0; Yes = 3,65488,79.599999999999994,2,0,3,3,,Rp3ceq7b,recoded care coordination item: Is this care plan available to you?,Numeric,Recoded item to construct P3CEQ scale(s),MATCHED,paris-cycle1-puf-codebook-202605-v0.xlsx,PUF_DataDictionary,154,1388,EXTRACTED_UNREVIEWED
SRC-PARIS-C1-RP3CEQ7C,PARIS-C1-PUF202605-CODEBOOK,PaRIS,1,Rp3ceq7c,ASK IF Q_CHRONCOND = 1 TO 12,numeric,recoded care coordination item: To what extent have you found your care plan useful for you to manage your health and wellbeing?,Not at all/Not sure = 0; To some extent = 1; To a large extent = 2; Completely = 3,65504,79.62,4,0,3,1,,Rp3ceq7c,recoded care coordination item: To what extent have you found your care plan useful for you to manage your health and wellbeing?,Numeric,Recoded item to construct P3CEQ scale(s),MATCHED,paris-cycle1-puf-codebook-202605-v0.xlsx,PUF_DataDictionary,155,1393,EXTRACTED_UNREVIEWED
SRC-PARIS-C1-RP3CEQ7D,PARIS-C1-PUF202605-CODEBOOK,PaRIS,1,Rp3ceq7d,ASK IF Q_CHRONCOND = 1 TO 12,numeric,recoded care coordination item: To what extent do all the professionals involved in your care appear to be following the same care plan?,Not at all/Not sure = 0; To some extent = 1; To a large extent = 2; Completely = 3,65605,79.739999999999995,4,0,3,1,,Rp3ceq7d,recoded care coordination item: To what extent do all the professionals involved in your care appear to be following the same care plan?,Numeric,Recoded item to construct P3CEQ scale(s),MATCHED,paris-cycle1-puf-codebook-202605-v0.xlsx,PUF_DataDictionary,156,1401,EXTRACTED_UNREVIEWED
SRC-PARIS-C1-P3CEQ_COORDINATION,PARIS-C1-PUF202605-CODEBOOK,PaRIS,1,P3CEQ_Coordination,ASK IF Q_CHRONCOND = 1 TO 12,numeric,P3CEQ Care coordination scale,,20340,24.72,59,0,15,12,,P3CEQ_Coordination,P3CEQ Care coordination scale,Numeric,"The scale score for experienced care coordination, constructed in accordance with the guidelines descibed in: Priya Sugavanam, Richard Byng & Helen Lloyd, The Person Centred Coordinated Care Experiences Questionnaire: P3CEQ, Plymouth University. The score is the sum of the recoded variables Rp3ceq5 Rp3ceq6 p3ceq7_tot Rp3ceq8 and Rp3ceq9 for cases with no missings on these items (p3ceqcc_miss2=0). (Original items are: P3CEQ5 P3CEQ6 P3CEQ7a 3CEQ7b P3CEQ7c P3CEQ7d P3CEQ8 and P3CEQ9.) The p3ceq7_tot variable is calculated, also according to the guidelines, by averaging the (non-missing) scores on Rp3ceq7a Rp3ceq7b Rp3ceq7c and Rp3ceq7d if Rp3ceq7a=yes. Values are 0 if Rp3ceq7a=no.",MATCHED,paris-cycle1-puf-codebook-202605-v0.xlsx,PUF_DataDictionary,157,1409,EXTRACTED_UNREVIEWED
SRC-PARIS-C1-P3CEQ_MISS3B,PARIS-C1-PUF202605-CODEBOOK,PaRIS,1,p3ceq_miss3b,ASK IF Q_CHRONCOND = 1 TO 12,numeric,Missings on recoded p3ceq(b) items,,0,0,11,0,10,0,,p3ceq_miss3b,Missings on recoded p3ceq(b) items,Numeric,Respondents with number of missing values on the items of the total P3CEQ scale,MATCHED,paris-cycle1-puf-codebook-202605-v0.xlsx,PUF_DataDictionary,158,1412,EXTRACTED_UNREVIEWED
SRC-PARIS-C1-RQWHO5_A,PARIS-C1-PUF202605-CODEBOOK,PaRIS,1,Rqwho5_a,ASK ALL,numeric,"RECODE of QWHO5_A (For the next few questions, please think about how you have been feeling over the last two weeks: I have felt cheerful and in good spirits)",0. At no time = 0; 1. Some of the time = 1; 2. Less than half of the time = 2; 3. More than half of the time = 3; 4. Most of the time = 4; 5. All of the time = 5,1341,1.63,6,0,5,4,,Rqwho5_a,"RECODE of QWHO5_A (For the next few questions, please think about how you have been feeling over the last two weeks: I have felt cheerful and in good spirits)",Numeric,Recoded item to construct WHO5 scale,MATCHED,paris-cycle1-puf-codebook-202605-v0.xlsx,PUF_DataDictionary,159,1415,EXTRACTED_UNREVIEWED
SRC-PARIS-C1-RQWHO5_B,PARIS-C1-PUF202605-CODEBOOK,PaRIS,1,Rqwho5_b,ASK ALL,numeric,"RECODE of QWHO5_B (For the next few questions, please think about how you have been feeling over the last two weeks: I have felt calm and relaxed)",0. At no time = 0; 1. Some of the time = 1; 2. Less than half of the time = 2; 3. More than half of the time = 3; 4. Most of the time = 4; 5. All of the time = 5,1401,1.7,6,0,5,2,,Rqwho5_b,"RECODE of QWHO5_B (For the next few questions, please think about how you have been feeling over the last two weeks: I have felt calm and relaxed)",Numeric,Recoded item to construct WHO5 scale,MATCHED,paris-cycle1-puf-codebook-202605-v0.xlsx,PUF_DataDictionary,160,1424,EXTRACTED_UNREVIEWED
SRC-PARIS-C1-RQWHO5_C,PARIS-C1-PUF202605-CODEBOOK,PaRIS,1,Rqwho5_c,ASK ALL,numeric,"RECODE of QWHO5_C (For the next few questions, please think about how you have been feeling over the last two weeks: I have felt active and vigorous)",0. At no time = 0; 1. Some of the time = 1; 2. Less than half of the time = 2; 3. More than half of the time = 3; 4. Most of the time = 4; 5. All of the time = 5,1470,1.79,6,0,5,2,,Rqwho5_c,"RECODE of QWHO5_C (For the next few questions, please think about how you have been feeling over the last two weeks: I have felt active and vigorous)",Numeric,Recoded item to construct WHO5 scale,MATCHED,paris-cycle1-puf-codebook-202605-v0.xlsx,PUF_DataDictionary,161,1433,EXTRACTED_UNREVIEWED
SRC-PARIS-C1-RQWHO5_D,PARIS-C1-PUF202605-CODEBOOK,PaRIS,1,Rqwho5_d,ASK ALL,numeric,"RECODE of QWHO5_D (For the next few questions, please think about how you have been feeling over the last two weeks: My daily life has been filled with things that interest me)",0. At no time = 0; 1. Some of the time = 1; 2. Less than half of the time = 2; 3. More than half of the time = 3; 4. Most of the time = 4; 5. All of the time = 5,1726,2.1,6,0,5,4,,Rqwho5_d,"RECODE of QWHO5_D (For the next few questions, please think about how you have been feeling over the last two weeks: My daily life has been filled with things that interest me)",Numeric,Recoded item to construct WHO5 scale,MATCHED,paris-cycle1-puf-codebook-202605-v0.xlsx,PUF_DataDictionary,162,1442,EXTRACTED_UNREVIEWED
SRC-PARIS-C1-RQWHO5_E,PARIS-C1-PUF202605-CODEBOOK,PaRIS,1,Rqwho5_e,ASK ALL,numeric,"RECODE of QWHO5_E (For the next few questions, please think about how you have been feeling over the last two weeks :I woke up feeling fresh and rested)",0. At no time = 0; 1. Some of the time = 1; 2. Less than half of the time = 2; 3. More than half of the time = 3; 4. Most of the time = 4; 5. All of the time = 5,1665,2.02,6,0,5,2,,Rqwho5_e,"RECODE of QWHO5_E (For the next few questions, please think about how you have been feeling over the last two weeks :I woke up feeling fresh and rested)",Numeric,Recoded item to construct WHO5 scale,MATCHED,paris-cycle1-puf-codebook-202605-v0.xlsx,PUF_DataDictionary,163,1451,EXTRACTED_UNREVIEWED
SRC-PARIS-C1-WHO5_TOT,PARIS-C1-PUF202605-CODEBOOK,PaRIS,1,who5_tot,ASK ALL,numeric,WHO-5 wellbeing scale,,2272,2.76,26,0,100,56,,who5_tot,WHO-5 wellbeing scale,Numeric,"Scale is based on Rqwho5_a Rqwho5_b Rqwho5_c Rqwho5_d Rqwho5_e. Reverse coding of the original items QWHO5_A QWHO5_B QWHO5_C QWHO5_D and QWHO5_E. The recoded items are summed for cases with no missing values (qwho_miss=0) and multiplied by 4. See World Health Organization, The World Health Organization-Five Well-Being Index (WHO-5).",MATCHED,paris-cycle1-puf-codebook-202605-v0.xlsx,PUF_DataDictionary,164,1461,EXTRACTED_UNREVIEWED
SRC-PARIS-C1-RGLOBAL03,PARIS-C1-PUF202605-CODEBOOK,PaRIS,1,Rglobal03,ASK ALL,numeric,"recoded global03: In general, how would you rate your physical health?",1. Poor = 1; 2. Fair = 2; 3. Good = 3; 4. Very good = 4; 5. Excellent = 5,478,0.57999999999999996,5,1,5,1,,Rglobal03,"recoded global03: In general, how would you rate your physical health?",Numeric,Recoded item to construct PROMIS scale(s),MATCHED,paris-cycle1-puf-codebook-202605-v0.xlsx,PUF_DataDictionary,165,1463,EXTRACTED_UNREVIEWED
SRC-PARIS-C1-RGLOBAL06,PARIS-C1-PUF202605-CODEBOOK,PaRIS,1,Rglobal06,ASK ALL,numeric,"recoded global06: To what extent are you able to carry out your everyday physical activities such as walking, climbing stairs, carrying groceries, or moving a chair?",1. Not at all = 1; 2. A little = 2; 3. Moderately = 3; 4. Mostly = 4; 5. Completely = 5,842,1.02,5,1,5,2,,Rglobal06,"recoded global06: To what extent are you able to carry out your everyday physical activities such as walking, climbing stairs, carrying groceries, or moving a chair?",Numeric,Recoded item to construct PROMIS scale(s),MATCHED,paris-cycle1-puf-codebook-202605-v0.xlsx,PUF_DataDictionary,166,1470,EXTRACTED_UNREVIEWED
SRC-PARIS-C1-RGLOBAL07R,PARIS-C1-PUF202605-CODEBOOK,PaRIS,1,Rglobal07r,ASK ALL,numeric,"RECODE of Q_GLOBAL07R (In the past 7 days, how would you rate your pain on average?)",,1237,1.5,5,1,5,2,,Rglobal07r,"RECODE of Q_GLOBAL07R (In the past 7 days, how would you rate your pain on average?)",Numeric,Recoded item to construct PROMIS scale(s),MATCHED,paris-cycle1-puf-codebook-202605-v0.xlsx,PUF_DataDictionary,167,1477,EXTRACTED_UNREVIEWED
SRC-PARIS-C1-RGLOBAL08R,PARIS-C1-PUF202605-CODEBOOK,PaRIS,1,Rglobal08r,ASK ALL,numeric,recoded global08r: How would you rate your fatigue on average?,1. Very severe = 1; 2. Severe = 2; 3. Moderate = 3; 4. Mild = 4; 5. None = 5,1054,1.28,5,1,5,2,,Rglobal08r,recoded global08r: How would you rate your fatigue on average?,Numeric,,MATCHED,paris-cycle1-puf-codebook-202605-v0.xlsx,PUF_DataDictionary,168,1483,EXTRACTED_UNREVIEWED
SRC-PARIS-C1-PROMISPHYS_TOT,PARIS-C1-PUF202605-CODEBOOK,PaRIS,1,promisPhys_tot,ASK ALL,numeric,PROMIS Global Physical scale,,1651,2.0099999999999998,17,16.2000007629395,67.6999969482422,26.7000007629395,,promisPhys_tot,PROMIS Global Physical scale,Numeric,"Scale is based on Rglobal03 Rglobal06 Rglobal07r and Rglobal08r. Recoding of the original items q_global03 Q_GLOBAL06 Q_GLOBAL07R and Q_GLOBAL08R. The recoded items are summed for cases with no missing values (promisPhys_miss=0) and converted into t-scores according to GLOBAL HEALTH, A brief guide to the PROMIS© Global Health instruments, 2017.",MATCHED,paris-cycle1-puf-codebook-202605-v0.xlsx,PUF_DataDictionary,169,1491,EXTRACTED_UNREVIEWED
SRC-PARIS-C1-RGLOBAL02,PARIS-C1-PUF202605-CODEBOOK,PaRIS,1,Rglobal02,ASK ALL,numeric,"recoded global02: In general, would you say your quality of life is:",1. Poor = 1; 2. Fair = 2; 3. Good = 3; 4. Very good = 4; 5. Excellent = 5,398,0.48,5,1,5,3,,Rglobal02,"recoded global02: In general, would you say your quality of life is:",Numeric,Recoded item to construct PROMIS scale(s),MATCHED,paris-cycle1-puf-codebook-202605-v0.xlsx,PUF_DataDictionary,170,1493,EXTRACTED_UNREVIEWED
SRC-PARIS-C1-RGLOBAL04,PARIS-C1-PUF202605-CODEBOOK,PaRIS,1,Rglobal04,ASK ALL,numeric,"recoded global04: In general, how would you rate your mental health, including your mood and your ability to think?",1. Poor = 1; 2. Fair = 2; 3. Good = 3; 4. Very good = 4; 5. Excellent = 5,573,0.7,5,1,5,5,,Rglobal04,"recoded global04: In general, how would you rate your mental health, including your mood and your ability to think?",Numeric,Recoded item to construct PROMIS scale(s),MATCHED,paris-cycle1-puf-codebook-202605-v0.xlsx,PUF_DataDictionary,171,1500,EXTRACTED_UNREVIEWED
SRC-PARIS-C1-RGLOBAL05,PARIS-C1-PUF202605-CODEBOOK,PaRIS,1,Rglobal05,ASK ALL,numeric,"recoded global05: In general, how would you rate your satisfaction with your social activities and relationships?",1. Poor = 1; 2. Fair = 2; 3. Good = 3; 4. Very good = 4; 5. Excellent = 5,737,0.9,5,1,5,5,,Rglobal05,"recoded global05: In general, how would you rate your satisfaction with your social activities and relationships?",Numeric,Recoded item to construct PROMIS scale(s),MATCHED,paris-cycle1-puf-codebook-202605-v0.xlsx,PUF_DataDictionary,172,1507,EXTRACTED_UNREVIEWED
SRC-PARIS-C1-RGLOBAL10R,PARIS-C1-PUF202605-CODEBOOK,PaRIS,1,Rglobal10r,ASK ALL,numeric,"recoded global10r: How often have you been bothered by emotional problems such as feeling anxious, depressed or irritable?",1. Always = 1; 2. Often = 2; 3. Sometimes = 3; 4. Rarely = 4; 5. Never = 5,1807,2.2000000000000002,5,1,5,4,,Rglobal10r,"recoded global10r: How often have you been bothered by emotional problems such as feeling anxious, depressed or irritable?",Numeric,Recoded item to construct PROMIS scale(s),MATCHED,paris-cycle1-puf-codebook-202605-v0.xlsx,PUF_DataDictionary,173,1514,EXTRACTED_UNREVIEWED
SRC-PARIS-C1-PROMISMENT_TOT,PARIS-C1-PUF202605-CODEBOOK,PaRIS,1,promisMent_tot,ASK ALL,numeric,PROMIS Global Mental scale,,2274,2.76,17,21.2000007629395,67.5999984741211,56,,promisMent_tot,PROMIS Global Mental scale,Numeric,"Scale is based on Rglobal02 Rglobal04 Rglobal05 and Rglobal10r. Recoding of the original items Q_Global02 Q_Global04 Q_Global05 and Q_GLOBAL10R. The recoded items are summed for cases with no missing values (promisMent_miss) and converted into t-scores according to GLOBAL HEALTH, A brief guide to the PROMIS© Global Health instruments, 2017.",MATCHED,paris-cycle1-puf-codebook-202605-v0.xlsx,PUF_DataDictionary,174,1523,EXTRACTED_UNREVIEWED
SRC-PARIS-C1-PNS1,PARIS-C1-PUF202605-CODEBOOK,PaRIS,1,PNS1,ASK ALL,numeric,Porter Novelli scale 1: Active engagement / Patient activation,,3284,3.99,17,1,5,4,,PNS1,Porter Novelli scale 1: Active engagement / Patient activation,Numeric,"Scale based on EFA of the entire patient dataset, across countries and providers. Items: Q_PN_PN3 Q_PN_PN5 Q_PN_PN6 Q_PN_PN1",MATCHED,paris-cycle1-puf-codebook-202605-v0.xlsx,PUF_DataDictionary,175,1525,EXTRACTED_UNREVIEWED
SRC-PARIS-C1-PNS2,PARIS-C1-PUF202605-CODEBOOK,PaRIS,1,PNS2,ASK ALL,numeric,Porter Novelli scale 2: Working together with healthcare professional(s),,3751,4.5599999999999996,17,1,5,4.25,,PNS2,Porter Novelli scale 2: Working together with healthcare professional(s),Numeric,"Scale based on EFA of the entire patient dataset, across countries and providers. Items: Q_PN_PN1 Q_PN_PN4 Q_PN_PN8 Q_PN_PN9",MATCHED,paris-cycle1-puf-codebook-202605-v0.xlsx,PUF_DataDictionary,176,1526,EXTRACTED_UNREVIEWED
SRC-PARIS-C1-PNS3,PARIS-C1-PUF202605-CODEBOOK,PaRIS,1,PNS3,ASK ALL,numeric,Porter Novelli scale 3: Health literacy,,3173,3.86,9,1,5,1.5,,PNS3,Porter Novelli scale 3: Health literacy,Numeric,"Scale based on EFA of the entire patient dataset, across countries and providers. Items: Q_PN_PN2 Q_PN_PN7",MATCHED,paris-cycle1-puf-codebook-202605-v0.xlsx,PUF_DataDictionary,177,1527,EXTRACTED_UNREVIEWED
SRC-PARIS-C1-CONTINUITY_HOWLONGTOT,PARIS-C1-PUF202605-CODEBOOK,PaRIS,1,Continuity_howlongTot,ASK ALL,numeric,How long have you been seeing the doctor/health care professional who is the one you usually go to for most of your health problems?,1 year or less = 1; More than 1 year but no more than 3 years = 2; More than 3 years but no more than 5 years = 3; More than 5 years but no more than 10 years = 4; More than 10 years = 5,18616,22.63,5,1,5,2,,Continuity_howlongTot,How long have you been seeing the doctor/health care professional who is the one you usually go to for most of your health problems?,Numeric,Combination of Q_CWF1140 and Q_ USUALDR4,MATCHED,paris-cycle1-puf-codebook-202605-v0.xlsx,PUF_DataDictionary,178,1529,EXTRACTED_UNREVIEWED
SRC-PARIS-C1-Q_GPPSTRUST_DICH1,PARIS-C1-PUF202605-CODEBOOK,PaRIS,1,Q_GPPSTRUST_dich1,ASK ALL,numeric,Trust in HC provider - dichotomised: Did you have confidence and trust in the health care professional you saw or spoke to?,"No, definitely not/No, not really/Yes, to some extent/Not sure = 0; Yes, definitely = 1",5174,6.29,2,0,1,1,,Q_GPPSTRUST_dich1,Trust in HC provider - dichotomised: Did you have confidence and trust in the health care professional you saw or spoke to?,Numeric,,MATCHED,paris-cycle1-puf-codebook-202605-v0.xlsx,PUF_DataDictionary,179,1537,EXTRACTED_UNREVIEWED
SRC-PARIS-C1-Q_AGSCTRUST_DICH,PARIS-C1-PUF202605-CODEBOOK,PaRIS,1,Q_AGSCTRUST_dich,ASK ALL,numeric,Trust in HC system - dichotomised: How strongly do you agree or disagree that the health care system can be trusted?,(Strongly) disagree/Neither agree nor disagree = 0; (Strongly) agree = 1,6286,7.64,2,0,1,1,,Q_AGSCTRUST_dich,Trust in HC system - dichotomised: How strongly do you agree or disagree that the health care system can be trusted?,Numeric,,MATCHED,paris-cycle1-puf-codebook-202605-v0.xlsx,PUF_DataDictionary,180,1542,EXTRACTED_UNREVIEWED
SRC-PARIS-C1-RPAINSTRC,PARIS-C1-PUF202605-CODEBOOK,PaRIS,1,RPainstrc,ASK ALL,numeric,RECODE of Q_CONFIDENT_MPBSPAINSTRC (How confident are you that you can follow instructions from health care professionals about how you should care for yourself at home?),Not confident at all/Does not apply = 0; Somewhat confident = 1; Confident = 2; Very confident = 3,3331,4.05,4,0,3,3,,RPainstrc,RECODE of Q_CONFIDENT_MPBSPAINSTRC (How confident are you that you can follow instructions from health care professionals about how you should care for yourself at home?),Numeric,RECODE of Q_CONFIDENT_MPBSPAINSTRC (How confident are you that you can follow instructions from health care professionals about how you should care for yourself at home?),MATCHED,paris-cycle1-puf-codebook-202605-v0.xlsx,PUF_DataDictionary,181,1556,EXTRACTED_UNREVIEWED
SRC-PARIS-C1-RPAMEDREC,PARIS-C1-PUF202605-CODEBOOK,PaRIS,1,RPamedrec,ASK ALL,numeric,RECODE of Q_CONFIDENT_MPBSPAMEDREC (How confident are you that you can follow instructions from health care professionals about how to change your habits or lifestyle?),Not confident at all/Does not apply = 0; Somewhat confident = 1; Confident = 2; Very confident = 3,3760,4.57,4,0,3,2,,RPamedrec,RECODE of Q_CONFIDENT_MPBSPAMEDREC (How confident are you that you can follow instructions from health care professionals about how to change your habits or lifestyle?),Numeric,RECODE of Q_CONFIDENT_MPBSPAMEDREC (How confident are you that you can follow instructions from health care professionals about how to change your habits or lifestyle?),MATCHED,paris-cycle1-puf-codebook-202605-v0.xlsx,PUF_DataDictionary,182,1564,EXTRACTED_UNREVIEWED
SRC-PARIS-C1-RPANECESS,PARIS-C1-PUF202605-CODEBOOK,PaRIS,1,RPanecess,ASK ALL,numeric,RECODE of Q_CONFIDENT_MPBSPANECESS (How confident are you that you can identify when it is necessary for you to get medical care?),Not confident at all/Does not apply = 0; Somewhat confident = 1; Confident = 2; Very confident = 3,2867,3.48,4,0,3,3,,RPanecess,RECODE of Q_CONFIDENT_MPBSPANECESS (How confident are you that you can identify when it is necessary for you to get medical care?),Numeric,RECODE of Q_CONFIDENT_MPBSPANECESS (How confident are you that you can identify when it is necessary for you to get medical care?),MATCHED,paris-cycle1-puf-codebook-202605-v0.xlsx,PUF_DataDictionary,183,1571,EXTRACTED_UNREVIEWED
SRC-PARIS-C1-RPASIDEFX,PARIS-C1-PUF202605-CODEBOOK,PaRIS,1,RPasidefx,ASK ALL,numeric,RECODE of Q_CONFIDENT_MPBSPASIDEFX (How confident are you that you can identify when you are having side effects from your medications?),Not confident at all/Does not apply = 0; Somewhat confident = 1; Confident = 2; Very confident = 3,3015,3.66,4,0,3,2,,RPasidefx,RECODE of Q_CONFIDENT_MPBSPASIDEFX (How confident are you that you can identify when you are having side effects from your medications?),Numeric,RECODE of Q_CONFIDENT_MPBSPASIDEFX (How confident are you that you can identify when you are having side effects from your medications?),MATCHED,paris-cycle1-puf-codebook-202605-v0.xlsx,PUF_DataDictionary,184,1578,EXTRACTED_UNREVIEWED
SRC-PARIS-C1-REHEALS,PARIS-C1-PUF202605-CODEBOOK,PaRIS,1,REheals,ASK ALL,numeric,RECODE of Q_CONFIDENT_eHEALS (How confident are you in using information from the Internet to make health decisions?),Not confident at all/Does not apply = 0; Somewhat confident = 1; Confident = 2; Very confident = 3,3090,3.76,4,0,3,1,,REheals,RECODE of Q_CONFIDENT_eHEALS (How confident are you in using information from the Internet to make health decisions?),Numeric,RECODE of Q_CONFIDENT_eHEALS (How confident are you in using information from the Internet to make health decisions?),MATCHED,paris-cycle1-puf-codebook-202605-v0.xlsx,PUF_DataDictionary,185,1585,EXTRACTED_UNREVIEWED
SRC-PARIS-C1-CSM1,PARIS-C1-PUF202605-CODEBOOK,PaRIS,1,CSM1,ASK ALL,numeric,confidence in self-management with six items,,4950,6.02,19,0,3,2.16666674613953,,CSM1,confidence in self-management with six items,Numeric,"Scale based on EFA of the entire patient dataset, across countries and providers. Items: Rp3ceq10 RPainstrc RPamedrec RPanecess RPasidefx Reheals",MATCHED,paris-cycle1-puf-codebook-202605-v0.xlsx,PUF_DataDictionary,186,1593,EXTRACTED_UNREVIEWED
SRC-PARIS-C1-CSM1A,PARIS-C1-PUF202605-CODEBOOK,PaRIS,1,CSM1a,ASK ALL,numeric,confidence in self-management with five items,,4634,5.63,16,0,3,2.40000009536743,,CSM1a,confidence in self-management with five items,Numeric,"Scale based on EFA of the entire patient dataset, across countries and providers. Items: Rp3ceq10 RPainstrc RPamedrec RPanecess Rpasidefx",MATCHED,paris-cycle1-puf-codebook-202605-v0.xlsx,PUF_DataDictionary,187,1594,EXTRACTED_UNREVIEWED
SRC-PARIS-C1-GLOBAL9R_DICH,PARIS-C1-PUF202605-CODEBOOK,PaRIS,1,GLOBAL9R_dich,ASK ALL,numeric,"Social activities dichotomised: Rate how well you carry out your usual social activities and roles. (This includes activities at home, at work and in your community, and responsibilities as a parent, child, spouse, employee, friend, etc.)","Fair or poor = 0; Good, very good or excellent = 1",955,1.1599999999999999,2,0,1,1,,GLOBAL9R_dich,"Social activities dichotomised: Rate how well you carry out your usual social activities and roles. (This includes activities at home, at work and in your community, and responsibilities as a parent, child, spouse, employee, friend, etc.)",Numeric,,MATCHED,paris-cycle1-puf-codebook-202605-v0.xlsx,PUF_DataDictionary,188,1596,EXTRACTED_UNREVIEWED
SRC-PARIS-C1-P3CEQ_PC_TOT,PARIS-C1-PUF202605-CODEBOOK,PaRIS,1,p3ceq_pc_tot,ASK IF Q_CHRONCOND = 1 TO 12,numeric,P3CEQ Person centredness scale,,25037,30.43,25,0,24,17,,p3ceq_pc_tot,P3CEQ Person centredness scale,Numeric,"The scale score for experienced person-centred care, constructed in accordance with the guidelines descibed in: Priya Sugavanam, Richard Byng & Helen Lloyd, The Person Centred Coordinated Care Experiences Questionnaire: P3CEQ, Plymouth University. The score is the sum of the recoded variables Rp3ceq1 Rp3ceq2 Rp3ceq3 Rp3ceq4 Rp3ceq5 Rp3ceq8 Rp3ceq9 and Rp3ceq10 for cases with no missings on these items (p3ceqpc_miss=0). (Original items are: P3CEQ1 P3CEQ2 P3CEQ3 P3CEQ4 P3CEQ5 P3CEQ8 P3CEQ9 and P3CEQ10.)",MATCHED,paris-cycle1-puf-codebook-202605-v0.xlsx,PUF_DataDictionary,189,1374,EXTRACTED_UNREVIEWED
SRC-PARIS-C1-TOTALCHRONIC_NO_OTHER,PARIS-C1-PUF202605-CODEBOOK,PaRIS,1,TotalChronic_No_Other,ASK ALL,numeric,Number of chronic conditions - Excluding Q_CHRONCOND12-Other,,3140,3.82,12,0,11,4,Removed from Norway's and Luxembourg's PUF,TotalChronic_No_Other,Number of chronic conditions - Excluding Q_CHRONCOND12-Other,Numeric,"Alternative to TotalChronic. It contains the total number of Chronic conditions, excluding ""other"" (Q_CHRONCOND12), but for this variable, respondents with 11 missing values on the questions on Chronic conditions (Q_CHRONCOND01-Q_CHRONCOND11) have been left out.",MATCHED,paris-cycle1-puf-codebook-202605-v0.xlsx,PUF_DataDictionary,190,1284,EXTRACTED_UNREVIEWED
SRC-PARIS-C1-CHRDICH,PARIS-C1-PUF202605-CODEBOOK,PaRIS,1,ChrDich,ASK ALL,numeric,Chronic condition yes or no - Including Q_CHRONCOND12-Other,No chronic condition = 0; 1 or more chronic condition(s) = 1,3539,4.3,2,0,1,1,,ChrDich,Chronic condition yes or no - Including Q_CHRONCOND12-Other,Numeric,,MATCHED,paris-cycle1-puf-codebook-202605-v0.xlsx,PUF_DataDictionary,191,1272,EXTRACTED_UNREVIEWED
SRC-PARIS-C1-CHRDICH_NO_OTHER,PARIS-C1-PUF202605-CODEBOOK,PaRIS,1,ChrDich_No_Other,ASK ALL,numeric,Chronic condition yes or no - Excluding Q_CHRONCOND12-Other,No chronic condition = 0; 1 or more chronic condition(s) = 1,7710,9.3699999999999992,2,0,1,1,ChrDich_No_Other,ChrDich_No_Other,Chronic condition yes or no - Excluding Q_CHRONCOND12-Other,Numeric,,MATCHED,paris-cycle1-puf-codebook-202605-v0.xlsx,PUF_DataDictionary,192,1279,EXTRACTED_UNREVIEWED
SRC-PARIS-C1-AGE_4CAT,PARIS-C1-PUF202605-CODEBOOK,PaRIS,1,Age_4cat,ASK ALL,numeric,Age in four categories including US,45-54 years old = 1; 55-64 years old = 2; 65-74 years old = 3; 75 years or older = 4,211,0.26,4,1,4,4,Four categories for Q_AGE using the US coding,Age_4cat,Age in four categories including US,Numeric,,MATCHED,paris-cycle1-puf-codebook-202605-v0.xlsx,PUF_DataDictionary,193,1298,EXTRACTED_UNREVIEWED
SRC-PARIS-C1-EDUCATION_3CAT,PARIS-C1-PUF202605-CODEBOOK,PaRIS,1,Education_3cat,ASK ALL,numeric,Education level in 3 categories,Low = 1; Middle = 2; High = 3,6940,8.44,3,1,3,2,Country-specific categories from Q_ISCED were harmonized and simplified into 3 categories (Education_3cat),Education_3cat,Education level in 3 categories including US,Numeric,"Q_ISCED: 1,2,3,4,5,6,16,17,18,19,20,21,22,23,35,36,42,43,44,59,67,68,69,78,79,80,86,94,95,96,97,98,108,114,115,117,118,119,120,121,122,140,141,142,156,157,164,165,166,167,168. For Australia, Italy and France, having applied ISCED in 9 categories, recoded from ISCED-9: 1,2,3. US Q_ISCED: 175 (Less than high school) Q_ISCED: 7,8,9,10,24,25,37,38,39,45,46,47,60,61,62,64,65,66,70,71,72,81,82,83,84,85,87,99,100,101,109,110,116,123,124,125,128,143,144,145,158,159,163,169,170,171,172. For Australia, Italy and France, having applied ISCED in 9 categories, recoded from: ISCED-9: 4,5. US Q_ISCED: 174 (Some college but no degree / Some college and associate's degree) Q_ISCED: 11,12,13,14,15,26,40,41,48,49,50,51,52,53,54,55,56,57,63,73,74,75,76,77,88,89,90,91,92,93,102,103,104,105,106,107,111,112,113,126,127,129,147,148,149,160,161,162. For Australia, Italy and France, having applied ISCED in 9 categories, recoded from: ISCED-9: 6,7,8,9. US Q_ISCED: 173 (Bachelor's degree or higher)",MATCHED,paris-cycle1-puf-codebook-202605-v0.xlsx,PUF_DataDictionary,194,1549,EXTRACTED_UNREVIEWED
SRC-PARIS-C1-CLUSTER_CONCORDANT,PARIS-C1-PUF202605-CODEBOOK,PaRIS,1,cluster_concordant,ASK ALL,numeric,Two or more chronic concordant conditions (high blood pressure/Cardiovascular conditions/Diabetes/Chronic kidney disease) - excludes all other conditions,,3140,3.82,2,0,1,0,,cluster_concordant,Two or more chronic concordant conditions (high blood pressure/Cardiovascular conditions/Diabetes/Chronic kidney disease) - excludes all other conditions,,NEW,MATCHED,paris-cycle1-puf-codebook-202605-v0.xlsx,PUF_DataDictionary,195,1602,EXTRACTED_UNREVIEWED
SRC-PARIS-C1-CLUSTER_DISCORDANT,PARIS-C1-PUF202605-CODEBOOK,PaRIS,1,cluster_discordant,ASK ALL,numeric,Two or more chronic discordant conditions (includes arthritis/Breathing conditions/Alzheimer's/Neurological conditions/liver disease/cancer) - excludes mental health conditions,,3140,3.82,2,0,1,1,,cluster_discordant,Two or more chronic discordant conditions (includes arthritis/Breathing conditions/Alzheimer's/Neurological conditions/liver disease/cancer) - excludes mental health conditions,,NEW,MATCHED,paris-cycle1-puf-codebook-202605-v0.xlsx,PUF_DataDictionary,196,1606,EXTRACTED_UNREVIEWED
SRC-PARIS-C1-CLUSTER_MENTAL,PARIS-C1-PUF202605-CODEBOOK,PaRIS,1,cluster_mental,ASK ALL,numeric,Two or more chronic conditions with at least one mental health condition,,3140,3.82,2,0,1,0,,cluster_mental,Two or more chronic conditions with at least one mental health condition,,NEW,MATCHED,paris-cycle1-puf-codebook-202605-v0.xlsx,PUF_DataDictionary,197,1609,EXTRACTED_UNREVIEWED
