source_variable_id,variable_name,answer_value,answer_code,source_id,source_sheet,source_row,review_status,is_missing_category
SRC-PARIS-C1-PATIENT_SERIAL,Patient_serial,Open ended,,PARIS-C1-PUF202605-CODEBOOK,PUF_MSPatient Codebook,2,EXTRACTED_UNREVIEWED,FALSE
SRC-PARIS-C1-PRACTICE_SERIAL,Practice_serial,Open ended,,PARIS-C1-PUF202605-CODEBOOK,PUF_MSPatient Codebook,4,EXTRACTED_UNREVIEWED,FALSE
SRC-PARIS-C1-COUNTRY,,AUSTRALIA,1,PARIS-C1-PUF202605-CODEBOOK,PUF_MSPatient Codebook,7,EXTRACTED_UNREVIEWED,FALSE
SRC-PARIS-C1-COUNTRY,,BELGIUM,2,PARIS-C1-PUF202605-CODEBOOK,PUF_MSPatient Codebook,8,EXTRACTED_UNREVIEWED,FALSE
SRC-PARIS-C1-COUNTRY,,CANADA,3,PARIS-C1-PUF202605-CODEBOOK,PUF_MSPatient Codebook,9,EXTRACTED_UNREVIEWED,FALSE
SRC-PARIS-C1-COUNTRY,,CZECHIA,4,PARIS-C1-PUF202605-CODEBOOK,PUF_MSPatient Codebook,10,EXTRACTED_UNREVIEWED,FALSE
SRC-PARIS-C1-COUNTRY,,FRANCE,5,PARIS-C1-PUF202605-CODEBOOK,PUF_MSPatient Codebook,11,EXTRACTED_UNREVIEWED,FALSE
SRC-PARIS-C1-COUNTRY,,GREECE,6,PARIS-C1-PUF202605-CODEBOOK,PUF_MSPatient Codebook,12,EXTRACTED_UNREVIEWED,FALSE
SRC-PARIS-C1-COUNTRY,,ICELAND,7,PARIS-C1-PUF202605-CODEBOOK,PUF_MSPatient Codebook,13,EXTRACTED_UNREVIEWED,FALSE
SRC-PARIS-C1-COUNTRY,,ITALY,8,PARIS-C1-PUF202605-CODEBOOK,PUF_MSPatient Codebook,14,EXTRACTED_UNREVIEWED,FALSE
SRC-PARIS-C1-COUNTRY,,LUXEMBOURG,9,PARIS-C1-PUF202605-CODEBOOK,PUF_MSPatient Codebook,15,EXTRACTED_UNREVIEWED,FALSE
SRC-PARIS-C1-COUNTRY,,NETHERLANDS,10,PARIS-C1-PUF202605-CODEBOOK,PUF_MSPatient Codebook,16,EXTRACTED_UNREVIEWED,FALSE
SRC-PARIS-C1-COUNTRY,,NORWAY,11,PARIS-C1-PUF202605-CODEBOOK,PUF_MSPatient Codebook,17,EXTRACTED_UNREVIEWED,FALSE
SRC-PARIS-C1-COUNTRY,,PORTUGAL,12,PARIS-C1-PUF202605-CODEBOOK,PUF_MSPatient Codebook,18,EXTRACTED_UNREVIEWED,FALSE
SRC-PARIS-C1-COUNTRY,,ROMANIA,13,PARIS-C1-PUF202605-CODEBOOK,PUF_MSPatient Codebook,19,EXTRACTED_UNREVIEWED,FALSE
SRC-PARIS-C1-COUNTRY,,SAUDI ARABIA,14,PARIS-C1-PUF202605-CODEBOOK,PUF_MSPatient Codebook,20,EXTRACTED_UNREVIEWED,FALSE
SRC-PARIS-C1-COUNTRY,,SLOVENIA,15,PARIS-C1-PUF202605-CODEBOOK,PUF_MSPatient Codebook,21,EXTRACTED_UNREVIEWED,FALSE
SRC-PARIS-C1-COUNTRY,,SPAIN,16,PARIS-C1-PUF202605-CODEBOOK,PUF_MSPatient Codebook,22,EXTRACTED_UNREVIEWED,FALSE
SRC-PARIS-C1-COUNTRY,,SWITZERLAND,17,PARIS-C1-PUF202605-CODEBOOK,PUF_MSPatient Codebook,23,EXTRACTED_UNREVIEWED,FALSE
SRC-PARIS-C1-COUNTRY,,US,18,PARIS-C1-PUF202605-CODEBOOK,PUF_MSPatient Codebook,24,EXTRACTED_UNREVIEWED,FALSE
SRC-PARIS-C1-COUNTRY,,WALES,19,PARIS-C1-PUF202605-CODEBOOK,PUF_MSPatient Codebook,25,EXTRACTED_UNREVIEWED,FALSE
SRC-PARIS-C1-DATACOLLECTION_STARTTIME,DataCollection_StartTime,Open ended,,PARIS-C1-PUF202605-CODEBOOK,PUF_MSPatient Codebook,27,EXTRACTED_UNREVIEWED,FALSE
SRC-PARIS-C1-DATACOLLECTION_FINISHTIME,DataCollection_FinishTime,Open ended,,PARIS-C1-PUF202605-CODEBOOK,PUF_MSPatient Codebook,29,EXTRACTED_UNREVIEWED,FALSE
SRC-PARIS-C1-Q_GLOBAL01,,Not answered,-97,PARIS-C1-PUF202605-CODEBOOK,PUF_MSPatient Codebook,33,EXTRACTED_UNREVIEWED,TRUE
SRC-PARIS-C1-Q_GLOBAL01,,Multiple answers,-96,PARIS-C1-PUF202605-CODEBOOK,PUF_MSPatient Codebook,34,EXTRACTED_UNREVIEWED,TRUE
SRC-PARIS-C1-Q_GLOBAL01,,Question not asked,-95,PARIS-C1-PUF202605-CODEBOOK,PUF_MSPatient Codebook,35,EXTRACTED_UNREVIEWED,TRUE
SRC-PARIS-C1-Q_GLOBAL01,,Excellent,1,PARIS-C1-PUF202605-CODEBOOK,PUF_MSPatient Codebook,36,EXTRACTED_UNREVIEWED,FALSE
SRC-PARIS-C1-Q_GLOBAL01,,Very good,2,PARIS-C1-PUF202605-CODEBOOK,PUF_MSPatient Codebook,37,EXTRACTED_UNREVIEWED,FALSE
SRC-PARIS-C1-Q_GLOBAL01,,Good,3,PARIS-C1-PUF202605-CODEBOOK,PUF_MSPatient Codebook,38,EXTRACTED_UNREVIEWED,FALSE
SRC-PARIS-C1-Q_GLOBAL01,,Fair,4,PARIS-C1-PUF202605-CODEBOOK,PUF_MSPatient Codebook,39,EXTRACTED_UNREVIEWED,FALSE
SRC-PARIS-C1-Q_GLOBAL01,,Poor,5,PARIS-C1-PUF202605-CODEBOOK,PUF_MSPatient Codebook,40,EXTRACTED_UNREVIEWED,FALSE
SRC-PARIS-C1-Q_GLOBAL01,,NA,6,PARIS-C1-PUF202605-CODEBOOK,PUF_MSPatient Codebook,41,EXTRACTED_UNREVIEWED,TRUE
SRC-PARIS-C1-Q_GLOBAL02,,Not answered,-97,PARIS-C1-PUF202605-CODEBOOK,PUF_MSPatient Codebook,44,EXTRACTED_UNREVIEWED,TRUE
SRC-PARIS-C1-Q_GLOBAL02,,Multiple answers,-96,PARIS-C1-PUF202605-CODEBOOK,PUF_MSPatient Codebook,45,EXTRACTED_UNREVIEWED,TRUE
SRC-PARIS-C1-Q_GLOBAL02,,Question not asked,-95,PARIS-C1-PUF202605-CODEBOOK,PUF_MSPatient Codebook,46,EXTRACTED_UNREVIEWED,TRUE
SRC-PARIS-C1-Q_GLOBAL02,,Excellent,1,PARIS-C1-PUF202605-CODEBOOK,PUF_MSPatient Codebook,47,EXTRACTED_UNREVIEWED,FALSE
SRC-PARIS-C1-Q_GLOBAL02,,Very good,2,PARIS-C1-PUF202605-CODEBOOK,PUF_MSPatient Codebook,48,EXTRACTED_UNREVIEWED,FALSE
SRC-PARIS-C1-Q_GLOBAL02,,Good,3,PARIS-C1-PUF202605-CODEBOOK,PUF_MSPatient Codebook,49,EXTRACTED_UNREVIEWED,FALSE
SRC-PARIS-C1-Q_GLOBAL02,,Fair,4,PARIS-C1-PUF202605-CODEBOOK,PUF_MSPatient Codebook,50,EXTRACTED_UNREVIEWED,FALSE
SRC-PARIS-C1-Q_GLOBAL02,,Poor,5,PARIS-C1-PUF202605-CODEBOOK,PUF_MSPatient Codebook,51,EXTRACTED_UNREVIEWED,FALSE
SRC-PARIS-C1-Q_GLOBAL02,,NA,6,PARIS-C1-PUF202605-CODEBOOK,PUF_MSPatient Codebook,52,EXTRACTED_UNREVIEWED,TRUE
SRC-PARIS-C1-Q_GLOBAL03,,Not answered,-97,PARIS-C1-PUF202605-CODEBOOK,PUF_MSPatient Codebook,55,EXTRACTED_UNREVIEWED,TRUE
SRC-PARIS-C1-Q_GLOBAL03,,Multiple answers,-96,PARIS-C1-PUF202605-CODEBOOK,PUF_MSPatient Codebook,56,EXTRACTED_UNREVIEWED,TRUE
SRC-PARIS-C1-Q_GLOBAL03,,Question not asked,-95,PARIS-C1-PUF202605-CODEBOOK,PUF_MSPatient Codebook,57,EXTRACTED_UNREVIEWED,TRUE
SRC-PARIS-C1-Q_GLOBAL03,,Excellent,1,PARIS-C1-PUF202605-CODEBOOK,PUF_MSPatient Codebook,58,EXTRACTED_UNREVIEWED,FALSE
SRC-PARIS-C1-Q_GLOBAL03,,Very good,2,PARIS-C1-PUF202605-CODEBOOK,PUF_MSPatient Codebook,59,EXTRACTED_UNREVIEWED,FALSE
SRC-PARIS-C1-Q_GLOBAL03,,Good,3,PARIS-C1-PUF202605-CODEBOOK,PUF_MSPatient Codebook,60,EXTRACTED_UNREVIEWED,FALSE
SRC-PARIS-C1-Q_GLOBAL03,,Fair,4,PARIS-C1-PUF202605-CODEBOOK,PUF_MSPatient Codebook,61,EXTRACTED_UNREVIEWED,FALSE
SRC-PARIS-C1-Q_GLOBAL03,,Poor,5,PARIS-C1-PUF202605-CODEBOOK,PUF_MSPatient Codebook,62,EXTRACTED_UNREVIEWED,FALSE
SRC-PARIS-C1-Q_GLOBAL03,,NA,6,PARIS-C1-PUF202605-CODEBOOK,PUF_MSPatient Codebook,63,EXTRACTED_UNREVIEWED,TRUE
SRC-PARIS-C1-Q_GLOBAL04,,Not answered,-97,PARIS-C1-PUF202605-CODEBOOK,PUF_MSPatient Codebook,66,EXTRACTED_UNREVIEWED,TRUE
SRC-PARIS-C1-Q_GLOBAL04,,Multiple answers,-96,PARIS-C1-PUF202605-CODEBOOK,PUF_MSPatient Codebook,67,EXTRACTED_UNREVIEWED,TRUE
SRC-PARIS-C1-Q_GLOBAL04,,Question not asked,-95,PARIS-C1-PUF202605-CODEBOOK,PUF_MSPatient Codebook,68,EXTRACTED_UNREVIEWED,TRUE
SRC-PARIS-C1-Q_GLOBAL04,,Excellent,1,PARIS-C1-PUF202605-CODEBOOK,PUF_MSPatient Codebook,69,EXTRACTED_UNREVIEWED,FALSE
SRC-PARIS-C1-Q_GLOBAL04,,Very good,2,PARIS-C1-PUF202605-CODEBOOK,PUF_MSPatient Codebook,70,EXTRACTED_UNREVIEWED,FALSE
SRC-PARIS-C1-Q_GLOBAL04,,Good,3,PARIS-C1-PUF202605-CODEBOOK,PUF_MSPatient Codebook,71,EXTRACTED_UNREVIEWED,FALSE
SRC-PARIS-C1-Q_GLOBAL04,,Fair,4,PARIS-C1-PUF202605-CODEBOOK,PUF_MSPatient Codebook,72,EXTRACTED_UNREVIEWED,FALSE
SRC-PARIS-C1-Q_GLOBAL04,,Poor,5,PARIS-C1-PUF202605-CODEBOOK,PUF_MSPatient Codebook,73,EXTRACTED_UNREVIEWED,FALSE
SRC-PARIS-C1-Q_GLOBAL04,,NA,6,PARIS-C1-PUF202605-CODEBOOK,PUF_MSPatient Codebook,74,EXTRACTED_UNREVIEWED,TRUE
SRC-PARIS-C1-Q_GLOBAL05,,Not answered,-97,PARIS-C1-PUF202605-CODEBOOK,PUF_MSPatient Codebook,77,EXTRACTED_UNREVIEWED,TRUE
SRC-PARIS-C1-Q_GLOBAL05,,Multiple answers,-96,PARIS-C1-PUF202605-CODEBOOK,PUF_MSPatient Codebook,78,EXTRACTED_UNREVIEWED,TRUE
SRC-PARIS-C1-Q_GLOBAL05,,Question not asked,-95,PARIS-C1-PUF202605-CODEBOOK,PUF_MSPatient Codebook,79,EXTRACTED_UNREVIEWED,TRUE
SRC-PARIS-C1-Q_GLOBAL05,,Excellent,1,PARIS-C1-PUF202605-CODEBOOK,PUF_MSPatient Codebook,80,EXTRACTED_UNREVIEWED,FALSE
SRC-PARIS-C1-Q_GLOBAL05,,Very good,2,PARIS-C1-PUF202605-CODEBOOK,PUF_MSPatient Codebook,81,EXTRACTED_UNREVIEWED,FALSE
SRC-PARIS-C1-Q_GLOBAL05,,Good,3,PARIS-C1-PUF202605-CODEBOOK,PUF_MSPatient Codebook,82,EXTRACTED_UNREVIEWED,FALSE
SRC-PARIS-C1-Q_GLOBAL05,,Fair,4,PARIS-C1-PUF202605-CODEBOOK,PUF_MSPatient Codebook,83,EXTRACTED_UNREVIEWED,FALSE
SRC-PARIS-C1-Q_GLOBAL05,,Poor,5,PARIS-C1-PUF202605-CODEBOOK,PUF_MSPatient Codebook,84,EXTRACTED_UNREVIEWED,FALSE
SRC-PARIS-C1-Q_GLOBAL05,,NA,6,PARIS-C1-PUF202605-CODEBOOK,PUF_MSPatient Codebook,85,EXTRACTED_UNREVIEWED,TRUE
SRC-PARIS-C1-Q_GLOBAL9R,,Not answered,-97,PARIS-C1-PUF202605-CODEBOOK,PUF_MSPatient Codebook,88,EXTRACTED_UNREVIEWED,TRUE
SRC-PARIS-C1-Q_GLOBAL9R,,Multiple answers,-96,PARIS-C1-PUF202605-CODEBOOK,PUF_MSPatient Codebook,89,EXTRACTED_UNREVIEWED,TRUE
SRC-PARIS-C1-Q_GLOBAL9R,,Question not asked,-95,PARIS-C1-PUF202605-CODEBOOK,PUF_MSPatient Codebook,90,EXTRACTED_UNREVIEWED,TRUE
SRC-PARIS-C1-Q_GLOBAL9R,,Excellent,1,PARIS-C1-PUF202605-CODEBOOK,PUF_MSPatient Codebook,91,EXTRACTED_UNREVIEWED,FALSE
SRC-PARIS-C1-Q_GLOBAL9R,,Very good,2,PARIS-C1-PUF202605-CODEBOOK,PUF_MSPatient Codebook,92,EXTRACTED_UNREVIEWED,FALSE
SRC-PARIS-C1-Q_GLOBAL9R,,Good,3,PARIS-C1-PUF202605-CODEBOOK,PUF_MSPatient Codebook,93,EXTRACTED_UNREVIEWED,FALSE
SRC-PARIS-C1-Q_GLOBAL9R,,Fair,4,PARIS-C1-PUF202605-CODEBOOK,PUF_MSPatient Codebook,94,EXTRACTED_UNREVIEWED,FALSE
SRC-PARIS-C1-Q_GLOBAL9R,,Poor,5,PARIS-C1-PUF202605-CODEBOOK,PUF_MSPatient Codebook,95,EXTRACTED_UNREVIEWED,FALSE
SRC-PARIS-C1-Q_GLOBAL9R,,NA,6,PARIS-C1-PUF202605-CODEBOOK,PUF_MSPatient Codebook,96,EXTRACTED_UNREVIEWED,TRUE
SRC-PARIS-C1-Q_GLOBAL06,,Not answered,-97,PARIS-C1-PUF202605-CODEBOOK,PUF_MSPatient Codebook,99,EXTRACTED_UNREVIEWED,TRUE
SRC-PARIS-C1-Q_GLOBAL06,,Multiple answers,-96,PARIS-C1-PUF202605-CODEBOOK,PUF_MSPatient Codebook,100,EXTRACTED_UNREVIEWED,TRUE
SRC-PARIS-C1-Q_GLOBAL06,,Question not asked,-95,PARIS-C1-PUF202605-CODEBOOK,PUF_MSPatient Codebook,101,EXTRACTED_UNREVIEWED,TRUE
SRC-PARIS-C1-Q_GLOBAL06,,Completely,1,PARIS-C1-PUF202605-CODEBOOK,PUF_MSPatient Codebook,102,EXTRACTED_UNREVIEWED,FALSE
SRC-PARIS-C1-Q_GLOBAL06,,Mostly,2,PARIS-C1-PUF202605-CODEBOOK,PUF_MSPatient Codebook,103,EXTRACTED_UNREVIEWED,FALSE
SRC-PARIS-C1-Q_GLOBAL06,,Moderately,3,PARIS-C1-PUF202605-CODEBOOK,PUF_MSPatient Codebook,104,EXTRACTED_UNREVIEWED,FALSE
SRC-PARIS-C1-Q_GLOBAL06,,A little,4,PARIS-C1-PUF202605-CODEBOOK,PUF_MSPatient Codebook,105,EXTRACTED_UNREVIEWED,FALSE
SRC-PARIS-C1-Q_GLOBAL06,,Not at all,5,PARIS-C1-PUF202605-CODEBOOK,PUF_MSPatient Codebook,106,EXTRACTED_UNREVIEWED,FALSE
SRC-PARIS-C1-Q_GLOBAL06,,NA,6,PARIS-C1-PUF202605-CODEBOOK,PUF_MSPatient Codebook,107,EXTRACTED_UNREVIEWED,TRUE
SRC-PARIS-C1-PROMISDYSCB001,,Not answered,-97,PARIS-C1-PUF202605-CODEBOOK,PUF_MSPatient Codebook,110,EXTRACTED_UNREVIEWED,TRUE
SRC-PARIS-C1-PROMISDYSCB001,,Multiple answers,-96,PARIS-C1-PUF202605-CODEBOOK,PUF_MSPatient Codebook,111,EXTRACTED_UNREVIEWED,TRUE
SRC-PARIS-C1-PROMISDYSCB001,,Question not asked,-95,PARIS-C1-PUF202605-CODEBOOK,PUF_MSPatient Codebook,112,EXTRACTED_UNREVIEWED,TRUE
SRC-PARIS-C1-PROMISDYSCB001,,Not at all,1,PARIS-C1-PUF202605-CODEBOOK,PUF_MSPatient Codebook,113,EXTRACTED_UNREVIEWED,FALSE
SRC-PARIS-C1-PROMISDYSCB001,,A little bit,2,PARIS-C1-PUF202605-CODEBOOK,PUF_MSPatient Codebook,114,EXTRACTED_UNREVIEWED,FALSE
SRC-PARIS-C1-PROMISDYSCB001,,Somewhat,3,PARIS-C1-PUF202605-CODEBOOK,PUF_MSPatient Codebook,115,EXTRACTED_UNREVIEWED,FALSE
SRC-PARIS-C1-PROMISDYSCB001,,Quite a bit,4,PARIS-C1-PUF202605-CODEBOOK,PUF_MSPatient Codebook,116,EXTRACTED_UNREVIEWED,FALSE
SRC-PARIS-C1-PROMISDYSCB001,,Very much,5,PARIS-C1-PUF202605-CODEBOOK,PUF_MSPatient Codebook,117,EXTRACTED_UNREVIEWED,FALSE
SRC-PARIS-C1-PROMISDYSCB001,,NA,6,PARIS-C1-PUF202605-CODEBOOK,PUF_MSPatient Codebook,118,EXTRACTED_UNREVIEWED,TRUE
SRC-PARIS-C1-Q_GLOBAL08R,,Not answered,-97,PARIS-C1-PUF202605-CODEBOOK,PUF_MSPatient Codebook,121,EXTRACTED_UNREVIEWED,TRUE
SRC-PARIS-C1-Q_GLOBAL08R,,Multiple answers,-96,PARIS-C1-PUF202605-CODEBOOK,PUF_MSPatient Codebook,122,EXTRACTED_UNREVIEWED,TRUE
SRC-PARIS-C1-Q_GLOBAL08R,,Question not asked,-95,PARIS-C1-PUF202605-CODEBOOK,PUF_MSPatient Codebook,123,EXTRACTED_UNREVIEWED,TRUE
SRC-PARIS-C1-Q_GLOBAL08R,,None,1,PARIS-C1-PUF202605-CODEBOOK,PUF_MSPatient Codebook,124,EXTRACTED_UNREVIEWED,FALSE
SRC-PARIS-C1-Q_GLOBAL08R,,Mild,2,PARIS-C1-PUF202605-CODEBOOK,PUF_MSPatient Codebook,125,EXTRACTED_UNREVIEWED,FALSE
SRC-PARIS-C1-Q_GLOBAL08R,,Moderate,3,PARIS-C1-PUF202605-CODEBOOK,PUF_MSPatient Codebook,126,EXTRACTED_UNREVIEWED,FALSE
SRC-PARIS-C1-Q_GLOBAL08R,,Severe,4,PARIS-C1-PUF202605-CODEBOOK,PUF_MSPatient Codebook,127,EXTRACTED_UNREVIEWED,FALSE
SRC-PARIS-C1-Q_GLOBAL08R,,Very severe,5,PARIS-C1-PUF202605-CODEBOOK,PUF_MSPatient Codebook,128,EXTRACTED_UNREVIEWED,FALSE
SRC-PARIS-C1-Q_GLOBAL08R,,NA,6,PARIS-C1-PUF202605-CODEBOOK,PUF_MSPatient Codebook,129,EXTRACTED_UNREVIEWED,TRUE
SRC-PARIS-C1-Q_PROMISPAIN,,Not answered,-97,PARIS-C1-PUF202605-CODEBOOK,PUF_MSPatient Codebook,132,EXTRACTED_UNREVIEWED,TRUE
SRC-PARIS-C1-Q_PROMISPAIN,,Multiple answers,-96,PARIS-C1-PUF202605-CODEBOOK,PUF_MSPatient Codebook,133,EXTRACTED_UNREVIEWED,TRUE
SRC-PARIS-C1-Q_PROMISPAIN,,Question not asked,-95,PARIS-C1-PUF202605-CODEBOOK,PUF_MSPatient Codebook,134,EXTRACTED_UNREVIEWED,TRUE
SRC-PARIS-C1-Q_PROMISPAIN,,Not at all,1,PARIS-C1-PUF202605-CODEBOOK,PUF_MSPatient Codebook,135,EXTRACTED_UNREVIEWED,FALSE
SRC-PARIS-C1-Q_PROMISPAIN,,A little bit,2,PARIS-C1-PUF202605-CODEBOOK,PUF_MSPatient Codebook,136,EXTRACTED_UNREVIEWED,FALSE
SRC-PARIS-C1-Q_PROMISPAIN,,Somewhat,3,PARIS-C1-PUF202605-CODEBOOK,PUF_MSPatient Codebook,137,EXTRACTED_UNREVIEWED,FALSE
SRC-PARIS-C1-Q_PROMISPAIN,,Quite a bit,4,PARIS-C1-PUF202605-CODEBOOK,PUF_MSPatient Codebook,138,EXTRACTED_UNREVIEWED,FALSE
SRC-PARIS-C1-Q_PROMISPAIN,,Very much,5,PARIS-C1-PUF202605-CODEBOOK,PUF_MSPatient Codebook,139,EXTRACTED_UNREVIEWED,FALSE
SRC-PARIS-C1-Q_PROMISPAIN,,NA,6,PARIS-C1-PUF202605-CODEBOOK,PUF_MSPatient Codebook,140,EXTRACTED_UNREVIEWED,TRUE
SRC-PARIS-C1-Q_GLOBAL07R,,Not answered,-97,PARIS-C1-PUF202605-CODEBOOK,PUF_MSPatient Codebook,143,EXTRACTED_UNREVIEWED,TRUE
SRC-PARIS-C1-Q_GLOBAL07R,,Multiple answers,-96,PARIS-C1-PUF202605-CODEBOOK,PUF_MSPatient Codebook,144,EXTRACTED_UNREVIEWED,TRUE
SRC-PARIS-C1-Q_GLOBAL07R,,Question not asked,-95,PARIS-C1-PUF202605-CODEBOOK,PUF_MSPatient Codebook,145,EXTRACTED_UNREVIEWED,TRUE
SRC-PARIS-C1-Q_GLOBAL07R,,Score between:,,PARIS-C1-PUF202605-CODEBOOK,PUF_MSPatient Codebook,146,EXTRACTED_UNREVIEWED,FALSE
SRC-PARIS-C1-Q_GLOBAL07R,,0 - No pain,0,PARIS-C1-PUF202605-CODEBOOK,PUF_MSPatient Codebook,147,EXTRACTED_UNREVIEWED,FALSE
SRC-PARIS-C1-Q_GLOBAL07R,,10 - Worst imaginable pain,10,PARIS-C1-PUF202605-CODEBOOK,PUF_MSPatient Codebook,148,EXTRACTED_UNREVIEWED,FALSE
SRC-PARIS-C1-Q_GLOBAL10R,,Not answered,-97,PARIS-C1-PUF202605-CODEBOOK,PUF_MSPatient Codebook,151,EXTRACTED_UNREVIEWED,TRUE
SRC-PARIS-C1-Q_GLOBAL10R,,Multiple answers,-96,PARIS-C1-PUF202605-CODEBOOK,PUF_MSPatient Codebook,152,EXTRACTED_UNREVIEWED,TRUE
SRC-PARIS-C1-Q_GLOBAL10R,,Question not asked,-95,PARIS-C1-PUF202605-CODEBOOK,PUF_MSPatient Codebook,153,EXTRACTED_UNREVIEWED,TRUE
SRC-PARIS-C1-Q_GLOBAL10R,,Never,1,PARIS-C1-PUF202605-CODEBOOK,PUF_MSPatient Codebook,154,EXTRACTED_UNREVIEWED,FALSE
SRC-PARIS-C1-Q_GLOBAL10R,,Rarely,2,PARIS-C1-PUF202605-CODEBOOK,PUF_MSPatient Codebook,155,EXTRACTED_UNREVIEWED,FALSE
SRC-PARIS-C1-Q_GLOBAL10R,,Sometimes,3,PARIS-C1-PUF202605-CODEBOOK,PUF_MSPatient Codebook,156,EXTRACTED_UNREVIEWED,FALSE
SRC-PARIS-C1-Q_GLOBAL10R,,Often,4,PARIS-C1-PUF202605-CODEBOOK,PUF_MSPatient Codebook,157,EXTRACTED_UNREVIEWED,FALSE
SRC-PARIS-C1-Q_GLOBAL10R,,Always,5,PARIS-C1-PUF202605-CODEBOOK,PUF_MSPatient Codebook,158,EXTRACTED_UNREVIEWED,FALSE
SRC-PARIS-C1-Q_GLOBAL10R,,NA,6,PARIS-C1-PUF202605-CODEBOOK,PUF_MSPatient Codebook,159,EXTRACTED_UNREVIEWED,TRUE
SRC-PARIS-C1-QWHO5_A,,Not answered,-97,PARIS-C1-PUF202605-CODEBOOK,PUF_MSPatient Codebook,163,EXTRACTED_UNREVIEWED,TRUE
SRC-PARIS-C1-QWHO5_A,,Multiple answers,-96,PARIS-C1-PUF202605-CODEBOOK,PUF_MSPatient Codebook,164,EXTRACTED_UNREVIEWED,TRUE
SRC-PARIS-C1-QWHO5_A,,Question not asked,-95,PARIS-C1-PUF202605-CODEBOOK,PUF_MSPatient Codebook,165,EXTRACTED_UNREVIEWED,TRUE
SRC-PARIS-C1-QWHO5_A,,All of the time,1,PARIS-C1-PUF202605-CODEBOOK,PUF_MSPatient Codebook,166,EXTRACTED_UNREVIEWED,FALSE
SRC-PARIS-C1-QWHO5_A,,Most of the time,2,PARIS-C1-PUF202605-CODEBOOK,PUF_MSPatient Codebook,167,EXTRACTED_UNREVIEWED,FALSE
SRC-PARIS-C1-QWHO5_A,,More than half of the time,3,PARIS-C1-PUF202605-CODEBOOK,PUF_MSPatient Codebook,168,EXTRACTED_UNREVIEWED,FALSE
SRC-PARIS-C1-QWHO5_A,,Less than half of the time,4,PARIS-C1-PUF202605-CODEBOOK,PUF_MSPatient Codebook,169,EXTRACTED_UNREVIEWED,FALSE
SRC-PARIS-C1-QWHO5_A,,Some of the time,5,PARIS-C1-PUF202605-CODEBOOK,PUF_MSPatient Codebook,170,EXTRACTED_UNREVIEWED,FALSE
SRC-PARIS-C1-QWHO5_A,,At no time,6,PARIS-C1-PUF202605-CODEBOOK,PUF_MSPatient Codebook,171,EXTRACTED_UNREVIEWED,FALSE
SRC-PARIS-C1-QWHO5_A,,NA,7,PARIS-C1-PUF202605-CODEBOOK,PUF_MSPatient Codebook,172,EXTRACTED_UNREVIEWED,TRUE
SRC-PARIS-C1-QWHO5_B,,Not answered,-97,PARIS-C1-PUF202605-CODEBOOK,PUF_MSPatient Codebook,174,EXTRACTED_UNREVIEWED,TRUE
SRC-PARIS-C1-QWHO5_B,,Multiple answers,-96,PARIS-C1-PUF202605-CODEBOOK,PUF_MSPatient Codebook,175,EXTRACTED_UNREVIEWED,TRUE
SRC-PARIS-C1-QWHO5_B,,Question not asked,-95,PARIS-C1-PUF202605-CODEBOOK,PUF_MSPatient Codebook,176,EXTRACTED_UNREVIEWED,TRUE
SRC-PARIS-C1-QWHO5_B,,All of the time,1,PARIS-C1-PUF202605-CODEBOOK,PUF_MSPatient Codebook,177,EXTRACTED_UNREVIEWED,FALSE
SRC-PARIS-C1-QWHO5_B,,Most of the time,2,PARIS-C1-PUF202605-CODEBOOK,PUF_MSPatient Codebook,178,EXTRACTED_UNREVIEWED,FALSE
SRC-PARIS-C1-QWHO5_B,,More than half of the time,3,PARIS-C1-PUF202605-CODEBOOK,PUF_MSPatient Codebook,179,EXTRACTED_UNREVIEWED,FALSE
SRC-PARIS-C1-QWHO5_B,,Less than half of the time,4,PARIS-C1-PUF202605-CODEBOOK,PUF_MSPatient Codebook,180,EXTRACTED_UNREVIEWED,FALSE
SRC-PARIS-C1-QWHO5_B,,Some of the time,5,PARIS-C1-PUF202605-CODEBOOK,PUF_MSPatient Codebook,181,EXTRACTED_UNREVIEWED,FALSE
SRC-PARIS-C1-QWHO5_B,,At no time,6,PARIS-C1-PUF202605-CODEBOOK,PUF_MSPatient Codebook,182,EXTRACTED_UNREVIEWED,FALSE
SRC-PARIS-C1-QWHO5_B,,NA,7,PARIS-C1-PUF202605-CODEBOOK,PUF_MSPatient Codebook,183,EXTRACTED_UNREVIEWED,TRUE
SRC-PARIS-C1-QWHO5_C,,Not answered,-97,PARIS-C1-PUF202605-CODEBOOK,PUF_MSPatient Codebook,185,EXTRACTED_UNREVIEWED,TRUE
SRC-PARIS-C1-QWHO5_C,,Multiple answers,-96,PARIS-C1-PUF202605-CODEBOOK,PUF_MSPatient Codebook,186,EXTRACTED_UNREVIEWED,TRUE
SRC-PARIS-C1-QWHO5_C,,Question not asked,-95,PARIS-C1-PUF202605-CODEBOOK,PUF_MSPatient Codebook,187,EXTRACTED_UNREVIEWED,TRUE
SRC-PARIS-C1-QWHO5_C,,All of the time,1,PARIS-C1-PUF202605-CODEBOOK,PUF_MSPatient Codebook,188,EXTRACTED_UNREVIEWED,FALSE
SRC-PARIS-C1-QWHO5_C,,Most of the time,2,PARIS-C1-PUF202605-CODEBOOK,PUF_MSPatient Codebook,189,EXTRACTED_UNREVIEWED,FALSE
SRC-PARIS-C1-QWHO5_C,,More than half of the time,3,PARIS-C1-PUF202605-CODEBOOK,PUF_MSPatient Codebook,190,EXTRACTED_UNREVIEWED,FALSE
SRC-PARIS-C1-QWHO5_C,,Less than half of the time,4,PARIS-C1-PUF202605-CODEBOOK,PUF_MSPatient Codebook,191,EXTRACTED_UNREVIEWED,FALSE
SRC-PARIS-C1-QWHO5_C,,Some of the time,5,PARIS-C1-PUF202605-CODEBOOK,PUF_MSPatient Codebook,192,EXTRACTED_UNREVIEWED,FALSE
SRC-PARIS-C1-QWHO5_C,,At no time,6,PARIS-C1-PUF202605-CODEBOOK,PUF_MSPatient Codebook,193,EXTRACTED_UNREVIEWED,FALSE
SRC-PARIS-C1-QWHO5_C,,NA,7,PARIS-C1-PUF202605-CODEBOOK,PUF_MSPatient Codebook,194,EXTRACTED_UNREVIEWED,TRUE
SRC-PARIS-C1-QWHO5_D,,Not answered,-97,PARIS-C1-PUF202605-CODEBOOK,PUF_MSPatient Codebook,196,EXTRACTED_UNREVIEWED,TRUE
SRC-PARIS-C1-QWHO5_D,,Multiple answers,-96,PARIS-C1-PUF202605-CODEBOOK,PUF_MSPatient Codebook,197,EXTRACTED_UNREVIEWED,TRUE
SRC-PARIS-C1-QWHO5_D,,Question not asked,-95,PARIS-C1-PUF202605-CODEBOOK,PUF_MSPatient Codebook,198,EXTRACTED_UNREVIEWED,TRUE
SRC-PARIS-C1-QWHO5_D,,All of the time,1,PARIS-C1-PUF202605-CODEBOOK,PUF_MSPatient Codebook,199,EXTRACTED_UNREVIEWED,FALSE
SRC-PARIS-C1-QWHO5_D,,Most of the time,2,PARIS-C1-PUF202605-CODEBOOK,PUF_MSPatient Codebook,200,EXTRACTED_UNREVIEWED,FALSE
SRC-PARIS-C1-QWHO5_D,,More than half of the time,3,PARIS-C1-PUF202605-CODEBOOK,PUF_MSPatient Codebook,201,EXTRACTED_UNREVIEWED,FALSE
SRC-PARIS-C1-QWHO5_D,,Less than half of the time,4,PARIS-C1-PUF202605-CODEBOOK,PUF_MSPatient Codebook,202,EXTRACTED_UNREVIEWED,FALSE
SRC-PARIS-C1-QWHO5_D,,Some of the time,5,PARIS-C1-PUF202605-CODEBOOK,PUF_MSPatient Codebook,203,EXTRACTED_UNREVIEWED,FALSE
SRC-PARIS-C1-QWHO5_D,,At no time,6,PARIS-C1-PUF202605-CODEBOOK,PUF_MSPatient Codebook,204,EXTRACTED_UNREVIEWED,FALSE
SRC-PARIS-C1-QWHO5_D,,NA,7,PARIS-C1-PUF202605-CODEBOOK,PUF_MSPatient Codebook,205,EXTRACTED_UNREVIEWED,TRUE
SRC-PARIS-C1-QWHO5_E,,Not answered,-97,PARIS-C1-PUF202605-CODEBOOK,PUF_MSPatient Codebook,207,EXTRACTED_UNREVIEWED,TRUE
SRC-PARIS-C1-QWHO5_E,,Multiple answers,-96,PARIS-C1-PUF202605-CODEBOOK,PUF_MSPatient Codebook,208,EXTRACTED_UNREVIEWED,TRUE
SRC-PARIS-C1-QWHO5_E,,Question not asked,-95,PARIS-C1-PUF202605-CODEBOOK,PUF_MSPatient Codebook,209,EXTRACTED_UNREVIEWED,TRUE
SRC-PARIS-C1-QWHO5_E,,All of the time,1,PARIS-C1-PUF202605-CODEBOOK,PUF_MSPatient Codebook,210,EXTRACTED_UNREVIEWED,FALSE
SRC-PARIS-C1-QWHO5_E,,Most of the time,2,PARIS-C1-PUF202605-CODEBOOK,PUF_MSPatient Codebook,211,EXTRACTED_UNREVIEWED,FALSE
SRC-PARIS-C1-QWHO5_E,,More than half of the time,3,PARIS-C1-PUF202605-CODEBOOK,PUF_MSPatient Codebook,212,EXTRACTED_UNREVIEWED,FALSE
SRC-PARIS-C1-QWHO5_E,,Less than half of the time,4,PARIS-C1-PUF202605-CODEBOOK,PUF_MSPatient Codebook,213,EXTRACTED_UNREVIEWED,FALSE
SRC-PARIS-C1-QWHO5_E,,Some of the time,5,PARIS-C1-PUF202605-CODEBOOK,PUF_MSPatient Codebook,214,EXTRACTED_UNREVIEWED,FALSE
SRC-PARIS-C1-QWHO5_E,,At no time,6,PARIS-C1-PUF202605-CODEBOOK,PUF_MSPatient Codebook,215,EXTRACTED_UNREVIEWED,FALSE
SRC-PARIS-C1-QWHO5_E,,NA,7,PARIS-C1-PUF202605-CODEBOOK,PUF_MSPatient Codebook,216,EXTRACTED_UNREVIEWED,TRUE
SRC-PARIS-C1-Q_EXERCISE,,Not answered,-97,PARIS-C1-PUF202605-CODEBOOK,PUF_MSPatient Codebook,219,EXTRACTED_UNREVIEWED,TRUE
SRC-PARIS-C1-Q_EXERCISE,,Multiple answers,-96,PARIS-C1-PUF202605-CODEBOOK,PUF_MSPatient Codebook,220,EXTRACTED_UNREVIEWED,TRUE
SRC-PARIS-C1-Q_EXERCISE,,Question not asked,-95,PARIS-C1-PUF202605-CODEBOOK,PUF_MSPatient Codebook,221,EXTRACTED_UNREVIEWED,TRUE
SRC-PARIS-C1-Q_EXERCISE,,Every day,1,PARIS-C1-PUF202605-CODEBOOK,PUF_MSPatient Codebook,222,EXTRACTED_UNREVIEWED,FALSE
SRC-PARIS-C1-Q_EXERCISE,,5 to 6 days,2,PARIS-C1-PUF202605-CODEBOOK,PUF_MSPatient Codebook,223,EXTRACTED_UNREVIEWED,FALSE
SRC-PARIS-C1-Q_EXERCISE,,3 to 4 days,3,PARIS-C1-PUF202605-CODEBOOK,PUF_MSPatient Codebook,224,EXTRACTED_UNREVIEWED,FALSE
SRC-PARIS-C1-Q_EXERCISE,,1 to 2 days,4,PARIS-C1-PUF202605-CODEBOOK,PUF_MSPatient Codebook,225,EXTRACTED_UNREVIEWED,FALSE
SRC-PARIS-C1-Q_EXERCISE,,I did not do any vigorous or moderate activity in the past week,5,PARIS-C1-PUF202605-CODEBOOK,PUF_MSPatient Codebook,226,EXTRACTED_UNREVIEWED,FALSE
SRC-PARIS-C1-Q_EXERCISE,,Not sure,6,PARIS-C1-PUF202605-CODEBOOK,PUF_MSPatient Codebook,227,EXTRACTED_UNREVIEWED,FALSE
SRC-PARIS-C1-Q_EXERCISE,,NA,7,PARIS-C1-PUF202605-CODEBOOK,PUF_MSPatient Codebook,228,EXTRACTED_UNREVIEWED,TRUE
SRC-PARIS-C1-Q_ADVPHYSACT,,Not answered,-97,PARIS-C1-PUF202605-CODEBOOK,PUF_MSPatient Codebook,232,EXTRACTED_UNREVIEWED,TRUE
SRC-PARIS-C1-Q_ADVPHYSACT,,Multiple answers,-96,PARIS-C1-PUF202605-CODEBOOK,PUF_MSPatient Codebook,233,EXTRACTED_UNREVIEWED,TRUE
SRC-PARIS-C1-Q_ADVPHYSACT,,Question not asked,-95,PARIS-C1-PUF202605-CODEBOOK,PUF_MSPatient Codebook,234,EXTRACTED_UNREVIEWED,TRUE
SRC-PARIS-C1-Q_ADVPHYSACT,,Yes,1,PARIS-C1-PUF202605-CODEBOOK,PUF_MSPatient Codebook,235,EXTRACTED_UNREVIEWED,FALSE
SRC-PARIS-C1-Q_ADVPHYSACT,,No,2,PARIS-C1-PUF202605-CODEBOOK,PUF_MSPatient Codebook,236,EXTRACTED_UNREVIEWED,FALSE
SRC-PARIS-C1-Q_ADVPHYSACT,,Not sure,3,PARIS-C1-PUF202605-CODEBOOK,PUF_MSPatient Codebook,237,EXTRACTED_UNREVIEWED,FALSE
SRC-PARIS-C1-Q_ADVPHYSACT,,NA,4,PARIS-C1-PUF202605-CODEBOOK,PUF_MSPatient Codebook,238,EXTRACTED_UNREVIEWED,TRUE
SRC-PARIS-C1-Q_EHISFR,,Not answered,-97,PARIS-C1-PUF202605-CODEBOOK,PUF_MSPatient Codebook,241,EXTRACTED_UNREVIEWED,TRUE
SRC-PARIS-C1-Q_EHISFR,,Multiple answers,-96,PARIS-C1-PUF202605-CODEBOOK,PUF_MSPatient Codebook,242,EXTRACTED_UNREVIEWED,TRUE
SRC-PARIS-C1-Q_EHISFR,,Question not asked,-95,PARIS-C1-PUF202605-CODEBOOK,PUF_MSPatient Codebook,243,EXTRACTED_UNREVIEWED,TRUE
SRC-PARIS-C1-Q_EHISFR,,More than once a day,1,PARIS-C1-PUF202605-CODEBOOK,PUF_MSPatient Codebook,244,EXTRACTED_UNREVIEWED,FALSE
SRC-PARIS-C1-Q_EHISFR,,Once a day,2,PARIS-C1-PUF202605-CODEBOOK,PUF_MSPatient Codebook,245,EXTRACTED_UNREVIEWED,FALSE
SRC-PARIS-C1-Q_EHISFR,,4 to 6 days a week,3,PARIS-C1-PUF202605-CODEBOOK,PUF_MSPatient Codebook,246,EXTRACTED_UNREVIEWED,FALSE
SRC-PARIS-C1-Q_EHISFR,,1 to 3 days a week,4,PARIS-C1-PUF202605-CODEBOOK,PUF_MSPatient Codebook,247,EXTRACTED_UNREVIEWED,FALSE
SRC-PARIS-C1-Q_EHISFR,,Less than once a week,5,PARIS-C1-PUF202605-CODEBOOK,PUF_MSPatient Codebook,248,EXTRACTED_UNREVIEWED,FALSE
SRC-PARIS-C1-Q_EHISFR,,Never,6,PARIS-C1-PUF202605-CODEBOOK,PUF_MSPatient Codebook,249,EXTRACTED_UNREVIEWED,FALSE
SRC-PARIS-C1-Q_EHISFR,,NA,7,PARIS-C1-PUF202605-CODEBOOK,PUF_MSPatient Codebook,250,EXTRACTED_UNREVIEWED,TRUE
SRC-PARIS-C1-Q_EHISVG,,Not answered,-97,PARIS-C1-PUF202605-CODEBOOK,PUF_MSPatient Codebook,253,EXTRACTED_UNREVIEWED,TRUE
SRC-PARIS-C1-Q_EHISVG,,Multiple answers,-96,PARIS-C1-PUF202605-CODEBOOK,PUF_MSPatient Codebook,254,EXTRACTED_UNREVIEWED,TRUE
SRC-PARIS-C1-Q_EHISVG,,Question not asked,-95,PARIS-C1-PUF202605-CODEBOOK,PUF_MSPatient Codebook,255,EXTRACTED_UNREVIEWED,TRUE
SRC-PARIS-C1-Q_EHISVG,,More than once a day,1,PARIS-C1-PUF202605-CODEBOOK,PUF_MSPatient Codebook,256,EXTRACTED_UNREVIEWED,FALSE
SRC-PARIS-C1-Q_EHISVG,,Once a day,2,PARIS-C1-PUF202605-CODEBOOK,PUF_MSPatient Codebook,257,EXTRACTED_UNREVIEWED,FALSE
SRC-PARIS-C1-Q_EHISVG,,4 to 6 days a week,3,PARIS-C1-PUF202605-CODEBOOK,PUF_MSPatient Codebook,258,EXTRACTED_UNREVIEWED,FALSE
SRC-PARIS-C1-Q_EHISVG,,1 to 3 days a week,4,PARIS-C1-PUF202605-CODEBOOK,PUF_MSPatient Codebook,259,EXTRACTED_UNREVIEWED,FALSE
SRC-PARIS-C1-Q_EHISVG,,Less than once a week,5,PARIS-C1-PUF202605-CODEBOOK,PUF_MSPatient Codebook,260,EXTRACTED_UNREVIEWED,FALSE
SRC-PARIS-C1-Q_EHISVG,,Never,6,PARIS-C1-PUF202605-CODEBOOK,PUF_MSPatient Codebook,261,EXTRACTED_UNREVIEWED,FALSE
SRC-PARIS-C1-Q_EHISVG,,NA,7,PARIS-C1-PUF202605-CODEBOOK,PUF_MSPatient Codebook,262,EXTRACTED_UNREVIEWED,TRUE
SRC-PARIS-C1-Q_ADVDIET,,Not answered,-97,PARIS-C1-PUF202605-CODEBOOK,PUF_MSPatient Codebook,265,EXTRACTED_UNREVIEWED,TRUE
SRC-PARIS-C1-Q_ADVDIET,,Multiple answers,-96,PARIS-C1-PUF202605-CODEBOOK,PUF_MSPatient Codebook,266,EXTRACTED_UNREVIEWED,TRUE
SRC-PARIS-C1-Q_ADVDIET,,Question not asked,-95,PARIS-C1-PUF202605-CODEBOOK,PUF_MSPatient Codebook,267,EXTRACTED_UNREVIEWED,TRUE
SRC-PARIS-C1-Q_ADVDIET,,Yes,1,PARIS-C1-PUF202605-CODEBOOK,PUF_MSPatient Codebook,268,EXTRACTED_UNREVIEWED,FALSE
SRC-PARIS-C1-Q_ADVDIET,,No,2,PARIS-C1-PUF202605-CODEBOOK,PUF_MSPatient Codebook,269,EXTRACTED_UNREVIEWED,FALSE
SRC-PARIS-C1-Q_ADVDIET,,Not sure,3,PARIS-C1-PUF202605-CODEBOOK,PUF_MSPatient Codebook,270,EXTRACTED_UNREVIEWED,FALSE
SRC-PARIS-C1-Q_ADVDIET,,NA,4,PARIS-C1-PUF202605-CODEBOOK,PUF_MSPatient Codebook,271,EXTRACTED_UNREVIEWED,TRUE
SRC-PARIS-C1-Q_EHISSK01,,Not answered,-97,PARIS-C1-PUF202605-CODEBOOK,PUF_MSPatient Codebook,274,EXTRACTED_UNREVIEWED,TRUE
SRC-PARIS-C1-Q_EHISSK01,,Multiple answers,-96,PARIS-C1-PUF202605-CODEBOOK,PUF_MSPatient Codebook,275,EXTRACTED_UNREVIEWED,TRUE
SRC-PARIS-C1-Q_EHISSK01,,Question not asked,-95,PARIS-C1-PUF202605-CODEBOOK,PUF_MSPatient Codebook,276,EXTRACTED_UNREVIEWED,TRUE
SRC-PARIS-C1-Q_EHISSK01,,"Yes, daily",1,PARIS-C1-PUF202605-CODEBOOK,PUF_MSPatient Codebook,277,EXTRACTED_UNREVIEWED,FALSE
SRC-PARIS-C1-Q_EHISSK01,,"Yes, occasionally",2,PARIS-C1-PUF202605-CODEBOOK,PUF_MSPatient Codebook,278,EXTRACTED_UNREVIEWED,FALSE
SRC-PARIS-C1-Q_EHISSK01,,Not at all,3,PARIS-C1-PUF202605-CODEBOOK,PUF_MSPatient Codebook,279,EXTRACTED_UNREVIEWED,FALSE
SRC-PARIS-C1-Q_EHISSK01,,NA,4,PARIS-C1-PUF202605-CODEBOOK,PUF_MSPatient Codebook,280,EXTRACTED_UNREVIEWED,TRUE
SRC-PARIS-C1-Q_EHISSK01,,Question recoded (Country reasons),.e,PARIS-C1-PUF202605-CODEBOOK,PUF_MSPatient Codebook,281,EXTRACTED_UNREVIEWED,FALSE
SRC-PARIS-C1-Q_EHISSK04,,Not answered,-97,PARIS-C1-PUF202605-CODEBOOK,PUF_MSPatient Codebook,284,EXTRACTED_UNREVIEWED,TRUE
SRC-PARIS-C1-Q_EHISSK04,,Multiple answers,-96,PARIS-C1-PUF202605-CODEBOOK,PUF_MSPatient Codebook,285,EXTRACTED_UNREVIEWED,TRUE
SRC-PARIS-C1-Q_EHISSK04,,Question not asked,-95,PARIS-C1-PUF202605-CODEBOOK,PUF_MSPatient Codebook,286,EXTRACTED_UNREVIEWED,TRUE
SRC-PARIS-C1-Q_EHISSK04,,Yes,1,PARIS-C1-PUF202605-CODEBOOK,PUF_MSPatient Codebook,287,EXTRACTED_UNREVIEWED,FALSE
SRC-PARIS-C1-Q_EHISSK04,,No,2,PARIS-C1-PUF202605-CODEBOOK,PUF_MSPatient Codebook,288,EXTRACTED_UNREVIEWED,FALSE
SRC-PARIS-C1-Q_EHISSK04,,NA,3,PARIS-C1-PUF202605-CODEBOOK,PUF_MSPatient Codebook,289,EXTRACTED_UNREVIEWED,TRUE
SRC-PARIS-C1-Q_CWF2014IHP,,Not answered,-97,PARIS-C1-PUF202605-CODEBOOK,PUF_MSPatient Codebook,292,EXTRACTED_UNREVIEWED,TRUE
SRC-PARIS-C1-Q_CWF2014IHP,,Multiple answers,-96,PARIS-C1-PUF202605-CODEBOOK,PUF_MSPatient Codebook,293,EXTRACTED_UNREVIEWED,TRUE
SRC-PARIS-C1-Q_CWF2014IHP,,Question not asked,-95,PARIS-C1-PUF202605-CODEBOOK,PUF_MSPatient Codebook,294,EXTRACTED_UNREVIEWED,TRUE
SRC-PARIS-C1-Q_CWF2014IHP,,Yes,1,PARIS-C1-PUF202605-CODEBOOK,PUF_MSPatient Codebook,295,EXTRACTED_UNREVIEWED,FALSE
SRC-PARIS-C1-Q_CWF2014IHP,,No,2,PARIS-C1-PUF202605-CODEBOOK,PUF_MSPatient Codebook,296,EXTRACTED_UNREVIEWED,FALSE
SRC-PARIS-C1-Q_CWF2014IHP,,Not sure,3,PARIS-C1-PUF202605-CODEBOOK,PUF_MSPatient Codebook,297,EXTRACTED_UNREVIEWED,FALSE
SRC-PARIS-C1-Q_CWF2014IHP,,NA,4,PARIS-C1-PUF202605-CODEBOOK,PUF_MSPatient Codebook,298,EXTRACTED_UNREVIEWED,TRUE
SRC-PARIS-C1-Q_EHIS,,Not answered,-97,PARIS-C1-PUF202605-CODEBOOK,PUF_MSPatient Codebook,301,EXTRACTED_UNREVIEWED,TRUE
SRC-PARIS-C1-Q_EHIS,,Multiple answers,-96,PARIS-C1-PUF202605-CODEBOOK,PUF_MSPatient Codebook,302,EXTRACTED_UNREVIEWED,TRUE
SRC-PARIS-C1-Q_EHIS,,Question not asked,-95,PARIS-C1-PUF202605-CODEBOOK,PUF_MSPatient Codebook,303,EXTRACTED_UNREVIEWED,TRUE
SRC-PARIS-C1-Q_EHIS,,Every day or almost,1,PARIS-C1-PUF202605-CODEBOOK,PUF_MSPatient Codebook,304,EXTRACTED_UNREVIEWED,FALSE
SRC-PARIS-C1-Q_EHIS,,5-6 days a week,2,PARIS-C1-PUF202605-CODEBOOK,PUF_MSPatient Codebook,305,EXTRACTED_UNREVIEWED,FALSE
SRC-PARIS-C1-Q_EHIS,,3-4 days a week,3,PARIS-C1-PUF202605-CODEBOOK,PUF_MSPatient Codebook,306,EXTRACTED_UNREVIEWED,FALSE
SRC-PARIS-C1-Q_EHIS,,1-2 days a week,4,PARIS-C1-PUF202605-CODEBOOK,PUF_MSPatient Codebook,307,EXTRACTED_UNREVIEWED,FALSE
SRC-PARIS-C1-Q_EHIS,,2-3 days in a month,5,PARIS-C1-PUF202605-CODEBOOK,PUF_MSPatient Codebook,308,EXTRACTED_UNREVIEWED,FALSE
SRC-PARIS-C1-Q_EHIS,,Once a month,6,PARIS-C1-PUF202605-CODEBOOK,PUF_MSPatient Codebook,309,EXTRACTED_UNREVIEWED,FALSE
SRC-PARIS-C1-Q_EHIS,,Less than once a month,7,PARIS-C1-PUF202605-CODEBOOK,PUF_MSPatient Codebook,310,EXTRACTED_UNREVIEWED,FALSE
SRC-PARIS-C1-Q_EHIS,,"Not in the past 12 months, as I no longer drink alcohol",8,PARIS-C1-PUF202605-CODEBOOK,PUF_MSPatient Codebook,311,EXTRACTED_UNREVIEWED,FALSE
SRC-PARIS-C1-Q_EHIS,,"Never, or only a few sips or tries, in my whole life",9,PARIS-C1-PUF202605-CODEBOOK,PUF_MSPatient Codebook,312,EXTRACTED_UNREVIEWED,FALSE
SRC-PARIS-C1-Q_EHIS,,NA,10,PARIS-C1-PUF202605-CODEBOOK,PUF_MSPatient Codebook,313,EXTRACTED_UNREVIEWED,TRUE
SRC-PARIS-C1-Q_EHIS,,5 or more days a week (USA),11,PARIS-C1-PUF202605-CODEBOOK,PUF_MSPatient Codebook,314,EXTRACTED_UNREVIEWED,FALSE
SRC-PARIS-C1-Q_EHIS,,1-4 days a week (USA),12,PARIS-C1-PUF202605-CODEBOOK,PUF_MSPatient Codebook,315,EXTRACTED_UNREVIEWED,FALSE
SRC-PARIS-C1-Q_EHIS,,1-3 days a month (USA),13,PARIS-C1-PUF202605-CODEBOOK,PUF_MSPatient Codebook,316,EXTRACTED_UNREVIEWED,FALSE
SRC-PARIS-C1-Q_CWF2017IHP,,Not answered,-97,PARIS-C1-PUF202605-CODEBOOK,PUF_MSPatient Codebook,319,EXTRACTED_UNREVIEWED,TRUE
SRC-PARIS-C1-Q_CWF2017IHP,,Multiple answers,-96,PARIS-C1-PUF202605-CODEBOOK,PUF_MSPatient Codebook,320,EXTRACTED_UNREVIEWED,TRUE
SRC-PARIS-C1-Q_CWF2017IHP,,Question not asked,-95,PARIS-C1-PUF202605-CODEBOOK,PUF_MSPatient Codebook,321,EXTRACTED_UNREVIEWED,TRUE
SRC-PARIS-C1-Q_CWF2017IHP,,Yes,1,PARIS-C1-PUF202605-CODEBOOK,PUF_MSPatient Codebook,322,EXTRACTED_UNREVIEWED,FALSE
SRC-PARIS-C1-Q_CWF2017IHP,,No,2,PARIS-C1-PUF202605-CODEBOOK,PUF_MSPatient Codebook,323,EXTRACTED_UNREVIEWED,FALSE
SRC-PARIS-C1-Q_CWF2017IHP,,Not sure,3,PARIS-C1-PUF202605-CODEBOOK,PUF_MSPatient Codebook,324,EXTRACTED_UNREVIEWED,FALSE
SRC-PARIS-C1-Q_CWF2017IHP,,NA,4,PARIS-C1-PUF202605-CODEBOOK,PUF_MSPatient Codebook,325,EXTRACTED_UNREVIEWED,TRUE
SRC-PARIS-C1-Q_PN_PN1,,Not answered,-97,PARIS-C1-PUF202605-CODEBOOK,PUF_MSPatient Codebook,329,EXTRACTED_UNREVIEWED,TRUE
SRC-PARIS-C1-Q_PN_PN1,,Multiple answers,-96,PARIS-C1-PUF202605-CODEBOOK,PUF_MSPatient Codebook,330,EXTRACTED_UNREVIEWED,TRUE
SRC-PARIS-C1-Q_PN_PN1,,Question not asked,-95,PARIS-C1-PUF202605-CODEBOOK,PUF_MSPatient Codebook,331,EXTRACTED_UNREVIEWED,TRUE
SRC-PARIS-C1-Q_PN_PN1,,Strongly disagree,1,PARIS-C1-PUF202605-CODEBOOK,PUF_MSPatient Codebook,332,EXTRACTED_UNREVIEWED,FALSE
SRC-PARIS-C1-Q_PN_PN1,,Disagree,2,PARIS-C1-PUF202605-CODEBOOK,PUF_MSPatient Codebook,333,EXTRACTED_UNREVIEWED,FALSE
SRC-PARIS-C1-Q_PN_PN1,,Neither agree nor disagree,3,PARIS-C1-PUF202605-CODEBOOK,PUF_MSPatient Codebook,334,EXTRACTED_UNREVIEWED,FALSE
SRC-PARIS-C1-Q_PN_PN1,,Agree,4,PARIS-C1-PUF202605-CODEBOOK,PUF_MSPatient Codebook,335,EXTRACTED_UNREVIEWED,FALSE
SRC-PARIS-C1-Q_PN_PN1,,Strongly agree,5,PARIS-C1-PUF202605-CODEBOOK,PUF_MSPatient Codebook,336,EXTRACTED_UNREVIEWED,FALSE
SRC-PARIS-C1-Q_PN_PN1,,NA,6,PARIS-C1-PUF202605-CODEBOOK,PUF_MSPatient Codebook,337,EXTRACTED_UNREVIEWED,TRUE
SRC-PARIS-C1-Q_PN_PN2,,Not answered,-97,PARIS-C1-PUF202605-CODEBOOK,PUF_MSPatient Codebook,339,EXTRACTED_UNREVIEWED,TRUE
SRC-PARIS-C1-Q_PN_PN2,,Multiple answers,-96,PARIS-C1-PUF202605-CODEBOOK,PUF_MSPatient Codebook,340,EXTRACTED_UNREVIEWED,TRUE
SRC-PARIS-C1-Q_PN_PN2,,Question not asked,-95,PARIS-C1-PUF202605-CODEBOOK,PUF_MSPatient Codebook,341,EXTRACTED_UNREVIEWED,TRUE
SRC-PARIS-C1-Q_PN_PN2,,Strongly disagree,1,PARIS-C1-PUF202605-CODEBOOK,PUF_MSPatient Codebook,342,EXTRACTED_UNREVIEWED,FALSE
SRC-PARIS-C1-Q_PN_PN2,,Disagree,2,PARIS-C1-PUF202605-CODEBOOK,PUF_MSPatient Codebook,343,EXTRACTED_UNREVIEWED,FALSE
SRC-PARIS-C1-Q_PN_PN2,,Neither agree nor disagree,3,PARIS-C1-PUF202605-CODEBOOK,PUF_MSPatient Codebook,344,EXTRACTED_UNREVIEWED,FALSE
SRC-PARIS-C1-Q_PN_PN2,,Agree,4,PARIS-C1-PUF202605-CODEBOOK,PUF_MSPatient Codebook,345,EXTRACTED_UNREVIEWED,FALSE
SRC-PARIS-C1-Q_PN_PN2,,Strongly agree,5,PARIS-C1-PUF202605-CODEBOOK,PUF_MSPatient Codebook,346,EXTRACTED_UNREVIEWED,FALSE
SRC-PARIS-C1-Q_PN_PN2,,NA,6,PARIS-C1-PUF202605-CODEBOOK,PUF_MSPatient Codebook,347,EXTRACTED_UNREVIEWED,TRUE
SRC-PARIS-C1-Q_PN_PN3,,Not answered,-97,PARIS-C1-PUF202605-CODEBOOK,PUF_MSPatient Codebook,349,EXTRACTED_UNREVIEWED,TRUE
SRC-PARIS-C1-Q_PN_PN3,,Multiple answers,-96,PARIS-C1-PUF202605-CODEBOOK,PUF_MSPatient Codebook,350,EXTRACTED_UNREVIEWED,TRUE
SRC-PARIS-C1-Q_PN_PN3,,Question not asked,-95,PARIS-C1-PUF202605-CODEBOOK,PUF_MSPatient Codebook,351,EXTRACTED_UNREVIEWED,TRUE
SRC-PARIS-C1-Q_PN_PN3,,Strongly disagree,1,PARIS-C1-PUF202605-CODEBOOK,PUF_MSPatient Codebook,352,EXTRACTED_UNREVIEWED,FALSE
SRC-PARIS-C1-Q_PN_PN3,,Disagree,2,PARIS-C1-PUF202605-CODEBOOK,PUF_MSPatient Codebook,353,EXTRACTED_UNREVIEWED,FALSE
SRC-PARIS-C1-Q_PN_PN3,,Neither agree nor disagree,3,PARIS-C1-PUF202605-CODEBOOK,PUF_MSPatient Codebook,354,EXTRACTED_UNREVIEWED,FALSE
SRC-PARIS-C1-Q_PN_PN3,,Agree,4,PARIS-C1-PUF202605-CODEBOOK,PUF_MSPatient Codebook,355,EXTRACTED_UNREVIEWED,FALSE
SRC-PARIS-C1-Q_PN_PN3,,Strongly agree,5,PARIS-C1-PUF202605-CODEBOOK,PUF_MSPatient Codebook,356,EXTRACTED_UNREVIEWED,FALSE
SRC-PARIS-C1-Q_PN_PN3,,NA,6,PARIS-C1-PUF202605-CODEBOOK,PUF_MSPatient Codebook,357,EXTRACTED_UNREVIEWED,TRUE
SRC-PARIS-C1-Q_PN_PN4,,Not answered,-97,PARIS-C1-PUF202605-CODEBOOK,PUF_MSPatient Codebook,359,EXTRACTED_UNREVIEWED,TRUE
SRC-PARIS-C1-Q_PN_PN4,,Multiple answers,-96,PARIS-C1-PUF202605-CODEBOOK,PUF_MSPatient Codebook,360,EXTRACTED_UNREVIEWED,TRUE
SRC-PARIS-C1-Q_PN_PN4,,Question not asked,-95,PARIS-C1-PUF202605-CODEBOOK,PUF_MSPatient Codebook,361,EXTRACTED_UNREVIEWED,TRUE
SRC-PARIS-C1-Q_PN_PN4,,Strongly disagree,1,PARIS-C1-PUF202605-CODEBOOK,PUF_MSPatient Codebook,362,EXTRACTED_UNREVIEWED,FALSE
SRC-PARIS-C1-Q_PN_PN4,,Disagree,2,PARIS-C1-PUF202605-CODEBOOK,PUF_MSPatient Codebook,363,EXTRACTED_UNREVIEWED,FALSE
SRC-PARIS-C1-Q_PN_PN4,,Neither agree nor disagree,3,PARIS-C1-PUF202605-CODEBOOK,PUF_MSPatient Codebook,364,EXTRACTED_UNREVIEWED,FALSE
SRC-PARIS-C1-Q_PN_PN4,,Agree,4,PARIS-C1-PUF202605-CODEBOOK,PUF_MSPatient Codebook,365,EXTRACTED_UNREVIEWED,FALSE
SRC-PARIS-C1-Q_PN_PN4,,Strongly agree,5,PARIS-C1-PUF202605-CODEBOOK,PUF_MSPatient Codebook,366,EXTRACTED_UNREVIEWED,FALSE
SRC-PARIS-C1-Q_PN_PN4,,NA,6,PARIS-C1-PUF202605-CODEBOOK,PUF_MSPatient Codebook,367,EXTRACTED_UNREVIEWED,TRUE
SRC-PARIS-C1-Q_PN_PN5,,Not answered,-97,PARIS-C1-PUF202605-CODEBOOK,PUF_MSPatient Codebook,369,EXTRACTED_UNREVIEWED,TRUE
SRC-PARIS-C1-Q_PN_PN5,,Multiple answers,-96,PARIS-C1-PUF202605-CODEBOOK,PUF_MSPatient Codebook,370,EXTRACTED_UNREVIEWED,TRUE
SRC-PARIS-C1-Q_PN_PN5,,Question not asked,-95,PARIS-C1-PUF202605-CODEBOOK,PUF_MSPatient Codebook,371,EXTRACTED_UNREVIEWED,TRUE
SRC-PARIS-C1-Q_PN_PN5,,Strongly disagree,1,PARIS-C1-PUF202605-CODEBOOK,PUF_MSPatient Codebook,372,EXTRACTED_UNREVIEWED,FALSE
SRC-PARIS-C1-Q_PN_PN5,,Disagree,2,PARIS-C1-PUF202605-CODEBOOK,PUF_MSPatient Codebook,373,EXTRACTED_UNREVIEWED,FALSE
SRC-PARIS-C1-Q_PN_PN5,,Neither agree nor disagree,3,PARIS-C1-PUF202605-CODEBOOK,PUF_MSPatient Codebook,374,EXTRACTED_UNREVIEWED,FALSE
SRC-PARIS-C1-Q_PN_PN5,,Agree,4,PARIS-C1-PUF202605-CODEBOOK,PUF_MSPatient Codebook,375,EXTRACTED_UNREVIEWED,FALSE
SRC-PARIS-C1-Q_PN_PN5,,Strongly agree,5,PARIS-C1-PUF202605-CODEBOOK,PUF_MSPatient Codebook,376,EXTRACTED_UNREVIEWED,FALSE
SRC-PARIS-C1-Q_PN_PN5,,NA,6,PARIS-C1-PUF202605-CODEBOOK,PUF_MSPatient Codebook,377,EXTRACTED_UNREVIEWED,TRUE
SRC-PARIS-C1-Q_PN_PN6,,Not answered,-97,PARIS-C1-PUF202605-CODEBOOK,PUF_MSPatient Codebook,379,EXTRACTED_UNREVIEWED,TRUE
SRC-PARIS-C1-Q_PN_PN6,,Multiple answers,-96,PARIS-C1-PUF202605-CODEBOOK,PUF_MSPatient Codebook,380,EXTRACTED_UNREVIEWED,TRUE
SRC-PARIS-C1-Q_PN_PN6,,Question not asked,-95,PARIS-C1-PUF202605-CODEBOOK,PUF_MSPatient Codebook,381,EXTRACTED_UNREVIEWED,TRUE
SRC-PARIS-C1-Q_PN_PN6,,Strongly disagree,1,PARIS-C1-PUF202605-CODEBOOK,PUF_MSPatient Codebook,382,EXTRACTED_UNREVIEWED,FALSE
SRC-PARIS-C1-Q_PN_PN6,,Disagree,2,PARIS-C1-PUF202605-CODEBOOK,PUF_MSPatient Codebook,383,EXTRACTED_UNREVIEWED,FALSE
SRC-PARIS-C1-Q_PN_PN6,,Neither agree nor disagree,3,PARIS-C1-PUF202605-CODEBOOK,PUF_MSPatient Codebook,384,EXTRACTED_UNREVIEWED,FALSE
SRC-PARIS-C1-Q_PN_PN6,,Agree,4,PARIS-C1-PUF202605-CODEBOOK,PUF_MSPatient Codebook,385,EXTRACTED_UNREVIEWED,FALSE
SRC-PARIS-C1-Q_PN_PN6,,Strongly agree,5,PARIS-C1-PUF202605-CODEBOOK,PUF_MSPatient Codebook,386,EXTRACTED_UNREVIEWED,FALSE
SRC-PARIS-C1-Q_PN_PN6,,NA,6,PARIS-C1-PUF202605-CODEBOOK,PUF_MSPatient Codebook,387,EXTRACTED_UNREVIEWED,TRUE
SRC-PARIS-C1-Q_PN_PN7,,Not answered,-97,PARIS-C1-PUF202605-CODEBOOK,PUF_MSPatient Codebook,389,EXTRACTED_UNREVIEWED,TRUE
SRC-PARIS-C1-Q_PN_PN7,,Multiple answers,-96,PARIS-C1-PUF202605-CODEBOOK,PUF_MSPatient Codebook,390,EXTRACTED_UNREVIEWED,TRUE
SRC-PARIS-C1-Q_PN_PN7,,Question not asked,-95,PARIS-C1-PUF202605-CODEBOOK,PUF_MSPatient Codebook,391,EXTRACTED_UNREVIEWED,TRUE
SRC-PARIS-C1-Q_PN_PN7,,Strongly disagree,1,PARIS-C1-PUF202605-CODEBOOK,PUF_MSPatient Codebook,392,EXTRACTED_UNREVIEWED,FALSE
SRC-PARIS-C1-Q_PN_PN7,,Disagree,2,PARIS-C1-PUF202605-CODEBOOK,PUF_MSPatient Codebook,393,EXTRACTED_UNREVIEWED,FALSE
SRC-PARIS-C1-Q_PN_PN7,,Neither agree nor disagree,3,PARIS-C1-PUF202605-CODEBOOK,PUF_MSPatient Codebook,394,EXTRACTED_UNREVIEWED,FALSE
SRC-PARIS-C1-Q_PN_PN7,,Agree,4,PARIS-C1-PUF202605-CODEBOOK,PUF_MSPatient Codebook,395,EXTRACTED_UNREVIEWED,FALSE
SRC-PARIS-C1-Q_PN_PN7,,Strongly agree,5,PARIS-C1-PUF202605-CODEBOOK,PUF_MSPatient Codebook,396,EXTRACTED_UNREVIEWED,FALSE
SRC-PARIS-C1-Q_PN_PN7,,NA,6,PARIS-C1-PUF202605-CODEBOOK,PUF_MSPatient Codebook,397,EXTRACTED_UNREVIEWED,TRUE
SRC-PARIS-C1-Q_PN_PN8,,Not answered,-97,PARIS-C1-PUF202605-CODEBOOK,PUF_MSPatient Codebook,399,EXTRACTED_UNREVIEWED,TRUE
SRC-PARIS-C1-Q_PN_PN8,,Multiple answers,-96,PARIS-C1-PUF202605-CODEBOOK,PUF_MSPatient Codebook,400,EXTRACTED_UNREVIEWED,TRUE
SRC-PARIS-C1-Q_PN_PN8,,Question not asked,-95,PARIS-C1-PUF202605-CODEBOOK,PUF_MSPatient Codebook,401,EXTRACTED_UNREVIEWED,TRUE
SRC-PARIS-C1-Q_PN_PN8,,Strongly disagree,1,PARIS-C1-PUF202605-CODEBOOK,PUF_MSPatient Codebook,402,EXTRACTED_UNREVIEWED,FALSE
SRC-PARIS-C1-Q_PN_PN8,,Disagree,2,PARIS-C1-PUF202605-CODEBOOK,PUF_MSPatient Codebook,403,EXTRACTED_UNREVIEWED,FALSE
SRC-PARIS-C1-Q_PN_PN8,,Neither agree nor disagree,3,PARIS-C1-PUF202605-CODEBOOK,PUF_MSPatient Codebook,404,EXTRACTED_UNREVIEWED,FALSE
SRC-PARIS-C1-Q_PN_PN8,,Agree,4,PARIS-C1-PUF202605-CODEBOOK,PUF_MSPatient Codebook,405,EXTRACTED_UNREVIEWED,FALSE
SRC-PARIS-C1-Q_PN_PN8,,Strongly agree,5,PARIS-C1-PUF202605-CODEBOOK,PUF_MSPatient Codebook,406,EXTRACTED_UNREVIEWED,FALSE
SRC-PARIS-C1-Q_PN_PN8,,NA,6,PARIS-C1-PUF202605-CODEBOOK,PUF_MSPatient Codebook,407,EXTRACTED_UNREVIEWED,TRUE
SRC-PARIS-C1-Q_PN_PN9,,Not answered,-97,PARIS-C1-PUF202605-CODEBOOK,PUF_MSPatient Codebook,409,EXTRACTED_UNREVIEWED,TRUE
SRC-PARIS-C1-Q_PN_PN9,,Multiple answers,-96,PARIS-C1-PUF202605-CODEBOOK,PUF_MSPatient Codebook,410,EXTRACTED_UNREVIEWED,TRUE
SRC-PARIS-C1-Q_PN_PN9,,Question not asked,-95,PARIS-C1-PUF202605-CODEBOOK,PUF_MSPatient Codebook,411,EXTRACTED_UNREVIEWED,TRUE
SRC-PARIS-C1-Q_PN_PN9,,Strongly disagree,1,PARIS-C1-PUF202605-CODEBOOK,PUF_MSPatient Codebook,412,EXTRACTED_UNREVIEWED,FALSE
SRC-PARIS-C1-Q_PN_PN9,,Disagree,2,PARIS-C1-PUF202605-CODEBOOK,PUF_MSPatient Codebook,413,EXTRACTED_UNREVIEWED,FALSE
SRC-PARIS-C1-Q_PN_PN9,,Neither agree nor disagree,3,PARIS-C1-PUF202605-CODEBOOK,PUF_MSPatient Codebook,414,EXTRACTED_UNREVIEWED,FALSE
SRC-PARIS-C1-Q_PN_PN9,,Agree,4,PARIS-C1-PUF202605-CODEBOOK,PUF_MSPatient Codebook,415,EXTRACTED_UNREVIEWED,FALSE
SRC-PARIS-C1-Q_PN_PN9,,Strongly agree,5,PARIS-C1-PUF202605-CODEBOOK,PUF_MSPatient Codebook,416,EXTRACTED_UNREVIEWED,FALSE
SRC-PARIS-C1-Q_PN_PN9,,NA,6,PARIS-C1-PUF202605-CODEBOOK,PUF_MSPatient Codebook,417,EXTRACTED_UNREVIEWED,TRUE
SRC-PARIS-C1-Q_PN_PN10,,Not answered,-97,PARIS-C1-PUF202605-CODEBOOK,PUF_MSPatient Codebook,419,EXTRACTED_UNREVIEWED,TRUE
SRC-PARIS-C1-Q_PN_PN10,,Multiple answers,-96,PARIS-C1-PUF202605-CODEBOOK,PUF_MSPatient Codebook,420,EXTRACTED_UNREVIEWED,TRUE
SRC-PARIS-C1-Q_PN_PN10,,Question not asked,-95,PARIS-C1-PUF202605-CODEBOOK,PUF_MSPatient Codebook,421,EXTRACTED_UNREVIEWED,TRUE
SRC-PARIS-C1-Q_PN_PN10,,Strongly disagree,1,PARIS-C1-PUF202605-CODEBOOK,PUF_MSPatient Codebook,422,EXTRACTED_UNREVIEWED,FALSE
SRC-PARIS-C1-Q_PN_PN10,,Disagree,2,PARIS-C1-PUF202605-CODEBOOK,PUF_MSPatient Codebook,423,EXTRACTED_UNREVIEWED,FALSE
SRC-PARIS-C1-Q_PN_PN10,,Neither agree nor disagree,3,PARIS-C1-PUF202605-CODEBOOK,PUF_MSPatient Codebook,424,EXTRACTED_UNREVIEWED,FALSE
SRC-PARIS-C1-Q_PN_PN10,,Agree,4,PARIS-C1-PUF202605-CODEBOOK,PUF_MSPatient Codebook,425,EXTRACTED_UNREVIEWED,FALSE
SRC-PARIS-C1-Q_PN_PN10,,Strongly agree,5,PARIS-C1-PUF202605-CODEBOOK,PUF_MSPatient Codebook,426,EXTRACTED_UNREVIEWED,FALSE
SRC-PARIS-C1-Q_PN_PN10,,NA,6,PARIS-C1-PUF202605-CODEBOOK,PUF_MSPatient Codebook,427,EXTRACTED_UNREVIEWED,TRUE
SRC-PARIS-C1-Q_PN_PREOS2M,,Not answered,-97,PARIS-C1-PUF202605-CODEBOOK,PUF_MSPatient Codebook,431,EXTRACTED_UNREVIEWED,TRUE
SRC-PARIS-C1-Q_PN_PREOS2M,,Multiple answers,-96,PARIS-C1-PUF202605-CODEBOOK,PUF_MSPatient Codebook,432,EXTRACTED_UNREVIEWED,TRUE
SRC-PARIS-C1-Q_PN_PREOS2M,,Question not asked,-95,PARIS-C1-PUF202605-CODEBOOK,PUF_MSPatient Codebook,433,EXTRACTED_UNREVIEWED,TRUE
SRC-PARIS-C1-Q_PN_PREOS2M,,Strongly disagree,1,PARIS-C1-PUF202605-CODEBOOK,PUF_MSPatient Codebook,434,EXTRACTED_UNREVIEWED,FALSE
SRC-PARIS-C1-Q_PN_PREOS2M,,Disagree,2,PARIS-C1-PUF202605-CODEBOOK,PUF_MSPatient Codebook,435,EXTRACTED_UNREVIEWED,FALSE
SRC-PARIS-C1-Q_PN_PREOS2M,,Neither agree nor disagree,3,PARIS-C1-PUF202605-CODEBOOK,PUF_MSPatient Codebook,436,EXTRACTED_UNREVIEWED,FALSE
SRC-PARIS-C1-Q_PN_PREOS2M,,Agree,4,PARIS-C1-PUF202605-CODEBOOK,PUF_MSPatient Codebook,437,EXTRACTED_UNREVIEWED,FALSE
SRC-PARIS-C1-Q_PN_PREOS2M,,Strongly agree,5,PARIS-C1-PUF202605-CODEBOOK,PUF_MSPatient Codebook,438,EXTRACTED_UNREVIEWED,FALSE
SRC-PARIS-C1-Q_PN_PREOS2M,,NA,6,PARIS-C1-PUF202605-CODEBOOK,PUF_MSPatient Codebook,439,EXTRACTED_UNREVIEWED,TRUE
SRC-PARIS-C1-Q_CONFIDENT_P3CEQ10,,Not answered,-97,PARIS-C1-PUF202605-CODEBOOK,PUF_MSPatient Codebook,443,EXTRACTED_UNREVIEWED,TRUE
SRC-PARIS-C1-Q_CONFIDENT_P3CEQ10,,Multiple answers,-96,PARIS-C1-PUF202605-CODEBOOK,PUF_MSPatient Codebook,444,EXTRACTED_UNREVIEWED,TRUE
SRC-PARIS-C1-Q_CONFIDENT_P3CEQ10,,Question not asked,-95,PARIS-C1-PUF202605-CODEBOOK,PUF_MSPatient Codebook,445,EXTRACTED_UNREVIEWED,TRUE
SRC-PARIS-C1-Q_CONFIDENT_P3CEQ10,,Very confident,1,PARIS-C1-PUF202605-CODEBOOK,PUF_MSPatient Codebook,446,EXTRACTED_UNREVIEWED,FALSE
SRC-PARIS-C1-Q_CONFIDENT_P3CEQ10,,Confident,2,PARIS-C1-PUF202605-CODEBOOK,PUF_MSPatient Codebook,447,EXTRACTED_UNREVIEWED,FALSE
SRC-PARIS-C1-Q_CONFIDENT_P3CEQ10,,Somewhat confident,3,PARIS-C1-PUF202605-CODEBOOK,PUF_MSPatient Codebook,448,EXTRACTED_UNREVIEWED,FALSE
SRC-PARIS-C1-Q_CONFIDENT_P3CEQ10,,Not confident at all,4,PARIS-C1-PUF202605-CODEBOOK,PUF_MSPatient Codebook,449,EXTRACTED_UNREVIEWED,FALSE
SRC-PARIS-C1-Q_CONFIDENT_P3CEQ10,,Does not apply,5,PARIS-C1-PUF202605-CODEBOOK,PUF_MSPatient Codebook,450,EXTRACTED_UNREVIEWED,FALSE
SRC-PARIS-C1-Q_CONFIDENT_P3CEQ10,,NA,6,PARIS-C1-PUF202605-CODEBOOK,PUF_MSPatient Codebook,451,EXTRACTED_UNREVIEWED,TRUE
SRC-PARIS-C1-Q_CWF1130,,Not answered,-97,PARIS-C1-PUF202605-CODEBOOK,PUF_MSPatient Codebook,454,EXTRACTED_UNREVIEWED,TRUE
SRC-PARIS-C1-Q_CWF1130,,Multiple answers,-96,PARIS-C1-PUF202605-CODEBOOK,PUF_MSPatient Codebook,455,EXTRACTED_UNREVIEWED,TRUE
SRC-PARIS-C1-Q_CWF1130,,Question not asked,-95,PARIS-C1-PUF202605-CODEBOOK,PUF_MSPatient Codebook,456,EXTRACTED_UNREVIEWED,TRUE
SRC-PARIS-C1-Q_CWF1130,,"Yes, a doctor",1,PARIS-C1-PUF202605-CODEBOOK,PUF_MSPatient Codebook,457,EXTRACTED_UNREVIEWED,FALSE
SRC-PARIS-C1-Q_CWF1130,,"Yes, another health care professional",2,PARIS-C1-PUF202605-CODEBOOK,PUF_MSPatient Codebook,458,EXTRACTED_UNREVIEWED,FALSE
SRC-PARIS-C1-Q_CWF1130,,"No, there is no single health care professional I usually go to for most of my health problems",3,PARIS-C1-PUF202605-CODEBOOK,PUF_MSPatient Codebook,459,EXTRACTED_UNREVIEWED,FALSE
SRC-PARIS-C1-Q_CWF1130,,Not sure,4,PARIS-C1-PUF202605-CODEBOOK,PUF_MSPatient Codebook,460,EXTRACTED_UNREVIEWED,FALSE
SRC-PARIS-C1-Q_CWF1130,,NA,5,PARIS-C1-PUF202605-CODEBOOK,PUF_MSPatient Codebook,461,EXTRACTED_UNREVIEWED,TRUE
SRC-PARIS-C1-Q_USUALDR1,,Not answered,-97,PARIS-C1-PUF202605-CODEBOOK,PUF_MSPatient Codebook,464,EXTRACTED_UNREVIEWED,TRUE
SRC-PARIS-C1-Q_USUALDR1,,Multiple answers,-96,PARIS-C1-PUF202605-CODEBOOK,PUF_MSPatient Codebook,465,EXTRACTED_UNREVIEWED,TRUE
SRC-PARIS-C1-Q_USUALDR1,,Question not asked,-95,PARIS-C1-PUF202605-CODEBOOK,PUF_MSPatient Codebook,466,EXTRACTED_UNREVIEWED,TRUE
SRC-PARIS-C1-Q_USUALDR1,,A doctor specialised in family medicine/general practice,1,PARIS-C1-PUF202605-CODEBOOK,PUF_MSPatient Codebook,467,EXTRACTED_UNREVIEWED,FALSE
SRC-PARIS-C1-Q_USUALDR1,,Another specialist doctor,2,PARIS-C1-PUF202605-CODEBOOK,PUF_MSPatient Codebook,468,EXTRACTED_UNREVIEWED,FALSE
SRC-PARIS-C1-Q_USUALDR1,,Not sure,3,PARIS-C1-PUF202605-CODEBOOK,PUF_MSPatient Codebook,469,EXTRACTED_UNREVIEWED,FALSE
SRC-PARIS-C1-Q_USUALDR1,,NA,4,PARIS-C1-PUF202605-CODEBOOK,PUF_MSPatient Codebook,470,EXTRACTED_UNREVIEWED,TRUE
SRC-PARIS-C1-Q_CWF1140,,Not answered,-97,PARIS-C1-PUF202605-CODEBOOK,PUF_MSPatient Codebook,473,EXTRACTED_UNREVIEWED,TRUE
SRC-PARIS-C1-Q_CWF1140,,Multiple answers,-96,PARIS-C1-PUF202605-CODEBOOK,PUF_MSPatient Codebook,474,EXTRACTED_UNREVIEWED,TRUE
SRC-PARIS-C1-Q_CWF1140,,Question not asked,-95,PARIS-C1-PUF202605-CODEBOOK,PUF_MSPatient Codebook,475,EXTRACTED_UNREVIEWED,TRUE
SRC-PARIS-C1-Q_CWF1140,,1 year or less,1,PARIS-C1-PUF202605-CODEBOOK,PUF_MSPatient Codebook,476,EXTRACTED_UNREVIEWED,FALSE
SRC-PARIS-C1-Q_CWF1140,,More than 1 year but no more than 3 years,2,PARIS-C1-PUF202605-CODEBOOK,PUF_MSPatient Codebook,477,EXTRACTED_UNREVIEWED,FALSE
SRC-PARIS-C1-Q_CWF1140,,More than 3 years but no more than 5 years,3,PARIS-C1-PUF202605-CODEBOOK,PUF_MSPatient Codebook,478,EXTRACTED_UNREVIEWED,FALSE
SRC-PARIS-C1-Q_CWF1140,,More than 5 years but no more than 10 years,4,PARIS-C1-PUF202605-CODEBOOK,PUF_MSPatient Codebook,479,EXTRACTED_UNREVIEWED,FALSE
SRC-PARIS-C1-Q_CWF1140,,More than 10 years,5,PARIS-C1-PUF202605-CODEBOOK,PUF_MSPatient Codebook,480,EXTRACTED_UNREVIEWED,FALSE
SRC-PARIS-C1-Q_CWF1140,,Not sure,6,PARIS-C1-PUF202605-CODEBOOK,PUF_MSPatient Codebook,481,EXTRACTED_UNREVIEWED,FALSE
SRC-PARIS-C1-Q_CWF1140,,NA,7,PARIS-C1-PUF202605-CODEBOOK,PUF_MSPatient Codebook,482,EXTRACTED_UNREVIEWED,TRUE
SRC-PARIS-C1-Q_USUALDR2,,Not answered,-97,PARIS-C1-PUF202605-CODEBOOK,PUF_MSPatient Codebook,485,EXTRACTED_UNREVIEWED,TRUE
SRC-PARIS-C1-Q_USUALDR2,,Multiple answers,-96,PARIS-C1-PUF202605-CODEBOOK,PUF_MSPatient Codebook,486,EXTRACTED_UNREVIEWED,TRUE
SRC-PARIS-C1-Q_USUALDR2,,Question not asked,-95,PARIS-C1-PUF202605-CODEBOOK,PUF_MSPatient Codebook,487,EXTRACTED_UNREVIEWED,TRUE
SRC-PARIS-C1-Q_USUALDR2,,Not in the past 12 months,1,PARIS-C1-PUF202605-CODEBOOK,PUF_MSPatient Codebook,488,EXTRACTED_UNREVIEWED,FALSE
SRC-PARIS-C1-Q_USUALDR2,,1 time,2,PARIS-C1-PUF202605-CODEBOOK,PUF_MSPatient Codebook,489,EXTRACTED_UNREVIEWED,FALSE
SRC-PARIS-C1-Q_USUALDR2,,2 times,3,PARIS-C1-PUF202605-CODEBOOK,PUF_MSPatient Codebook,490,EXTRACTED_UNREVIEWED,FALSE
SRC-PARIS-C1-Q_USUALDR2,,3 times,4,PARIS-C1-PUF202605-CODEBOOK,PUF_MSPatient Codebook,491,EXTRACTED_UNREVIEWED,FALSE
SRC-PARIS-C1-Q_USUALDR2,,4 times,5,PARIS-C1-PUF202605-CODEBOOK,PUF_MSPatient Codebook,492,EXTRACTED_UNREVIEWED,FALSE
SRC-PARIS-C1-Q_USUALDR2,,5 times or more,6,PARIS-C1-PUF202605-CODEBOOK,PUF_MSPatient Codebook,493,EXTRACTED_UNREVIEWED,FALSE
SRC-PARIS-C1-Q_USUALDR2,,Not sure,7,PARIS-C1-PUF202605-CODEBOOK,PUF_MSPatient Codebook,494,EXTRACTED_UNREVIEWED,FALSE
SRC-PARIS-C1-Q_USUALDR2,,NA,8,PARIS-C1-PUF202605-CODEBOOK,PUF_MSPatient Codebook,495,EXTRACTED_UNREVIEWED,TRUE
SRC-PARIS-C1-Q_USUALDR3,,Not answered,-97,PARIS-C1-PUF202605-CODEBOOK,PUF_MSPatient Codebook,498,EXTRACTED_UNREVIEWED,TRUE
SRC-PARIS-C1-Q_USUALDR3,,Multiple answers,-96,PARIS-C1-PUF202605-CODEBOOK,PUF_MSPatient Codebook,499,EXTRACTED_UNREVIEWED,TRUE
SRC-PARIS-C1-Q_USUALDR3,,Question not asked,-95,PARIS-C1-PUF202605-CODEBOOK,PUF_MSPatient Codebook,500,EXTRACTED_UNREVIEWED,TRUE
SRC-PARIS-C1-Q_USUALDR3,,A nurse,1,PARIS-C1-PUF202605-CODEBOOK,PUF_MSPatient Codebook,501,EXTRACTED_UNREVIEWED,FALSE
SRC-PARIS-C1-Q_USUALDR3,,Nurse practitioner,2,PARIS-C1-PUF202605-CODEBOOK,PUF_MSPatient Codebook,502,EXTRACTED_UNREVIEWED,FALSE
SRC-PARIS-C1-Q_USUALDR3,,"An allied health care professional, such as a physiotherapist, dietician, or podiatrist",3,PARIS-C1-PUF202605-CODEBOOK,PUF_MSPatient Codebook,503,EXTRACTED_UNREVIEWED,FALSE
SRC-PARIS-C1-Q_USUALDR3,,Another health care professional,4,PARIS-C1-PUF202605-CODEBOOK,PUF_MSPatient Codebook,504,EXTRACTED_UNREVIEWED,FALSE
SRC-PARIS-C1-Q_USUALDR3,,Not sure,5,PARIS-C1-PUF202605-CODEBOOK,PUF_MSPatient Codebook,505,EXTRACTED_UNREVIEWED,FALSE
SRC-PARIS-C1-Q_USUALDR3,,A GP,6,PARIS-C1-PUF202605-CODEBOOK,PUF_MSPatient Codebook,506,EXTRACTED_UNREVIEWED,FALSE
SRC-PARIS-C1-Q_USUALDR3,,Another specialist doctor,7,PARIS-C1-PUF202605-CODEBOOK,PUF_MSPatient Codebook,507,EXTRACTED_UNREVIEWED,FALSE
SRC-PARIS-C1-Q_USUALDR4,,Not answered,-97,PARIS-C1-PUF202605-CODEBOOK,PUF_MSPatient Codebook,510,EXTRACTED_UNREVIEWED,TRUE
SRC-PARIS-C1-Q_USUALDR4,,Multiple answers,-96,PARIS-C1-PUF202605-CODEBOOK,PUF_MSPatient Codebook,511,EXTRACTED_UNREVIEWED,TRUE
SRC-PARIS-C1-Q_USUALDR4,,Question not asked,-95,PARIS-C1-PUF202605-CODEBOOK,PUF_MSPatient Codebook,512,EXTRACTED_UNREVIEWED,TRUE
SRC-PARIS-C1-Q_USUALDR4,,1 year or less,1,PARIS-C1-PUF202605-CODEBOOK,PUF_MSPatient Codebook,513,EXTRACTED_UNREVIEWED,FALSE
SRC-PARIS-C1-Q_USUALDR4,,More than 1 year but no more than 3 years,2,PARIS-C1-PUF202605-CODEBOOK,PUF_MSPatient Codebook,514,EXTRACTED_UNREVIEWED,FALSE
SRC-PARIS-C1-Q_USUALDR4,,More than 3 years but no more than 5 years,3,PARIS-C1-PUF202605-CODEBOOK,PUF_MSPatient Codebook,515,EXTRACTED_UNREVIEWED,FALSE
SRC-PARIS-C1-Q_USUALDR4,,More than 5 years but no more than 10 years,4,PARIS-C1-PUF202605-CODEBOOK,PUF_MSPatient Codebook,516,EXTRACTED_UNREVIEWED,FALSE
SRC-PARIS-C1-Q_USUALDR4,,More than 10 years,5,PARIS-C1-PUF202605-CODEBOOK,PUF_MSPatient Codebook,517,EXTRACTED_UNREVIEWED,FALSE
SRC-PARIS-C1-Q_USUALDR4,,Not sure,6,PARIS-C1-PUF202605-CODEBOOK,PUF_MSPatient Codebook,518,EXTRACTED_UNREVIEWED,FALSE
SRC-PARIS-C1-Q_USUALDR4,,NA,7,PARIS-C1-PUF202605-CODEBOOK,PUF_MSPatient Codebook,519,EXTRACTED_UNREVIEWED,TRUE
SRC-PARIS-C1-Q_USUALDR5,,Not answered,-97,PARIS-C1-PUF202605-CODEBOOK,PUF_MSPatient Codebook,522,EXTRACTED_UNREVIEWED,TRUE
SRC-PARIS-C1-Q_USUALDR5,,Multiple answers,-96,PARIS-C1-PUF202605-CODEBOOK,PUF_MSPatient Codebook,523,EXTRACTED_UNREVIEWED,TRUE
SRC-PARIS-C1-Q_USUALDR5,,Question not asked,-95,PARIS-C1-PUF202605-CODEBOOK,PUF_MSPatient Codebook,524,EXTRACTED_UNREVIEWED,TRUE
SRC-PARIS-C1-Q_USUALDR5,,Not in the past 12 months,1,PARIS-C1-PUF202605-CODEBOOK,PUF_MSPatient Codebook,525,EXTRACTED_UNREVIEWED,FALSE
SRC-PARIS-C1-Q_USUALDR5,,1 time,2,PARIS-C1-PUF202605-CODEBOOK,PUF_MSPatient Codebook,526,EXTRACTED_UNREVIEWED,FALSE
SRC-PARIS-C1-Q_USUALDR5,,2 times,3,PARIS-C1-PUF202605-CODEBOOK,PUF_MSPatient Codebook,527,EXTRACTED_UNREVIEWED,FALSE
SRC-PARIS-C1-Q_USUALDR5,,3 times,4,PARIS-C1-PUF202605-CODEBOOK,PUF_MSPatient Codebook,528,EXTRACTED_UNREVIEWED,FALSE
SRC-PARIS-C1-Q_USUALDR5,,4 times,5,PARIS-C1-PUF202605-CODEBOOK,PUF_MSPatient Codebook,529,EXTRACTED_UNREVIEWED,FALSE
SRC-PARIS-C1-Q_USUALDR5,,5 times or more,6,PARIS-C1-PUF202605-CODEBOOK,PUF_MSPatient Codebook,530,EXTRACTED_UNREVIEWED,FALSE
SRC-PARIS-C1-Q_USUALDR5,,Not sure,7,PARIS-C1-PUF202605-CODEBOOK,PUF_MSPatient Codebook,531,EXTRACTED_UNREVIEWED,FALSE
SRC-PARIS-C1-Q_USUALDR5,,1 time or less (USA),8,PARIS-C1-PUF202605-CODEBOOK,PUF_MSPatient Codebook,532,EXTRACTED_UNREVIEWED,FALSE
SRC-PARIS-C1-Q_USUALDR5,,4 times or more (USA),9,PARIS-C1-PUF202605-CODEBOOK,PUF_MSPatient Codebook,533,EXTRACTED_UNREVIEWED,FALSE
SRC-PARIS-C1-Q_CHRONCOND01,,Question not answered,-97,PARIS-C1-PUF202605-CODEBOOK,PUF_MSPatient Codebook,536,EXTRACTED_UNREVIEWED,TRUE
SRC-PARIS-C1-Q_CHRONCOND01,,No,0,PARIS-C1-PUF202605-CODEBOOK,PUF_MSPatient Codebook,537,EXTRACTED_UNREVIEWED,FALSE
SRC-PARIS-C1-Q_CHRONCOND01,,Yes,1,PARIS-C1-PUF202605-CODEBOOK,PUF_MSPatient Codebook,538,EXTRACTED_UNREVIEWED,FALSE
SRC-PARIS-C1-Q_CHRONCOND02,,Question not answered,-97,PARIS-C1-PUF202605-CODEBOOK,PUF_MSPatient Codebook,541,EXTRACTED_UNREVIEWED,TRUE
SRC-PARIS-C1-Q_CHRONCOND02,,No,0,PARIS-C1-PUF202605-CODEBOOK,PUF_MSPatient Codebook,542,EXTRACTED_UNREVIEWED,FALSE
SRC-PARIS-C1-Q_CHRONCOND02,,Yes,1,PARIS-C1-PUF202605-CODEBOOK,PUF_MSPatient Codebook,543,EXTRACTED_UNREVIEWED,FALSE
SRC-PARIS-C1-Q_CHRONCOND03,,Question not answered,-97,PARIS-C1-PUF202605-CODEBOOK,PUF_MSPatient Codebook,546,EXTRACTED_UNREVIEWED,TRUE
SRC-PARIS-C1-Q_CHRONCOND03,,No,0,PARIS-C1-PUF202605-CODEBOOK,PUF_MSPatient Codebook,547,EXTRACTED_UNREVIEWED,FALSE
SRC-PARIS-C1-Q_CHRONCOND03,,Yes,1,PARIS-C1-PUF202605-CODEBOOK,PUF_MSPatient Codebook,548,EXTRACTED_UNREVIEWED,FALSE
SRC-PARIS-C1-Q_CHRONCOND04,,Question not answered,-97,PARIS-C1-PUF202605-CODEBOOK,PUF_MSPatient Codebook,551,EXTRACTED_UNREVIEWED,TRUE
SRC-PARIS-C1-Q_CHRONCOND04,,No,0,PARIS-C1-PUF202605-CODEBOOK,PUF_MSPatient Codebook,552,EXTRACTED_UNREVIEWED,FALSE
SRC-PARIS-C1-Q_CHRONCOND04,,Yes,1,PARIS-C1-PUF202605-CODEBOOK,PUF_MSPatient Codebook,553,EXTRACTED_UNREVIEWED,FALSE
SRC-PARIS-C1-Q_CHRONCOND05,,Question not answered,-97,PARIS-C1-PUF202605-CODEBOOK,PUF_MSPatient Codebook,556,EXTRACTED_UNREVIEWED,TRUE
SRC-PARIS-C1-Q_CHRONCOND05,,No,0,PARIS-C1-PUF202605-CODEBOOK,PUF_MSPatient Codebook,557,EXTRACTED_UNREVIEWED,FALSE
SRC-PARIS-C1-Q_CHRONCOND05,,Yes,1,PARIS-C1-PUF202605-CODEBOOK,PUF_MSPatient Codebook,558,EXTRACTED_UNREVIEWED,FALSE
SRC-PARIS-C1-Q_CHRONCOND07,,Question not answered,-97,PARIS-C1-PUF202605-CODEBOOK,PUF_MSPatient Codebook,562,EXTRACTED_UNREVIEWED,TRUE
SRC-PARIS-C1-Q_CHRONCOND07,,No,0,PARIS-C1-PUF202605-CODEBOOK,PUF_MSPatient Codebook,563,EXTRACTED_UNREVIEWED,FALSE
SRC-PARIS-C1-Q_CHRONCOND07,,Yes,1,PARIS-C1-PUF202605-CODEBOOK,PUF_MSPatient Codebook,564,EXTRACTED_UNREVIEWED,FALSE
SRC-PARIS-C1-Q_CHRONCOND08,,Question not answered,-97,PARIS-C1-PUF202605-CODEBOOK,PUF_MSPatient Codebook,567,EXTRACTED_UNREVIEWED,TRUE
SRC-PARIS-C1-Q_CHRONCOND08,,No,0,PARIS-C1-PUF202605-CODEBOOK,PUF_MSPatient Codebook,568,EXTRACTED_UNREVIEWED,FALSE
SRC-PARIS-C1-Q_CHRONCOND08,,Yes,1,PARIS-C1-PUF202605-CODEBOOK,PUF_MSPatient Codebook,569,EXTRACTED_UNREVIEWED,FALSE
SRC-PARIS-C1-Q_CHRONCOND09,,Question not answered,-97,PARIS-C1-PUF202605-CODEBOOK,PUF_MSPatient Codebook,572,EXTRACTED_UNREVIEWED,TRUE
SRC-PARIS-C1-Q_CHRONCOND09,,No,0,PARIS-C1-PUF202605-CODEBOOK,PUF_MSPatient Codebook,573,EXTRACTED_UNREVIEWED,FALSE
SRC-PARIS-C1-Q_CHRONCOND09,,Yes,1,PARIS-C1-PUF202605-CODEBOOK,PUF_MSPatient Codebook,574,EXTRACTED_UNREVIEWED,FALSE
SRC-PARIS-C1-Q_CHRONCOND11,,Question not answered,-97,PARIS-C1-PUF202605-CODEBOOK,PUF_MSPatient Codebook,578,EXTRACTED_UNREVIEWED,TRUE
SRC-PARIS-C1-Q_CHRONCOND11,,No,0,PARIS-C1-PUF202605-CODEBOOK,PUF_MSPatient Codebook,579,EXTRACTED_UNREVIEWED,FALSE
SRC-PARIS-C1-Q_CHRONCOND11,,Yes,1,PARIS-C1-PUF202605-CODEBOOK,PUF_MSPatient Codebook,580,EXTRACTED_UNREVIEWED,FALSE
SRC-PARIS-C1-Q_CHRONCOND12,,Question not answered,-97,PARIS-C1-PUF202605-CODEBOOK,PUF_MSPatient Codebook,583,EXTRACTED_UNREVIEWED,TRUE
SRC-PARIS-C1-Q_CHRONCOND12,,No,0,PARIS-C1-PUF202605-CODEBOOK,PUF_MSPatient Codebook,584,EXTRACTED_UNREVIEWED,FALSE
SRC-PARIS-C1-Q_CHRONCOND12,,Yes,1,PARIS-C1-PUF202605-CODEBOOK,PUF_MSPatient Codebook,585,EXTRACTED_UNREVIEWED,FALSE
SRC-PARIS-C1-Q_CHRONCOND13,,Question not answered,-97,PARIS-C1-PUF202605-CODEBOOK,PUF_MSPatient Codebook,588,EXTRACTED_UNREVIEWED,TRUE
SRC-PARIS-C1-Q_CHRONCOND13,,No,0,PARIS-C1-PUF202605-CODEBOOK,PUF_MSPatient Codebook,589,EXTRACTED_UNREVIEWED,FALSE
SRC-PARIS-C1-Q_CHRONCOND13,,Yes,1,PARIS-C1-PUF202605-CODEBOOK,PUF_MSPatient Codebook,590,EXTRACTED_UNREVIEWED,FALSE
SRC-PARIS-C1-Q_P3CEQ6,,Not answered,-97,PARIS-C1-PUF202605-CODEBOOK,PUF_MSPatient Codebook,593,EXTRACTED_UNREVIEWED,TRUE
SRC-PARIS-C1-Q_P3CEQ6,,Multiple answers,-96,PARIS-C1-PUF202605-CODEBOOK,PUF_MSPatient Codebook,594,EXTRACTED_UNREVIEWED,TRUE
SRC-PARIS-C1-Q_P3CEQ6,,Question not asked,-95,PARIS-C1-PUF202605-CODEBOOK,PUF_MSPatient Codebook,595,EXTRACTED_UNREVIEWED,TRUE
SRC-PARIS-C1-Q_P3CEQ6,,Yes,1,PARIS-C1-PUF202605-CODEBOOK,PUF_MSPatient Codebook,596,EXTRACTED_UNREVIEWED,FALSE
SRC-PARIS-C1-Q_P3CEQ6,,No,2,PARIS-C1-PUF202605-CODEBOOK,PUF_MSPatient Codebook,597,EXTRACTED_UNREVIEWED,FALSE
SRC-PARIS-C1-Q_P3CEQ6,,I do not receive care from more than one service,3,PARIS-C1-PUF202605-CODEBOOK,PUF_MSPatient Codebook,598,EXTRACTED_UNREVIEWED,FALSE
SRC-PARIS-C1-Q_P3CEQ6,,Not sure,4,PARIS-C1-PUF202605-CODEBOOK,PUF_MSPatient Codebook,599,EXTRACTED_UNREVIEWED,FALSE
SRC-PARIS-C1-Q_P3CEQ6,,NA,5,PARIS-C1-PUF202605-CODEBOOK,PUF_MSPatient Codebook,600,EXTRACTED_UNREVIEWED,TRUE
SRC-PARIS-C1-Q_P3CEQ5M1,,Not answered,-97,PARIS-C1-PUF202605-CODEBOOK,PUF_MSPatient Codebook,602,EXTRACTED_UNREVIEWED,TRUE
SRC-PARIS-C1-Q_P3CEQ5M1,,Multiple answers,-96,PARIS-C1-PUF202605-CODEBOOK,PUF_MSPatient Codebook,603,EXTRACTED_UNREVIEWED,TRUE
SRC-PARIS-C1-Q_P3CEQ5M1,,Question not asked,-95,PARIS-C1-PUF202605-CODEBOOK,PUF_MSPatient Codebook,604,EXTRACTED_UNREVIEWED,TRUE
SRC-PARIS-C1-Q_P3CEQ5M1,,Yes,1,PARIS-C1-PUF202605-CODEBOOK,PUF_MSPatient Codebook,605,EXTRACTED_UNREVIEWED,FALSE
SRC-PARIS-C1-Q_P3CEQ5M1,,No,2,PARIS-C1-PUF202605-CODEBOOK,PUF_MSPatient Codebook,606,EXTRACTED_UNREVIEWED,FALSE
SRC-PARIS-C1-Q_P3CEQ5M1,,Not sure,3,PARIS-C1-PUF202605-CODEBOOK,PUF_MSPatient Codebook,607,EXTRACTED_UNREVIEWED,FALSE
SRC-PARIS-C1-Q_P3CEQ5M1,,NA,4,PARIS-C1-PUF202605-CODEBOOK,PUF_MSPatient Codebook,608,EXTRACTED_UNREVIEWED,TRUE
SRC-PARIS-C1-Q_P3CEQ5M2,,Not answered,-97,PARIS-C1-PUF202605-CODEBOOK,PUF_MSPatient Codebook,610,EXTRACTED_UNREVIEWED,TRUE
SRC-PARIS-C1-Q_P3CEQ5M2,,Multiple answers,-96,PARIS-C1-PUF202605-CODEBOOK,PUF_MSPatient Codebook,611,EXTRACTED_UNREVIEWED,TRUE
SRC-PARIS-C1-Q_P3CEQ5M2,,Question not asked,-95,PARIS-C1-PUF202605-CODEBOOK,PUF_MSPatient Codebook,612,EXTRACTED_UNREVIEWED,TRUE
SRC-PARIS-C1-Q_P3CEQ5M2,,A doctor specialised in family medicine/general practice,1,PARIS-C1-PUF202605-CODEBOOK,PUF_MSPatient Codebook,613,EXTRACTED_UNREVIEWED,FALSE
SRC-PARIS-C1-Q_P3CEQ5M2,,Another specialist doctor,2,PARIS-C1-PUF202605-CODEBOOK,PUF_MSPatient Codebook,614,EXTRACTED_UNREVIEWED,FALSE
SRC-PARIS-C1-Q_P3CEQ5M2,,A nurse,3,PARIS-C1-PUF202605-CODEBOOK,PUF_MSPatient Codebook,615,EXTRACTED_UNREVIEWED,FALSE
SRC-PARIS-C1-Q_P3CEQ5M2,,Nurse practitioner,4,PARIS-C1-PUF202605-CODEBOOK,PUF_MSPatient Codebook,616,EXTRACTED_UNREVIEWED,FALSE
SRC-PARIS-C1-Q_P3CEQ5M2,,"An allied health care professional, such as a physiotherapist, dietician, or podiatrist",5,PARIS-C1-PUF202605-CODEBOOK,PUF_MSPatient Codebook,617,EXTRACTED_UNREVIEWED,FALSE
SRC-PARIS-C1-Q_P3CEQ5M2,,Another health care professional,6,PARIS-C1-PUF202605-CODEBOOK,PUF_MSPatient Codebook,618,EXTRACTED_UNREVIEWED,FALSE
SRC-PARIS-C1-Q_P3CEQ5M2,,Not sure,7,PARIS-C1-PUF202605-CODEBOOK,PUF_MSPatient Codebook,619,EXTRACTED_UNREVIEWED,FALSE
SRC-PARIS-C1-Q_P3CEQ5M2,,"Other USA healthcare professional (nurse, nurse practitioner, an allied health care professional, or other healthcare professional)",8,PARIS-C1-PUF202605-CODEBOOK,PUF_MSPatient Codebook,620,EXTRACTED_UNREVIEWED,FALSE
SRC-PARIS-C1-Q_P3CEQ5,,Not answered,-97,PARIS-C1-PUF202605-CODEBOOK,PUF_MSPatient Codebook,622,EXTRACTED_UNREVIEWED,TRUE
SRC-PARIS-C1-Q_P3CEQ5,,Multiple answers,-96,PARIS-C1-PUF202605-CODEBOOK,PUF_MSPatient Codebook,623,EXTRACTED_UNREVIEWED,TRUE
SRC-PARIS-C1-Q_P3CEQ5,,Question not asked,-95,PARIS-C1-PUF202605-CODEBOOK,PUF_MSPatient Codebook,624,EXTRACTED_UNREVIEWED,TRUE
SRC-PARIS-C1-Q_P3CEQ5,,"Yes, definitely",1,PARIS-C1-PUF202605-CODEBOOK,PUF_MSPatient Codebook,625,EXTRACTED_UNREVIEWED,FALSE
SRC-PARIS-C1-Q_P3CEQ5,,"Yes, to some extent",2,PARIS-C1-PUF202605-CODEBOOK,PUF_MSPatient Codebook,626,EXTRACTED_UNREVIEWED,FALSE
SRC-PARIS-C1-Q_P3CEQ5,,"No, not really",3,PARIS-C1-PUF202605-CODEBOOK,PUF_MSPatient Codebook,627,EXTRACTED_UNREVIEWED,FALSE
SRC-PARIS-C1-Q_P3CEQ5,,"No, definitely not",4,PARIS-C1-PUF202605-CODEBOOK,PUF_MSPatient Codebook,628,EXTRACTED_UNREVIEWED,FALSE
SRC-PARIS-C1-Q_P3CEQ5,,Not sure,5,PARIS-C1-PUF202605-CODEBOOK,PUF_MSPatient Codebook,629,EXTRACTED_UNREVIEWED,FALSE
SRC-PARIS-C1-Q_P3CEQ5,,NA,6,PARIS-C1-PUF202605-CODEBOOK,PUF_MSPatient Codebook,630,EXTRACTED_UNREVIEWED,TRUE
SRC-PARIS-C1-Q_P3CE_P3CEQ1,,Not answered,-97,PARIS-C1-PUF202605-CODEBOOK,PUF_MSPatient Codebook,632,EXTRACTED_UNREVIEWED,TRUE
SRC-PARIS-C1-Q_P3CE_P3CEQ1,,Multiple answers,-96,PARIS-C1-PUF202605-CODEBOOK,PUF_MSPatient Codebook,633,EXTRACTED_UNREVIEWED,TRUE
SRC-PARIS-C1-Q_P3CE_P3CEQ1,,Question not asked,-95,PARIS-C1-PUF202605-CODEBOOK,PUF_MSPatient Codebook,634,EXTRACTED_UNREVIEWED,TRUE
SRC-PARIS-C1-Q_P3CE_P3CEQ1,,"Yes, definitely",1,PARIS-C1-PUF202605-CODEBOOK,PUF_MSPatient Codebook,635,EXTRACTED_UNREVIEWED,FALSE
SRC-PARIS-C1-Q_P3CE_P3CEQ1,,"Yes, to some extent",2,PARIS-C1-PUF202605-CODEBOOK,PUF_MSPatient Codebook,636,EXTRACTED_UNREVIEWED,FALSE
SRC-PARIS-C1-Q_P3CE_P3CEQ1,,"No, not really",3,PARIS-C1-PUF202605-CODEBOOK,PUF_MSPatient Codebook,637,EXTRACTED_UNREVIEWED,FALSE
SRC-PARIS-C1-Q_P3CE_P3CEQ1,,"No, definitely not",4,PARIS-C1-PUF202605-CODEBOOK,PUF_MSPatient Codebook,638,EXTRACTED_UNREVIEWED,FALSE
SRC-PARIS-C1-Q_P3CE_P3CEQ1,,Not sure,5,PARIS-C1-PUF202605-CODEBOOK,PUF_MSPatient Codebook,639,EXTRACTED_UNREVIEWED,FALSE
SRC-PARIS-C1-Q_P3CE_P3CEQ1,,NA,6,PARIS-C1-PUF202605-CODEBOOK,PUF_MSPatient Codebook,640,EXTRACTED_UNREVIEWED,TRUE
SRC-PARIS-C1-Q_P3CE_P3CEQ2,,Not answered,-97,PARIS-C1-PUF202605-CODEBOOK,PUF_MSPatient Codebook,642,EXTRACTED_UNREVIEWED,TRUE
SRC-PARIS-C1-Q_P3CE_P3CEQ2,,Multiple answers,-96,PARIS-C1-PUF202605-CODEBOOK,PUF_MSPatient Codebook,643,EXTRACTED_UNREVIEWED,TRUE
SRC-PARIS-C1-Q_P3CE_P3CEQ2,,Question not asked,-95,PARIS-C1-PUF202605-CODEBOOK,PUF_MSPatient Codebook,644,EXTRACTED_UNREVIEWED,TRUE
SRC-PARIS-C1-Q_P3CE_P3CEQ2,,"Yes, definitely",1,PARIS-C1-PUF202605-CODEBOOK,PUF_MSPatient Codebook,645,EXTRACTED_UNREVIEWED,FALSE
SRC-PARIS-C1-Q_P3CE_P3CEQ2,,"Yes, to some extent",2,PARIS-C1-PUF202605-CODEBOOK,PUF_MSPatient Codebook,646,EXTRACTED_UNREVIEWED,FALSE
SRC-PARIS-C1-Q_P3CE_P3CEQ2,,"No, not really",3,PARIS-C1-PUF202605-CODEBOOK,PUF_MSPatient Codebook,647,EXTRACTED_UNREVIEWED,FALSE
SRC-PARIS-C1-Q_P3CE_P3CEQ2,,"No, definitely not",4,PARIS-C1-PUF202605-CODEBOOK,PUF_MSPatient Codebook,648,EXTRACTED_UNREVIEWED,FALSE
SRC-PARIS-C1-Q_P3CE_P3CEQ2,,Not sure,5,PARIS-C1-PUF202605-CODEBOOK,PUF_MSPatient Codebook,649,EXTRACTED_UNREVIEWED,FALSE
SRC-PARIS-C1-Q_P3CE_P3CEQ2,,NA,6,PARIS-C1-PUF202605-CODEBOOK,PUF_MSPatient Codebook,650,EXTRACTED_UNREVIEWED,TRUE
SRC-PARIS-C1-Q_P3CE_P3CEQ3,,Not answered,-97,PARIS-C1-PUF202605-CODEBOOK,PUF_MSPatient Codebook,652,EXTRACTED_UNREVIEWED,TRUE
SRC-PARIS-C1-Q_P3CE_P3CEQ3,,Multiple answers,-96,PARIS-C1-PUF202605-CODEBOOK,PUF_MSPatient Codebook,653,EXTRACTED_UNREVIEWED,TRUE
SRC-PARIS-C1-Q_P3CE_P3CEQ3,,Question not asked,-95,PARIS-C1-PUF202605-CODEBOOK,PUF_MSPatient Codebook,654,EXTRACTED_UNREVIEWED,TRUE
SRC-PARIS-C1-Q_P3CE_P3CEQ3,,"Yes, definitely",1,PARIS-C1-PUF202605-CODEBOOK,PUF_MSPatient Codebook,655,EXTRACTED_UNREVIEWED,FALSE
SRC-PARIS-C1-Q_P3CE_P3CEQ3,,"Yes, to some extent",2,PARIS-C1-PUF202605-CODEBOOK,PUF_MSPatient Codebook,656,EXTRACTED_UNREVIEWED,FALSE
SRC-PARIS-C1-Q_P3CE_P3CEQ3,,"No, not really",3,PARIS-C1-PUF202605-CODEBOOK,PUF_MSPatient Codebook,657,EXTRACTED_UNREVIEWED,FALSE
SRC-PARIS-C1-Q_P3CE_P3CEQ3,,"No, definitely not",4,PARIS-C1-PUF202605-CODEBOOK,PUF_MSPatient Codebook,658,EXTRACTED_UNREVIEWED,FALSE
SRC-PARIS-C1-Q_P3CE_P3CEQ3,,Not sure,5,PARIS-C1-PUF202605-CODEBOOK,PUF_MSPatient Codebook,659,EXTRACTED_UNREVIEWED,FALSE
SRC-PARIS-C1-Q_P3CE_P3CEQ3,,NA,6,PARIS-C1-PUF202605-CODEBOOK,PUF_MSPatient Codebook,660,EXTRACTED_UNREVIEWED,TRUE
SRC-PARIS-C1-Q_PCMH4,,Not answered,-97,PARIS-C1-PUF202605-CODEBOOK,PUF_MSPatient Codebook,663,EXTRACTED_UNREVIEWED,TRUE
SRC-PARIS-C1-Q_PCMH4,,Multiple answers,-96,PARIS-C1-PUF202605-CODEBOOK,PUF_MSPatient Codebook,664,EXTRACTED_UNREVIEWED,TRUE
SRC-PARIS-C1-Q_PCMH4,,Question not asked,-95,PARIS-C1-PUF202605-CODEBOOK,PUF_MSPatient Codebook,665,EXTRACTED_UNREVIEWED,TRUE
SRC-PARIS-C1-Q_PCMH4,,Always,1,PARIS-C1-PUF202605-CODEBOOK,PUF_MSPatient Codebook,666,EXTRACTED_UNREVIEWED,FALSE
SRC-PARIS-C1-Q_PCMH4,,Often,2,PARIS-C1-PUF202605-CODEBOOK,PUF_MSPatient Codebook,667,EXTRACTED_UNREVIEWED,FALSE
SRC-PARIS-C1-Q_PCMH4,,Sometimes,3,PARIS-C1-PUF202605-CODEBOOK,PUF_MSPatient Codebook,668,EXTRACTED_UNREVIEWED,FALSE
SRC-PARIS-C1-Q_PCMH4,,Rarely,4,PARIS-C1-PUF202605-CODEBOOK,PUF_MSPatient Codebook,669,EXTRACTED_UNREVIEWED,FALSE
SRC-PARIS-C1-Q_PCMH4,,Never,5,PARIS-C1-PUF202605-CODEBOOK,PUF_MSPatient Codebook,670,EXTRACTED_UNREVIEWED,FALSE
SRC-PARIS-C1-Q_PCMH4,,Not sure,6,PARIS-C1-PUF202605-CODEBOOK,PUF_MSPatient Codebook,671,EXTRACTED_UNREVIEWED,FALSE
SRC-PARIS-C1-Q_PCMH4,,NA,7,PARIS-C1-PUF202605-CODEBOOK,PUF_MSPatient Codebook,672,EXTRACTED_UNREVIEWED,TRUE
SRC-PARIS-C1-Q_P3CEQ7A,,Not answered,.a,PARIS-C1-PUF202605-CODEBOOK,PUF_MSPatient Codebook,675,EXTRACTED_UNREVIEWED,TRUE
SRC-PARIS-C1-Q_P3CEQ7A,,Multiple answers,.d,PARIS-C1-PUF202605-CODEBOOK,PUF_MSPatient Codebook,676,EXTRACTED_UNREVIEWED,TRUE
SRC-PARIS-C1-Q_P3CEQ7A,,Question not asked,.b/.c,PARIS-C1-PUF202605-CODEBOOK,PUF_MSPatient Codebook,677,EXTRACTED_UNREVIEWED,TRUE
SRC-PARIS-C1-Q_P3CEQ7A,,Yes,1,PARIS-C1-PUF202605-CODEBOOK,PUF_MSPatient Codebook,678,EXTRACTED_UNREVIEWED,FALSE
SRC-PARIS-C1-Q_P3CEQ7A,,No,2,PARIS-C1-PUF202605-CODEBOOK,PUF_MSPatient Codebook,679,EXTRACTED_UNREVIEWED,FALSE
SRC-PARIS-C1-Q_P3CEQ7A,,Not sure,3,PARIS-C1-PUF202605-CODEBOOK,PUF_MSPatient Codebook,680,EXTRACTED_UNREVIEWED,FALSE
SRC-PARIS-C1-Q_P3CEQ7A,,NA,4,PARIS-C1-PUF202605-CODEBOOK,PUF_MSPatient Codebook,681,EXTRACTED_UNREVIEWED,TRUE
SRC-PARIS-C1-Q_P3CEQ7B,,Not answered,-97,PARIS-C1-PUF202605-CODEBOOK,PUF_MSPatient Codebook,683,EXTRACTED_UNREVIEWED,TRUE
SRC-PARIS-C1-Q_P3CEQ7B,,Multiple answers,-96,PARIS-C1-PUF202605-CODEBOOK,PUF_MSPatient Codebook,684,EXTRACTED_UNREVIEWED,TRUE
SRC-PARIS-C1-Q_P3CEQ7B,,Question not asked,-95,PARIS-C1-PUF202605-CODEBOOK,PUF_MSPatient Codebook,685,EXTRACTED_UNREVIEWED,TRUE
SRC-PARIS-C1-Q_P3CEQ7B,,Yes,1,PARIS-C1-PUF202605-CODEBOOK,PUF_MSPatient Codebook,686,EXTRACTED_UNREVIEWED,FALSE
SRC-PARIS-C1-Q_P3CEQ7B,,No,2,PARIS-C1-PUF202605-CODEBOOK,PUF_MSPatient Codebook,687,EXTRACTED_UNREVIEWED,FALSE
SRC-PARIS-C1-Q_P3CEQ7B,,Not sure,3,PARIS-C1-PUF202605-CODEBOOK,PUF_MSPatient Codebook,688,EXTRACTED_UNREVIEWED,FALSE
SRC-PARIS-C1-Q_P3CEQ7B,,NA,4,PARIS-C1-PUF202605-CODEBOOK,PUF_MSPatient Codebook,689,EXTRACTED_UNREVIEWED,TRUE
SRC-PARIS-C1-P3CEQ7C,,Not answered,-97,PARIS-C1-PUF202605-CODEBOOK,PUF_MSPatient Codebook,691,EXTRACTED_UNREVIEWED,TRUE
SRC-PARIS-C1-P3CEQ7C,,Multiple answers,-96,PARIS-C1-PUF202605-CODEBOOK,PUF_MSPatient Codebook,692,EXTRACTED_UNREVIEWED,TRUE
SRC-PARIS-C1-P3CEQ7C,,Question not asked,-95,PARIS-C1-PUF202605-CODEBOOK,PUF_MSPatient Codebook,693,EXTRACTED_UNREVIEWED,TRUE
SRC-PARIS-C1-P3CEQ7C,,Not at all,1,PARIS-C1-PUF202605-CODEBOOK,PUF_MSPatient Codebook,694,EXTRACTED_UNREVIEWED,FALSE
SRC-PARIS-C1-P3CEQ7C,,To some extent,2,PARIS-C1-PUF202605-CODEBOOK,PUF_MSPatient Codebook,695,EXTRACTED_UNREVIEWED,FALSE
SRC-PARIS-C1-P3CEQ7C,,To a large extent,3,PARIS-C1-PUF202605-CODEBOOK,PUF_MSPatient Codebook,696,EXTRACTED_UNREVIEWED,FALSE
SRC-PARIS-C1-P3CEQ7C,,Completely,4,PARIS-C1-PUF202605-CODEBOOK,PUF_MSPatient Codebook,697,EXTRACTED_UNREVIEWED,FALSE
SRC-PARIS-C1-P3CEQ7C,,Not sure,5,PARIS-C1-PUF202605-CODEBOOK,PUF_MSPatient Codebook,698,EXTRACTED_UNREVIEWED,FALSE
SRC-PARIS-C1-P3CEQ7C,,NA,6,PARIS-C1-PUF202605-CODEBOOK,PUF_MSPatient Codebook,699,EXTRACTED_UNREVIEWED,TRUE
SRC-PARIS-C1-P3CEQ7D,,Not answered,-97,PARIS-C1-PUF202605-CODEBOOK,PUF_MSPatient Codebook,701,EXTRACTED_UNREVIEWED,TRUE
SRC-PARIS-C1-P3CEQ7D,,Multiple answers,-96,PARIS-C1-PUF202605-CODEBOOK,PUF_MSPatient Codebook,702,EXTRACTED_UNREVIEWED,TRUE
SRC-PARIS-C1-P3CEQ7D,,Question not asked,-95,PARIS-C1-PUF202605-CODEBOOK,PUF_MSPatient Codebook,703,EXTRACTED_UNREVIEWED,TRUE
SRC-PARIS-C1-P3CEQ7D,,Not at all,1,PARIS-C1-PUF202605-CODEBOOK,PUF_MSPatient Codebook,704,EXTRACTED_UNREVIEWED,FALSE
SRC-PARIS-C1-P3CEQ7D,,To some extent,2,PARIS-C1-PUF202605-CODEBOOK,PUF_MSPatient Codebook,705,EXTRACTED_UNREVIEWED,FALSE
SRC-PARIS-C1-P3CEQ7D,,To a large extent,3,PARIS-C1-PUF202605-CODEBOOK,PUF_MSPatient Codebook,706,EXTRACTED_UNREVIEWED,FALSE
SRC-PARIS-C1-P3CEQ7D,,Completely,4,PARIS-C1-PUF202605-CODEBOOK,PUF_MSPatient Codebook,707,EXTRACTED_UNREVIEWED,FALSE
SRC-PARIS-C1-P3CEQ7D,,Not sure,5,PARIS-C1-PUF202605-CODEBOOK,PUF_MSPatient Codebook,708,EXTRACTED_UNREVIEWED,FALSE
SRC-PARIS-C1-P3CEQ7D,,NA,6,PARIS-C1-PUF202605-CODEBOOK,PUF_MSPatient Codebook,709,EXTRACTED_UNREVIEWED,TRUE
SRC-PARIS-C1-Q_P3CEQ8,,Not answered,-97,PARIS-C1-PUF202605-CODEBOOK,PUF_MSPatient Codebook,711,EXTRACTED_UNREVIEWED,TRUE
SRC-PARIS-C1-Q_P3CEQ8,,Multiple answers,-96,PARIS-C1-PUF202605-CODEBOOK,PUF_MSPatient Codebook,712,EXTRACTED_UNREVIEWED,TRUE
SRC-PARIS-C1-Q_P3CEQ8,,Question not asked,-95,PARIS-C1-PUF202605-CODEBOOK,PUF_MSPatient Codebook,713,EXTRACTED_UNREVIEWED,TRUE
SRC-PARIS-C1-Q_P3CEQ8,,I do not need support,1,PARIS-C1-PUF202605-CODEBOOK,PUF_MSPatient Codebook,714,EXTRACTED_UNREVIEWED,FALSE
SRC-PARIS-C1-Q_P3CEQ8,,I have had no support,2,PARIS-C1-PUF202605-CODEBOOK,PUF_MSPatient Codebook,715,EXTRACTED_UNREVIEWED,FALSE
SRC-PARIS-C1-Q_P3CEQ8,,I sometimes have enough support,3,PARIS-C1-PUF202605-CODEBOOK,PUF_MSPatient Codebook,716,EXTRACTED_UNREVIEWED,FALSE
SRC-PARIS-C1-Q_P3CEQ8,,I often have enough support,4,PARIS-C1-PUF202605-CODEBOOK,PUF_MSPatient Codebook,717,EXTRACTED_UNREVIEWED,FALSE
SRC-PARIS-C1-Q_P3CEQ8,,I always have enough support,5,PARIS-C1-PUF202605-CODEBOOK,PUF_MSPatient Codebook,718,EXTRACTED_UNREVIEWED,FALSE
SRC-PARIS-C1-Q_P3CEQ8,,Not relevant,6,PARIS-C1-PUF202605-CODEBOOK,PUF_MSPatient Codebook,719,EXTRACTED_UNREVIEWED,FALSE
SRC-PARIS-C1-Q_P3CEQ8,,Not sure,7,PARIS-C1-PUF202605-CODEBOOK,PUF_MSPatient Codebook,720,EXTRACTED_UNREVIEWED,FALSE
SRC-PARIS-C1-Q_P3CEQ8,,NA,8,PARIS-C1-PUF202605-CODEBOOK,PUF_MSPatient Codebook,721,EXTRACTED_UNREVIEWED,TRUE
SRC-PARIS-C1-P3CEQ9,,Not answered,-97,PARIS-C1-PUF202605-CODEBOOK,PUF_MSPatient Codebook,723,EXTRACTED_UNREVIEWED,TRUE
SRC-PARIS-C1-P3CEQ9,,Multiple answers,-96,PARIS-C1-PUF202605-CODEBOOK,PUF_MSPatient Codebook,724,EXTRACTED_UNREVIEWED,TRUE
SRC-PARIS-C1-P3CEQ9,,Question not asked,-95,PARIS-C1-PUF202605-CODEBOOK,PUF_MSPatient Codebook,725,EXTRACTED_UNREVIEWED,TRUE
SRC-PARIS-C1-P3CEQ9,,I do not receive any information,1,PARIS-C1-PUF202605-CODEBOOK,PUF_MSPatient Codebook,726,EXTRACTED_UNREVIEWED,FALSE
SRC-PARIS-C1-P3CEQ9,,I sometimes receive enough information,2,PARIS-C1-PUF202605-CODEBOOK,PUF_MSPatient Codebook,727,EXTRACTED_UNREVIEWED,FALSE
SRC-PARIS-C1-P3CEQ9,,I often receive enough information,3,PARIS-C1-PUF202605-CODEBOOK,PUF_MSPatient Codebook,728,EXTRACTED_UNREVIEWED,FALSE
SRC-PARIS-C1-P3CEQ9,,I always receive enough information,4,PARIS-C1-PUF202605-CODEBOOK,PUF_MSPatient Codebook,729,EXTRACTED_UNREVIEWED,FALSE
SRC-PARIS-C1-P3CEQ9,,I receive too much information,5,PARIS-C1-PUF202605-CODEBOOK,PUF_MSPatient Codebook,730,EXTRACTED_UNREVIEWED,FALSE
SRC-PARIS-C1-P3CEQ9,,Not relevant,6,PARIS-C1-PUF202605-CODEBOOK,PUF_MSPatient Codebook,731,EXTRACTED_UNREVIEWED,FALSE
SRC-PARIS-C1-P3CEQ9,,Not sure,7,PARIS-C1-PUF202605-CODEBOOK,PUF_MSPatient Codebook,732,EXTRACTED_UNREVIEWED,FALSE
SRC-PARIS-C1-P3CEQ9,,NA,8,PARIS-C1-PUF202605-CODEBOOK,PUF_MSPatient Codebook,733,EXTRACTED_UNREVIEWED,TRUE
SRC-PARIS-C1-Q_P3CEQ11B,,Not answered,-97,PARIS-C1-PUF202605-CODEBOOK,PUF_MSPatient Codebook,735,EXTRACTED_UNREVIEWED,TRUE
SRC-PARIS-C1-Q_P3CEQ11B,,Multiple answers,-96,PARIS-C1-PUF202605-CODEBOOK,PUF_MSPatient Codebook,736,EXTRACTED_UNREVIEWED,TRUE
SRC-PARIS-C1-Q_P3CEQ11B,,Question not asked,-95,PARIS-C1-PUF202605-CODEBOOK,PUF_MSPatient Codebook,737,EXTRACTED_UNREVIEWED,TRUE
SRC-PARIS-C1-Q_P3CEQ11B,,"No, definitely not",1,PARIS-C1-PUF202605-CODEBOOK,PUF_MSPatient Codebook,738,EXTRACTED_UNREVIEWED,FALSE
SRC-PARIS-C1-Q_P3CEQ11B,,"No, not really",2,PARIS-C1-PUF202605-CODEBOOK,PUF_MSPatient Codebook,739,EXTRACTED_UNREVIEWED,FALSE
SRC-PARIS-C1-Q_P3CEQ11B,,"Yes, to some extent",3,PARIS-C1-PUF202605-CODEBOOK,PUF_MSPatient Codebook,740,EXTRACTED_UNREVIEWED,FALSE
SRC-PARIS-C1-Q_P3CEQ11B,,"Yes, definitely",4,PARIS-C1-PUF202605-CODEBOOK,PUF_MSPatient Codebook,741,EXTRACTED_UNREVIEWED,FALSE
SRC-PARIS-C1-Q_P3CEQ11B,,"I do not want my family, friends or carers to be involved",5,PARIS-C1-PUF202605-CODEBOOK,PUF_MSPatient Codebook,742,EXTRACTED_UNREVIEWED,FALSE
SRC-PARIS-C1-Q_P3CEQ11B,,"My family, friends or carers do not want to be involved",6,PARIS-C1-PUF202605-CODEBOOK,PUF_MSPatient Codebook,743,EXTRACTED_UNREVIEWED,FALSE
SRC-PARIS-C1-Q_P3CEQ11B,,Not applicable,7,PARIS-C1-PUF202605-CODEBOOK,PUF_MSPatient Codebook,744,EXTRACTED_UNREVIEWED,FALSE
SRC-PARIS-C1-Q_P3CEQ11B,,NA,8,PARIS-C1-PUF202605-CODEBOOK,PUF_MSPatient Codebook,745,EXTRACTED_UNREVIEWED,TRUE
SRC-PARIS-C1-Q_MEDCWF1605,,Not answered,-97,PARIS-C1-PUF202605-CODEBOOK,PUF_MSPatient Codebook,748,EXTRACTED_UNREVIEWED,TRUE
SRC-PARIS-C1-Q_MEDCWF1605,,Multiple answers,-96,PARIS-C1-PUF202605-CODEBOOK,PUF_MSPatient Codebook,749,EXTRACTED_UNREVIEWED,TRUE
SRC-PARIS-C1-Q_MEDCWF1605,,Question not asked,-95,PARIS-C1-PUF202605-CODEBOOK,PUF_MSPatient Codebook,750,EXTRACTED_UNREVIEWED,TRUE
SRC-PARIS-C1-Q_MEDCWF1605,,No medication,1,PARIS-C1-PUF202605-CODEBOOK,PUF_MSPatient Codebook,751,EXTRACTED_UNREVIEWED,FALSE
SRC-PARIS-C1-Q_MEDCWF1605,,1-2 medications,2,PARIS-C1-PUF202605-CODEBOOK,PUF_MSPatient Codebook,752,EXTRACTED_UNREVIEWED,FALSE
SRC-PARIS-C1-Q_MEDCWF1605,,3-4 medications,3,PARIS-C1-PUF202605-CODEBOOK,PUF_MSPatient Codebook,753,EXTRACTED_UNREVIEWED,FALSE
SRC-PARIS-C1-Q_MEDCWF1605,,5-9 medications,4,PARIS-C1-PUF202605-CODEBOOK,PUF_MSPatient Codebook,754,EXTRACTED_UNREVIEWED,FALSE
SRC-PARIS-C1-Q_MEDCWF1605,,10 or more medications,5,PARIS-C1-PUF202605-CODEBOOK,PUF_MSPatient Codebook,755,EXTRACTED_UNREVIEWED,FALSE
SRC-PARIS-C1-Q_MEDCWF1605,,NA,6,PARIS-C1-PUF202605-CODEBOOK,PUF_MSPatient Codebook,756,EXTRACTED_UNREVIEWED,TRUE
SRC-PARIS-C1-Q_MEDCWF71110,,Not answered,-97,PARIS-C1-PUF202605-CODEBOOK,PUF_MSPatient Codebook,759,EXTRACTED_UNREVIEWED,TRUE
SRC-PARIS-C1-Q_MEDCWF71110,,Multiple answers,-96,PARIS-C1-PUF202605-CODEBOOK,PUF_MSPatient Codebook,760,EXTRACTED_UNREVIEWED,TRUE
SRC-PARIS-C1-Q_MEDCWF71110,,Question not asked,-95,PARIS-C1-PUF202605-CODEBOOK,PUF_MSPatient Codebook,761,EXTRACTED_UNREVIEWED,TRUE
SRC-PARIS-C1-Q_MEDCWF71110,,Yes,1,PARIS-C1-PUF202605-CODEBOOK,PUF_MSPatient Codebook,762,EXTRACTED_UNREVIEWED,FALSE
SRC-PARIS-C1-Q_MEDCWF71110,,No,2,PARIS-C1-PUF202605-CODEBOOK,PUF_MSPatient Codebook,763,EXTRACTED_UNREVIEWED,FALSE
SRC-PARIS-C1-Q_MEDCWF71110,,Not sure,3,PARIS-C1-PUF202605-CODEBOOK,PUF_MSPatient Codebook,764,EXTRACTED_UNREVIEWED,FALSE
SRC-PARIS-C1-Q_MEDCWF71110,,NA,4,PARIS-C1-PUF202605-CODEBOOK,PUF_MSPatient Codebook,765,EXTRACTED_UNREVIEWED,TRUE
SRC-PARIS-C1-Q_P3CEQ4,,Not answered,-97,PARIS-C1-PUF202605-CODEBOOK,PUF_MSPatient Codebook,768,EXTRACTED_UNREVIEWED,TRUE
SRC-PARIS-C1-Q_P3CEQ4,,Multiple answers,-96,PARIS-C1-PUF202605-CODEBOOK,PUF_MSPatient Codebook,769,EXTRACTED_UNREVIEWED,TRUE
SRC-PARIS-C1-Q_P3CEQ4,,Question not asked,-95,PARIS-C1-PUF202605-CODEBOOK,PUF_MSPatient Codebook,770,EXTRACTED_UNREVIEWED,TRUE
SRC-PARIS-C1-Q_P3CEQ4,,"Yes, definitely",1,PARIS-C1-PUF202605-CODEBOOK,PUF_MSPatient Codebook,771,EXTRACTED_UNREVIEWED,FALSE
SRC-PARIS-C1-Q_P3CEQ4,,"Yes, to some extent",2,PARIS-C1-PUF202605-CODEBOOK,PUF_MSPatient Codebook,772,EXTRACTED_UNREVIEWED,FALSE
SRC-PARIS-C1-Q_P3CEQ4,,"No, not really",3,PARIS-C1-PUF202605-CODEBOOK,PUF_MSPatient Codebook,773,EXTRACTED_UNREVIEWED,FALSE
SRC-PARIS-C1-Q_P3CEQ4,,"No, definitely not",4,PARIS-C1-PUF202605-CODEBOOK,PUF_MSPatient Codebook,774,EXTRACTED_UNREVIEWED,FALSE
SRC-PARIS-C1-Q_P3CEQ4,,Not sure,5,PARIS-C1-PUF202605-CODEBOOK,PUF_MSPatient Codebook,775,EXTRACTED_UNREVIEWED,FALSE
SRC-PARIS-C1-Q_P3CEQ4,,NA,6,PARIS-C1-PUF202605-CODEBOOK,PUF_MSPatient Codebook,776,EXTRACTED_UNREVIEWED,TRUE
SRC-PARIS-C1-Q_PREOS3,,Not answered,-97,PARIS-C1-PUF202605-CODEBOOK,PUF_MSPatient Codebook,779,EXTRACTED_UNREVIEWED,TRUE
SRC-PARIS-C1-Q_PREOS3,,Multiple answers,-96,PARIS-C1-PUF202605-CODEBOOK,PUF_MSPatient Codebook,780,EXTRACTED_UNREVIEWED,TRUE
SRC-PARIS-C1-Q_PREOS3,,Question not asked,-95,PARIS-C1-PUF202605-CODEBOOK,PUF_MSPatient Codebook,781,EXTRACTED_UNREVIEWED,TRUE
SRC-PARIS-C1-Q_PREOS3,,Always,1,PARIS-C1-PUF202605-CODEBOOK,PUF_MSPatient Codebook,782,EXTRACTED_UNREVIEWED,FALSE
SRC-PARIS-C1-Q_PREOS3,,Often,2,PARIS-C1-PUF202605-CODEBOOK,PUF_MSPatient Codebook,783,EXTRACTED_UNREVIEWED,FALSE
SRC-PARIS-C1-Q_PREOS3,,Sometimes,3,PARIS-C1-PUF202605-CODEBOOK,PUF_MSPatient Codebook,784,EXTRACTED_UNREVIEWED,FALSE
SRC-PARIS-C1-Q_PREOS3,,Rarely,4,PARIS-C1-PUF202605-CODEBOOK,PUF_MSPatient Codebook,785,EXTRACTED_UNREVIEWED,FALSE
SRC-PARIS-C1-Q_PREOS3,,Never,5,PARIS-C1-PUF202605-CODEBOOK,PUF_MSPatient Codebook,786,EXTRACTED_UNREVIEWED,FALSE
SRC-PARIS-C1-Q_PREOS3,,Not applicable,6,PARIS-C1-PUF202605-CODEBOOK,PUF_MSPatient Codebook,787,EXTRACTED_UNREVIEWED,FALSE
SRC-PARIS-C1-Q_PREOS3,,NA,7,PARIS-C1-PUF202605-CODEBOOK,PUF_MSPatient Codebook,788,EXTRACTED_UNREVIEWED,TRUE
SRC-PARIS-C1-Q_PREOS1,,Not answered,-97,PARIS-C1-PUF202605-CODEBOOK,PUF_MSPatient Codebook,791,EXTRACTED_UNREVIEWED,TRUE
SRC-PARIS-C1-Q_PREOS1,,Multiple answers,-96,PARIS-C1-PUF202605-CODEBOOK,PUF_MSPatient Codebook,792,EXTRACTED_UNREVIEWED,TRUE
SRC-PARIS-C1-Q_PREOS1,,Question not asked,-95,PARIS-C1-PUF202605-CODEBOOK,PUF_MSPatient Codebook,793,EXTRACTED_UNREVIEWED,TRUE
SRC-PARIS-C1-Q_PREOS1,,Always,1,PARIS-C1-PUF202605-CODEBOOK,PUF_MSPatient Codebook,794,EXTRACTED_UNREVIEWED,FALSE
SRC-PARIS-C1-Q_PREOS1,,Often,2,PARIS-C1-PUF202605-CODEBOOK,PUF_MSPatient Codebook,795,EXTRACTED_UNREVIEWED,FALSE
SRC-PARIS-C1-Q_PREOS1,,Sometimes,3,PARIS-C1-PUF202605-CODEBOOK,PUF_MSPatient Codebook,796,EXTRACTED_UNREVIEWED,FALSE
SRC-PARIS-C1-Q_PREOS1,,Rarely,4,PARIS-C1-PUF202605-CODEBOOK,PUF_MSPatient Codebook,797,EXTRACTED_UNREVIEWED,FALSE
SRC-PARIS-C1-Q_PREOS1,,Never,5,PARIS-C1-PUF202605-CODEBOOK,PUF_MSPatient Codebook,798,EXTRACTED_UNREVIEWED,FALSE
SRC-PARIS-C1-Q_PREOS1,,Not applicable,6,PARIS-C1-PUF202605-CODEBOOK,PUF_MSPatient Codebook,799,EXTRACTED_UNREVIEWED,FALSE
SRC-PARIS-C1-Q_PREOS1,,NA,7,PARIS-C1-PUF202605-CODEBOOK,PUF_MSPatient Codebook,800,EXTRACTED_UNREVIEWED,TRUE
SRC-PARIS-C1-Q_OECDACC3,,Not answered,-97,PARIS-C1-PUF202605-CODEBOOK,PUF_MSPatient Codebook,803,EXTRACTED_UNREVIEWED,TRUE
SRC-PARIS-C1-Q_OECDACC3,,Multiple answers,-96,PARIS-C1-PUF202605-CODEBOOK,PUF_MSPatient Codebook,804,EXTRACTED_UNREVIEWED,TRUE
SRC-PARIS-C1-Q_OECDACC3,,Question not asked,-95,PARIS-C1-PUF202605-CODEBOOK,PUF_MSPatient Codebook,805,EXTRACTED_UNREVIEWED,TRUE
SRC-PARIS-C1-Q_OECDACC3,,Always,1,PARIS-C1-PUF202605-CODEBOOK,PUF_MSPatient Codebook,806,EXTRACTED_UNREVIEWED,FALSE
SRC-PARIS-C1-Q_OECDACC3,,Often,2,PARIS-C1-PUF202605-CODEBOOK,PUF_MSPatient Codebook,807,EXTRACTED_UNREVIEWED,FALSE
SRC-PARIS-C1-Q_OECDACC3,,Sometimes,3,PARIS-C1-PUF202605-CODEBOOK,PUF_MSPatient Codebook,808,EXTRACTED_UNREVIEWED,FALSE
SRC-PARIS-C1-Q_OECDACC3,,Rarely,4,PARIS-C1-PUF202605-CODEBOOK,PUF_MSPatient Codebook,809,EXTRACTED_UNREVIEWED,FALSE
SRC-PARIS-C1-Q_OECDACC3,,Never,5,PARIS-C1-PUF202605-CODEBOOK,PUF_MSPatient Codebook,810,EXTRACTED_UNREVIEWED,FALSE
SRC-PARIS-C1-Q_OECDACC3,,Not applicable,6,PARIS-C1-PUF202605-CODEBOOK,PUF_MSPatient Codebook,811,EXTRACTED_UNREVIEWED,FALSE
SRC-PARIS-C1-Q_OECDACC3,,NA,7,PARIS-C1-PUF202605-CODEBOOK,PUF_MSPatient Codebook,812,EXTRACTED_UNREVIEWED,TRUE
SRC-PARIS-C1-Q_OECDACC46,,Not answered,-97,PARIS-C1-PUF202605-CODEBOOK,PUF_MSPatient Codebook,815,EXTRACTED_UNREVIEWED,TRUE
SRC-PARIS-C1-Q_OECDACC46,,Multiple answers,-96,PARIS-C1-PUF202605-CODEBOOK,PUF_MSPatient Codebook,816,EXTRACTED_UNREVIEWED,TRUE
SRC-PARIS-C1-Q_OECDACC46,,Question not asked,-95,PARIS-C1-PUF202605-CODEBOOK,PUF_MSPatient Codebook,817,EXTRACTED_UNREVIEWED,TRUE
SRC-PARIS-C1-Q_OECDACC46,,Always,1,PARIS-C1-PUF202605-CODEBOOK,PUF_MSPatient Codebook,818,EXTRACTED_UNREVIEWED,FALSE
SRC-PARIS-C1-Q_OECDACC46,,Often,2,PARIS-C1-PUF202605-CODEBOOK,PUF_MSPatient Codebook,819,EXTRACTED_UNREVIEWED,FALSE
SRC-PARIS-C1-Q_OECDACC46,,Sometimes,3,PARIS-C1-PUF202605-CODEBOOK,PUF_MSPatient Codebook,820,EXTRACTED_UNREVIEWED,FALSE
SRC-PARIS-C1-Q_OECDACC46,,Rarely,4,PARIS-C1-PUF202605-CODEBOOK,PUF_MSPatient Codebook,821,EXTRACTED_UNREVIEWED,FALSE
SRC-PARIS-C1-Q_OECDACC46,,Never,5,PARIS-C1-PUF202605-CODEBOOK,PUF_MSPatient Codebook,822,EXTRACTED_UNREVIEWED,FALSE
SRC-PARIS-C1-Q_OECDACC46,,Not applicable,6,PARIS-C1-PUF202605-CODEBOOK,PUF_MSPatient Codebook,823,EXTRACTED_UNREVIEWED,FALSE
SRC-PARIS-C1-Q_OECDACC46,,NA,7,PARIS-C1-PUF202605-CODEBOOK,PUF_MSPatient Codebook,824,EXTRACTED_UNREVIEWED,TRUE
SRC-PARIS-C1-Q_GPPS4,,Not answered,-97,PARIS-C1-PUF202605-CODEBOOK,PUF_MSPatient Codebook,827,EXTRACTED_UNREVIEWED,TRUE
SRC-PARIS-C1-Q_GPPS4,,Multiple answers,-96,PARIS-C1-PUF202605-CODEBOOK,PUF_MSPatient Codebook,828,EXTRACTED_UNREVIEWED,TRUE
SRC-PARIS-C1-Q_GPPS4,,Question not asked,-95,PARIS-C1-PUF202605-CODEBOOK,PUF_MSPatient Codebook,829,EXTRACTED_UNREVIEWED,TRUE
SRC-PARIS-C1-Q_GPPS4,,Very easy,1,PARIS-C1-PUF202605-CODEBOOK,PUF_MSPatient Codebook,830,EXTRACTED_UNREVIEWED,FALSE
SRC-PARIS-C1-Q_GPPS4,,Fairly easy,2,PARIS-C1-PUF202605-CODEBOOK,PUF_MSPatient Codebook,831,EXTRACTED_UNREVIEWED,FALSE
SRC-PARIS-C1-Q_GPPS4,,Not very easy,3,PARIS-C1-PUF202605-CODEBOOK,PUF_MSPatient Codebook,832,EXTRACTED_UNREVIEWED,FALSE
SRC-PARIS-C1-Q_GPPS4,,Not at all easy,4,PARIS-C1-PUF202605-CODEBOOK,PUF_MSPatient Codebook,833,EXTRACTED_UNREVIEWED,FALSE
SRC-PARIS-C1-Q_GPPS4,,I haven’t tried,5,PARIS-C1-PUF202605-CODEBOOK,PUF_MSPatient Codebook,834,EXTRACTED_UNREVIEWED,FALSE
SRC-PARIS-C1-Q_GPPS4,,My primary care centre does not have a website,6,PARIS-C1-PUF202605-CODEBOOK,PUF_MSPatient Codebook,835,EXTRACTED_UNREVIEWED,FALSE
SRC-PARIS-C1-Q_GPPS4,,Not sure,7,PARIS-C1-PUF202605-CODEBOOK,PUF_MSPatient Codebook,836,EXTRACTED_UNREVIEWED,FALSE
SRC-PARIS-C1-Q_GPPS4,,NA,8,PARIS-C1-PUF202605-CODEBOOK,PUF_MSPatient Codebook,837,EXTRACTED_UNREVIEWED,TRUE
SRC-PARIS-C1-Q_GPPS51,,Not answered,-97,PARIS-C1-PUF202605-CODEBOOK,PUF_MSPatient Codebook,840,EXTRACTED_UNREVIEWED,TRUE
SRC-PARIS-C1-Q_GPPS51,,Multiple answers,-96,PARIS-C1-PUF202605-CODEBOOK,PUF_MSPatient Codebook,841,EXTRACTED_UNREVIEWED,TRUE
SRC-PARIS-C1-Q_GPPS51,,Question not asked,-95,PARIS-C1-PUF202605-CODEBOOK,PUF_MSPatient Codebook,842,EXTRACTED_UNREVIEWED,TRUE
SRC-PARIS-C1-Q_GPPS51,,No,0,PARIS-C1-PUF202605-CODEBOOK,PUF_MSPatient Codebook,843,EXTRACTED_UNREVIEWED,FALSE
SRC-PARIS-C1-Q_GPPS51,,Yes,1,PARIS-C1-PUF202605-CODEBOOK,PUF_MSPatient Codebook,844,EXTRACTED_UNREVIEWED,FALSE
SRC-PARIS-C1-Q_GPPS52,,Not answered,-97,PARIS-C1-PUF202605-CODEBOOK,PUF_MSPatient Codebook,846,EXTRACTED_UNREVIEWED,TRUE
SRC-PARIS-C1-Q_GPPS52,,Multiple answers,-96,PARIS-C1-PUF202605-CODEBOOK,PUF_MSPatient Codebook,847,EXTRACTED_UNREVIEWED,TRUE
SRC-PARIS-C1-Q_GPPS52,,Question not asked,-95,PARIS-C1-PUF202605-CODEBOOK,PUF_MSPatient Codebook,848,EXTRACTED_UNREVIEWED,TRUE
SRC-PARIS-C1-Q_GPPS52,,No,0,PARIS-C1-PUF202605-CODEBOOK,PUF_MSPatient Codebook,849,EXTRACTED_UNREVIEWED,FALSE
SRC-PARIS-C1-Q_GPPS52,,Yes,1,PARIS-C1-PUF202605-CODEBOOK,PUF_MSPatient Codebook,850,EXTRACTED_UNREVIEWED,FALSE
SRC-PARIS-C1-Q_GPPS53,,Not answered,-97,PARIS-C1-PUF202605-CODEBOOK,PUF_MSPatient Codebook,852,EXTRACTED_UNREVIEWED,TRUE
SRC-PARIS-C1-Q_GPPS53,,Multiple answers,-96,PARIS-C1-PUF202605-CODEBOOK,PUF_MSPatient Codebook,853,EXTRACTED_UNREVIEWED,TRUE
SRC-PARIS-C1-Q_GPPS53,,Question not asked,-95,PARIS-C1-PUF202605-CODEBOOK,PUF_MSPatient Codebook,854,EXTRACTED_UNREVIEWED,TRUE
SRC-PARIS-C1-Q_GPPS53,,No,0,PARIS-C1-PUF202605-CODEBOOK,PUF_MSPatient Codebook,855,EXTRACTED_UNREVIEWED,FALSE
SRC-PARIS-C1-Q_GPPS53,,Yes,1,PARIS-C1-PUF202605-CODEBOOK,PUF_MSPatient Codebook,856,EXTRACTED_UNREVIEWED,FALSE
SRC-PARIS-C1-Q_GPPS54,,Not answered,-97,PARIS-C1-PUF202605-CODEBOOK,PUF_MSPatient Codebook,858,EXTRACTED_UNREVIEWED,TRUE
SRC-PARIS-C1-Q_GPPS54,,Multiple answers,-96,PARIS-C1-PUF202605-CODEBOOK,PUF_MSPatient Codebook,859,EXTRACTED_UNREVIEWED,TRUE
SRC-PARIS-C1-Q_GPPS54,,Question not asked,-95,PARIS-C1-PUF202605-CODEBOOK,PUF_MSPatient Codebook,860,EXTRACTED_UNREVIEWED,TRUE
SRC-PARIS-C1-Q_GPPS54,,No,0,PARIS-C1-PUF202605-CODEBOOK,PUF_MSPatient Codebook,861,EXTRACTED_UNREVIEWED,FALSE
SRC-PARIS-C1-Q_GPPS54,,Yes,1,PARIS-C1-PUF202605-CODEBOOK,PUF_MSPatient Codebook,862,EXTRACTED_UNREVIEWED,FALSE
SRC-PARIS-C1-Q_GPPS55,,Not answered,-97,PARIS-C1-PUF202605-CODEBOOK,PUF_MSPatient Codebook,864,EXTRACTED_UNREVIEWED,TRUE
SRC-PARIS-C1-Q_GPPS55,,Multiple answers,-96,PARIS-C1-PUF202605-CODEBOOK,PUF_MSPatient Codebook,865,EXTRACTED_UNREVIEWED,TRUE
SRC-PARIS-C1-Q_GPPS55,,Question not asked,-95,PARIS-C1-PUF202605-CODEBOOK,PUF_MSPatient Codebook,866,EXTRACTED_UNREVIEWED,TRUE
SRC-PARIS-C1-Q_GPPS55,,No,0,PARIS-C1-PUF202605-CODEBOOK,PUF_MSPatient Codebook,867,EXTRACTED_UNREVIEWED,FALSE
SRC-PARIS-C1-Q_GPPS55,,Yes,1,PARIS-C1-PUF202605-CODEBOOK,PUF_MSPatient Codebook,868,EXTRACTED_UNREVIEWED,FALSE
SRC-PARIS-C1-Q_GPPS56,,Not answered,-97,PARIS-C1-PUF202605-CODEBOOK,PUF_MSPatient Codebook,870,EXTRACTED_UNREVIEWED,TRUE
SRC-PARIS-C1-Q_GPPS56,,Multiple answers,-96,PARIS-C1-PUF202605-CODEBOOK,PUF_MSPatient Codebook,871,EXTRACTED_UNREVIEWED,TRUE
SRC-PARIS-C1-Q_GPPS56,,Question not asked,-95,PARIS-C1-PUF202605-CODEBOOK,PUF_MSPatient Codebook,872,EXTRACTED_UNREVIEWED,TRUE
SRC-PARIS-C1-Q_GPPS56,,No,0,PARIS-C1-PUF202605-CODEBOOK,PUF_MSPatient Codebook,873,EXTRACTED_UNREVIEWED,FALSE
SRC-PARIS-C1-Q_GPPS56,,Yes,1,PARIS-C1-PUF202605-CODEBOOK,PUF_MSPatient Codebook,874,EXTRACTED_UNREVIEWED,FALSE
SRC-PARIS-C1-Q_GPPS61,,Not answered,-97,PARIS-C1-PUF202605-CODEBOOK,PUF_MSPatient Codebook,876,EXTRACTED_UNREVIEWED,TRUE
SRC-PARIS-C1-Q_GPPS61,,Multiple answers,-96,PARIS-C1-PUF202605-CODEBOOK,PUF_MSPatient Codebook,877,EXTRACTED_UNREVIEWED,TRUE
SRC-PARIS-C1-Q_GPPS61,,Question not asked,-95,PARIS-C1-PUF202605-CODEBOOK,PUF_MSPatient Codebook,878,EXTRACTED_UNREVIEWED,TRUE
SRC-PARIS-C1-Q_GPPS61,,No,0,PARIS-C1-PUF202605-CODEBOOK,PUF_MSPatient Codebook,879,EXTRACTED_UNREVIEWED,FALSE
SRC-PARIS-C1-Q_GPPS61,,Yes,1,PARIS-C1-PUF202605-CODEBOOK,PUF_MSPatient Codebook,880,EXTRACTED_UNREVIEWED,FALSE
SRC-PARIS-C1-Q_GPPS62,,Not answered,-97,PARIS-C1-PUF202605-CODEBOOK,PUF_MSPatient Codebook,882,EXTRACTED_UNREVIEWED,TRUE
SRC-PARIS-C1-Q_GPPS62,,Multiple answers,-96,PARIS-C1-PUF202605-CODEBOOK,PUF_MSPatient Codebook,883,EXTRACTED_UNREVIEWED,TRUE
SRC-PARIS-C1-Q_GPPS62,,Question not asked,-95,PARIS-C1-PUF202605-CODEBOOK,PUF_MSPatient Codebook,884,EXTRACTED_UNREVIEWED,TRUE
SRC-PARIS-C1-Q_GPPS62,,No,0,PARIS-C1-PUF202605-CODEBOOK,PUF_MSPatient Codebook,885,EXTRACTED_UNREVIEWED,FALSE
SRC-PARIS-C1-Q_GPPS62,,Yes,1,PARIS-C1-PUF202605-CODEBOOK,PUF_MSPatient Codebook,886,EXTRACTED_UNREVIEWED,FALSE
SRC-PARIS-C1-Q_GPPS63,,Not answered,-97,PARIS-C1-PUF202605-CODEBOOK,PUF_MSPatient Codebook,888,EXTRACTED_UNREVIEWED,TRUE
SRC-PARIS-C1-Q_GPPS63,,Multiple answers,-96,PARIS-C1-PUF202605-CODEBOOK,PUF_MSPatient Codebook,889,EXTRACTED_UNREVIEWED,TRUE
SRC-PARIS-C1-Q_GPPS63,,Question not asked,-95,PARIS-C1-PUF202605-CODEBOOK,PUF_MSPatient Codebook,890,EXTRACTED_UNREVIEWED,TRUE
SRC-PARIS-C1-Q_GPPS63,,No,0,PARIS-C1-PUF202605-CODEBOOK,PUF_MSPatient Codebook,891,EXTRACTED_UNREVIEWED,FALSE
SRC-PARIS-C1-Q_GPPS63,,Yes,1,PARIS-C1-PUF202605-CODEBOOK,PUF_MSPatient Codebook,892,EXTRACTED_UNREVIEWED,FALSE
SRC-PARIS-C1-Q_GPPS64,,Not answered,-97,PARIS-C1-PUF202605-CODEBOOK,PUF_MSPatient Codebook,894,EXTRACTED_UNREVIEWED,TRUE
SRC-PARIS-C1-Q_GPPS64,,Multiple answers,-96,PARIS-C1-PUF202605-CODEBOOK,PUF_MSPatient Codebook,895,EXTRACTED_UNREVIEWED,TRUE
SRC-PARIS-C1-Q_GPPS64,,Question not asked,-95,PARIS-C1-PUF202605-CODEBOOK,PUF_MSPatient Codebook,896,EXTRACTED_UNREVIEWED,TRUE
SRC-PARIS-C1-Q_GPPS64,,No,0,PARIS-C1-PUF202605-CODEBOOK,PUF_MSPatient Codebook,897,EXTRACTED_UNREVIEWED,FALSE
SRC-PARIS-C1-Q_GPPS64,,Yes,1,PARIS-C1-PUF202605-CODEBOOK,PUF_MSPatient Codebook,898,EXTRACTED_UNREVIEWED,FALSE
SRC-PARIS-C1-Q_GPPS65,,Not answered,-97,PARIS-C1-PUF202605-CODEBOOK,PUF_MSPatient Codebook,900,EXTRACTED_UNREVIEWED,TRUE
SRC-PARIS-C1-Q_GPPS65,,Multiple answers,-96,PARIS-C1-PUF202605-CODEBOOK,PUF_MSPatient Codebook,901,EXTRACTED_UNREVIEWED,TRUE
SRC-PARIS-C1-Q_GPPS65,,Question not asked,-95,PARIS-C1-PUF202605-CODEBOOK,PUF_MSPatient Codebook,902,EXTRACTED_UNREVIEWED,TRUE
SRC-PARIS-C1-Q_GPPS65,,No,0,PARIS-C1-PUF202605-CODEBOOK,PUF_MSPatient Codebook,903,EXTRACTED_UNREVIEWED,FALSE
SRC-PARIS-C1-Q_GPPS65,,Yes,1,PARIS-C1-PUF202605-CODEBOOK,PUF_MSPatient Codebook,904,EXTRACTED_UNREVIEWED,FALSE
SRC-PARIS-C1-Q_CWF119,,Not answered,-97,PARIS-C1-PUF202605-CODEBOOK,PUF_MSPatient Codebook,907,EXTRACTED_UNREVIEWED,TRUE
SRC-PARIS-C1-Q_CWF119,,Multiple answers,-96,PARIS-C1-PUF202605-CODEBOOK,PUF_MSPatient Codebook,908,EXTRACTED_UNREVIEWED,TRUE
SRC-PARIS-C1-Q_CWF119,,Question not asked,-95,PARIS-C1-PUF202605-CODEBOOK,PUF_MSPatient Codebook,909,EXTRACTED_UNREVIEWED,TRUE
SRC-PARIS-C1-Q_CWF119,,Excellent,1,PARIS-C1-PUF202605-CODEBOOK,PUF_MSPatient Codebook,910,EXTRACTED_UNREVIEWED,FALSE
SRC-PARIS-C1-Q_CWF119,,Very good,2,PARIS-C1-PUF202605-CODEBOOK,PUF_MSPatient Codebook,911,EXTRACTED_UNREVIEWED,FALSE
SRC-PARIS-C1-Q_CWF119,,Good,3,PARIS-C1-PUF202605-CODEBOOK,PUF_MSPatient Codebook,912,EXTRACTED_UNREVIEWED,FALSE
SRC-PARIS-C1-Q_CWF119,,Fair,4,PARIS-C1-PUF202605-CODEBOOK,PUF_MSPatient Codebook,913,EXTRACTED_UNREVIEWED,FALSE
SRC-PARIS-C1-Q_CWF119,,Poor,5,PARIS-C1-PUF202605-CODEBOOK,PUF_MSPatient Codebook,914,EXTRACTED_UNREVIEWED,FALSE
SRC-PARIS-C1-Q_CWF119,,Have not received medical care in the last 12 months,6,PARIS-C1-PUF202605-CODEBOOK,PUF_MSPatient Codebook,915,EXTRACTED_UNREVIEWED,FALSE
SRC-PARIS-C1-Q_CWF119,,Not sure,7,PARIS-C1-PUF202605-CODEBOOK,PUF_MSPatient Codebook,916,EXTRACTED_UNREVIEWED,FALSE
SRC-PARIS-C1-Q_CWF119,,NA,8,PARIS-C1-PUF202605-CODEBOOK,PUF_MSPatient Codebook,917,EXTRACTED_UNREVIEWED,TRUE
SRC-PARIS-C1-Q_EMERG,,Not answered,-97,PARIS-C1-PUF202605-CODEBOOK,PUF_MSPatient Codebook,920,EXTRACTED_UNREVIEWED,TRUE
SRC-PARIS-C1-Q_EMERG,,Multiple answers,-96,PARIS-C1-PUF202605-CODEBOOK,PUF_MSPatient Codebook,921,EXTRACTED_UNREVIEWED,TRUE
SRC-PARIS-C1-Q_EMERG,,Question not asked,-95,PARIS-C1-PUF202605-CODEBOOK,PUF_MSPatient Codebook,922,EXTRACTED_UNREVIEWED,TRUE
SRC-PARIS-C1-Q_EMERG,,No,1,PARIS-C1-PUF202605-CODEBOOK,PUF_MSPatient Codebook,923,EXTRACTED_UNREVIEWED,FALSE
SRC-PARIS-C1-Q_EMERG,,"Yes, once",2,PARIS-C1-PUF202605-CODEBOOK,PUF_MSPatient Codebook,924,EXTRACTED_UNREVIEWED,FALSE
SRC-PARIS-C1-Q_EMERG,,"Yes, twice",3,PARIS-C1-PUF202605-CODEBOOK,PUF_MSPatient Codebook,925,EXTRACTED_UNREVIEWED,FALSE
SRC-PARIS-C1-Q_EMERG,,"Yes, 3 or more times",4,PARIS-C1-PUF202605-CODEBOOK,PUF_MSPatient Codebook,926,EXTRACTED_UNREVIEWED,FALSE
SRC-PARIS-C1-Q_EMERG,,Not sure,5,PARIS-C1-PUF202605-CODEBOOK,PUF_MSPatient Codebook,927,EXTRACTED_UNREVIEWED,FALSE
SRC-PARIS-C1-Q_EMERG,,NA,6,PARIS-C1-PUF202605-CODEBOOK,PUF_MSPatient Codebook,928,EXTRACTED_UNREVIEWED,TRUE
SRC-PARIS-C1-Q_CWF2016HOSP,,Not answered,-97,PARIS-C1-PUF202605-CODEBOOK,PUF_MSPatient Codebook,931,EXTRACTED_UNREVIEWED,TRUE
SRC-PARIS-C1-Q_CWF2016HOSP,,Multiple answers,-96,PARIS-C1-PUF202605-CODEBOOK,PUF_MSPatient Codebook,932,EXTRACTED_UNREVIEWED,TRUE
SRC-PARIS-C1-Q_CWF2016HOSP,,Question not asked,-95,PARIS-C1-PUF202605-CODEBOOK,PUF_MSPatient Codebook,933,EXTRACTED_UNREVIEWED,TRUE
SRC-PARIS-C1-Q_CWF2016HOSP,,No,1,PARIS-C1-PUF202605-CODEBOOK,PUF_MSPatient Codebook,934,EXTRACTED_UNREVIEWED,FALSE
SRC-PARIS-C1-Q_CWF2016HOSP,,"Yes, once",2,PARIS-C1-PUF202605-CODEBOOK,PUF_MSPatient Codebook,935,EXTRACTED_UNREVIEWED,FALSE
SRC-PARIS-C1-Q_CWF2016HOSP,,"Yes, twice",3,PARIS-C1-PUF202605-CODEBOOK,PUF_MSPatient Codebook,936,EXTRACTED_UNREVIEWED,FALSE
SRC-PARIS-C1-Q_CWF2016HOSP,,"Yes, 3 or more times",4,PARIS-C1-PUF202605-CODEBOOK,PUF_MSPatient Codebook,937,EXTRACTED_UNREVIEWED,FALSE
SRC-PARIS-C1-Q_CWF2016HOSP,,Not sure,5,PARIS-C1-PUF202605-CODEBOOK,PUF_MSPatient Codebook,938,EXTRACTED_UNREVIEWED,FALSE
SRC-PARIS-C1-Q_CWF2016HOSP,,NA,6,PARIS-C1-PUF202605-CODEBOOK,PUF_MSPatient Codebook,939,EXTRACTED_UNREVIEWED,TRUE
SRC-PARIS-C1-LASTAPP,,Not answered,-97,PARIS-C1-PUF202605-CODEBOOK,PUF_MSPatient Codebook,942,EXTRACTED_UNREVIEWED,TRUE
SRC-PARIS-C1-LASTAPP,,Multiple answers,-96,PARIS-C1-PUF202605-CODEBOOK,PUF_MSPatient Codebook,943,EXTRACTED_UNREVIEWED,TRUE
SRC-PARIS-C1-LASTAPP,,Question not asked,-95,PARIS-C1-PUF202605-CODEBOOK,PUF_MSPatient Codebook,944,EXTRACTED_UNREVIEWED,TRUE
SRC-PARIS-C1-LASTAPP,,In the past 3 months,1,PARIS-C1-PUF202605-CODEBOOK,PUF_MSPatient Codebook,945,EXTRACTED_UNREVIEWED,FALSE
SRC-PARIS-C1-LASTAPP,,Between 3 and 6 months ago,2,PARIS-C1-PUF202605-CODEBOOK,PUF_MSPatient Codebook,946,EXTRACTED_UNREVIEWED,FALSE
SRC-PARIS-C1-LASTAPP,,Between 6 and 12 months ago,3,PARIS-C1-PUF202605-CODEBOOK,PUF_MSPatient Codebook,947,EXTRACTED_UNREVIEWED,FALSE
SRC-PARIS-C1-LASTAPP,,More than 12 months ago,4,PARIS-C1-PUF202605-CODEBOOK,PUF_MSPatient Codebook,948,EXTRACTED_UNREVIEWED,FALSE
SRC-PARIS-C1-LASTAPP,,I haven’t had an appointment since being registered with my GP practice,5,PARIS-C1-PUF202605-CODEBOOK,PUF_MSPatient Codebook,949,EXTRACTED_UNREVIEWED,FALSE
SRC-PARIS-C1-LASTAPP,,NA,6,PARIS-C1-PUF202605-CODEBOOK,PUF_MSPatient Codebook,950,EXTRACTED_UNREVIEWED,TRUE
SRC-PARIS-C1-Q_PURPOS,,Not answered,-97,PARIS-C1-PUF202605-CODEBOOK,PUF_MSPatient Codebook,954,EXTRACTED_UNREVIEWED,TRUE
SRC-PARIS-C1-Q_PURPOS,,Multiple answers,-96,PARIS-C1-PUF202605-CODEBOOK,PUF_MSPatient Codebook,955,EXTRACTED_UNREVIEWED,TRUE
SRC-PARIS-C1-Q_PURPOS,,Question not asked,-95,PARIS-C1-PUF202605-CODEBOOK,PUF_MSPatient Codebook,956,EXTRACTED_UNREVIEWED,TRUE
SRC-PARIS-C1-Q_PURPOS,,First contact for a new problem,1,PARIS-C1-PUF202605-CODEBOOK,PUF_MSPatient Codebook,957,EXTRACTED_UNREVIEWED,FALSE
SRC-PARIS-C1-Q_PURPOS,,Follow-up of a new problem,2,PARIS-C1-PUF202605-CODEBOOK,PUF_MSPatient Codebook,958,EXTRACTED_UNREVIEWED,FALSE
SRC-PARIS-C1-Q_PURPOS,,Routine care for a long-term problem,3,PARIS-C1-PUF202605-CODEBOOK,PUF_MSPatient Codebook,959,EXTRACTED_UNREVIEWED,FALSE
SRC-PARIS-C1-Q_PURPOS,,Non-routine care for a long-term problem,4,PARIS-C1-PUF202605-CODEBOOK,PUF_MSPatient Codebook,960,EXTRACTED_UNREVIEWED,FALSE
SRC-PARIS-C1-Q_PURPOS,,General preventive care,5,PARIS-C1-PUF202605-CODEBOOK,PUF_MSPatient Codebook,961,EXTRACTED_UNREVIEWED,FALSE
SRC-PARIS-C1-Q_PURPOS,,Not sure,6,PARIS-C1-PUF202605-CODEBOOK,PUF_MSPatient Codebook,962,EXTRACTED_UNREVIEWED,FALSE
SRC-PARIS-C1-Q_PURPOS,,Annual or regular check,7,PARIS-C1-PUF202605-CODEBOOK,PUF_MSPatient Codebook,963,EXTRACTED_UNREVIEWED,FALSE
SRC-PARIS-C1-Q_OECDACC7A,,Not answered,-97,PARIS-C1-PUF202605-CODEBOOK,PUF_MSPatient Codebook,966,EXTRACTED_UNREVIEWED,TRUE
SRC-PARIS-C1-Q_OECDACC7A,,Multiple answers,-96,PARIS-C1-PUF202605-CODEBOOK,PUF_MSPatient Codebook,967,EXTRACTED_UNREVIEWED,TRUE
SRC-PARIS-C1-Q_OECDACC7A,,Question not asked,-95,PARIS-C1-PUF202605-CODEBOOK,PUF_MSPatient Codebook,968,EXTRACTED_UNREVIEWED,TRUE
SRC-PARIS-C1-Q_OECDACC7A,,A doctor specialised in family medicine/general practice,1,PARIS-C1-PUF202605-CODEBOOK,PUF_MSPatient Codebook,969,EXTRACTED_UNREVIEWED,FALSE
SRC-PARIS-C1-Q_OECDACC7A,,Another specialist doctor,2,PARIS-C1-PUF202605-CODEBOOK,PUF_MSPatient Codebook,970,EXTRACTED_UNREVIEWED,FALSE
SRC-PARIS-C1-Q_OECDACC7A,,A nurse,3,PARIS-C1-PUF202605-CODEBOOK,PUF_MSPatient Codebook,971,EXTRACTED_UNREVIEWED,FALSE
SRC-PARIS-C1-Q_OECDACC7A,,Nurse practitioner,4,PARIS-C1-PUF202605-CODEBOOK,PUF_MSPatient Codebook,972,EXTRACTED_UNREVIEWED,FALSE
SRC-PARIS-C1-Q_OECDACC7A,,"An allied health care professional, such as a physiotherapist, dietician, or podiatrist",5,PARIS-C1-PUF202605-CODEBOOK,PUF_MSPatient Codebook,973,EXTRACTED_UNREVIEWED,FALSE
SRC-PARIS-C1-Q_OECDACC7A,,Another health care professional,6,PARIS-C1-PUF202605-CODEBOOK,PUF_MSPatient Codebook,974,EXTRACTED_UNREVIEWED,FALSE
SRC-PARIS-C1-Q_OECDACC7A,,Not sure,7,PARIS-C1-PUF202605-CODEBOOK,PUF_MSPatient Codebook,975,EXTRACTED_UNREVIEWED,FALSE
SRC-PARIS-C1-Q_OECDACC7A,,NA,8,PARIS-C1-PUF202605-CODEBOOK,PUF_MSPatient Codebook,976,EXTRACTED_UNREVIEWED,TRUE
SRC-PARIS-C1-Q_OECDACC7B,,Not answered,-97,PARIS-C1-PUF202605-CODEBOOK,PUF_MSPatient Codebook,978,EXTRACTED_UNREVIEWED,TRUE
SRC-PARIS-C1-Q_OECDACC7B,,Multiple answers,-96,PARIS-C1-PUF202605-CODEBOOK,PUF_MSPatient Codebook,979,EXTRACTED_UNREVIEWED,TRUE
SRC-PARIS-C1-Q_OECDACC7B,,Question not asked,-95,PARIS-C1-PUF202605-CODEBOOK,PUF_MSPatient Codebook,980,EXTRACTED_UNREVIEWED,TRUE
SRC-PARIS-C1-Q_OECDACC7B,,A primary care centre,1,PARIS-C1-PUF202605-CODEBOOK,PUF_MSPatient Codebook,981,EXTRACTED_UNREVIEWED,FALSE
SRC-PARIS-C1-Q_OECDACC7B,,An outpatient department of a hospital,2,PARIS-C1-PUF202605-CODEBOOK,PUF_MSPatient Codebook,982,EXTRACTED_UNREVIEWED,FALSE
SRC-PARIS-C1-Q_OECDACC7B,,Other,3,PARIS-C1-PUF202605-CODEBOOK,PUF_MSPatient Codebook,983,EXTRACTED_UNREVIEWED,FALSE
SRC-PARIS-C1-Q_OECDACC7B,,Not sure,4,PARIS-C1-PUF202605-CODEBOOK,PUF_MSPatient Codebook,984,EXTRACTED_UNREVIEWED,FALSE
SRC-PARIS-C1-Q_OECDACC7B,,Not applicable,5,PARIS-C1-PUF202605-CODEBOOK,PUF_MSPatient Codebook,985,EXTRACTED_UNREVIEWED,FALSE
SRC-PARIS-C1-Q_OECDACC7B,,NA,6,PARIS-C1-PUF202605-CODEBOOK,PUF_MSPatient Codebook,986,EXTRACTED_UNREVIEWED,TRUE
SRC-PARIS-C1-Q_OECDACC7C,,Not answered,-97,PARIS-C1-PUF202605-CODEBOOK,PUF_MSPatient Codebook,988,EXTRACTED_UNREVIEWED,TRUE
SRC-PARIS-C1-Q_OECDACC7C,,Multiple answers,-96,PARIS-C1-PUF202605-CODEBOOK,PUF_MSPatient Codebook,989,EXTRACTED_UNREVIEWED,TRUE
SRC-PARIS-C1-Q_OECDACC7C,,Question not asked,-95,PARIS-C1-PUF202605-CODEBOOK,PUF_MSPatient Codebook,990,EXTRACTED_UNREVIEWED,TRUE
SRC-PARIS-C1-Q_OECDACC7C,,Face-to-face consultation in the health care professional's office,1,PARIS-C1-PUF202605-CODEBOOK,PUF_MSPatient Codebook,991,EXTRACTED_UNREVIEWED,FALSE
SRC-PARIS-C1-Q_OECDACC7C,,Telephone consultation,2,PARIS-C1-PUF202605-CODEBOOK,PUF_MSPatient Codebook,992,EXTRACTED_UNREVIEWED,FALSE
SRC-PARIS-C1-Q_OECDACC7C,,Video consultation,3,PARIS-C1-PUF202605-CODEBOOK,PUF_MSPatient Codebook,993,EXTRACTED_UNREVIEWED,FALSE
SRC-PARIS-C1-Q_OECDACC7C,,Home visit,4,PARIS-C1-PUF202605-CODEBOOK,PUF_MSPatient Codebook,994,EXTRACTED_UNREVIEWED,FALSE
SRC-PARIS-C1-Q_OECDACC7C,,Other,5,PARIS-C1-PUF202605-CODEBOOK,PUF_MSPatient Codebook,995,EXTRACTED_UNREVIEWED,FALSE
SRC-PARIS-C1-Q_OECDACC7C,,Not sure,6,PARIS-C1-PUF202605-CODEBOOK,PUF_MSPatient Codebook,996,EXTRACTED_UNREVIEWED,FALSE
SRC-PARIS-C1-Q_OECDACC7C,,NA,7,PARIS-C1-PUF202605-CODEBOOK,PUF_MSPatient Codebook,997,EXTRACTED_UNREVIEWED,TRUE
SRC-PARIS-C1-GPPSACCESS,,Not answered,-97,PARIS-C1-PUF202605-CODEBOOK,PUF_MSPatient Codebook,1001,EXTRACTED_UNREVIEWED,TRUE
SRC-PARIS-C1-GPPSACCESS,,Multiple answers,-96,PARIS-C1-PUF202605-CODEBOOK,PUF_MSPatient Codebook,1002,EXTRACTED_UNREVIEWED,TRUE
SRC-PARIS-C1-GPPSACCESS,,Question not asked,-95,PARIS-C1-PUF202605-CODEBOOK,PUF_MSPatient Codebook,1003,EXTRACTED_UNREVIEWED,TRUE
SRC-PARIS-C1-GPPSACCESS,,On the same day,1,PARIS-C1-PUF202605-CODEBOOK,PUF_MSPatient Codebook,1004,EXTRACTED_UNREVIEWED,FALSE
SRC-PARIS-C1-GPPSACCESS,,On the next day,2,PARIS-C1-PUF202605-CODEBOOK,PUF_MSPatient Codebook,1005,EXTRACTED_UNREVIEWED,FALSE
SRC-PARIS-C1-GPPSACCESS,,A few days and up to a week later,3,PARIS-C1-PUF202605-CODEBOOK,PUF_MSPatient Codebook,1006,EXTRACTED_UNREVIEWED,FALSE
SRC-PARIS-C1-GPPSACCESS,,More than a week and up to one month later,4,PARIS-C1-PUF202605-CODEBOOK,PUF_MSPatient Codebook,1007,EXTRACTED_UNREVIEWED,FALSE
SRC-PARIS-C1-GPPSACCESS,,More than one month later,5,PARIS-C1-PUF202605-CODEBOOK,PUF_MSPatient Codebook,1008,EXTRACTED_UNREVIEWED,FALSE
SRC-PARIS-C1-GPPSACCESS,,Can't remember,6,PARIS-C1-PUF202605-CODEBOOK,PUF_MSPatient Codebook,1009,EXTRACTED_UNREVIEWED,FALSE
SRC-PARIS-C1-GPPSACCESS,,NA,7,PARIS-C1-PUF202605-CODEBOOK,PUF_MSPatient Codebook,1010,EXTRACTED_UNREVIEWED,TRUE
SRC-PARIS-C1-Q_OECDACC9,,Not answered,-97,PARIS-C1-PUF202605-CODEBOOK,PUF_MSPatient Codebook,1013,EXTRACTED_UNREVIEWED,TRUE
SRC-PARIS-C1-Q_OECDACC9,,Multiple answers,-96,PARIS-C1-PUF202605-CODEBOOK,PUF_MSPatient Codebook,1014,EXTRACTED_UNREVIEWED,TRUE
SRC-PARIS-C1-Q_OECDACC9,,Question not asked,-95,PARIS-C1-PUF202605-CODEBOOK,PUF_MSPatient Codebook,1015,EXTRACTED_UNREVIEWED,TRUE
SRC-PARIS-C1-Q_OECDACC9,,Yes,1,PARIS-C1-PUF202605-CODEBOOK,PUF_MSPatient Codebook,1016,EXTRACTED_UNREVIEWED,FALSE
SRC-PARIS-C1-Q_OECDACC9,,No,2,PARIS-C1-PUF202605-CODEBOOK,PUF_MSPatient Codebook,1017,EXTRACTED_UNREVIEWED,FALSE
SRC-PARIS-C1-Q_OECDACC9,,Not sure,3,PARIS-C1-PUF202605-CODEBOOK,PUF_MSPatient Codebook,1018,EXTRACTED_UNREVIEWED,FALSE
SRC-PARIS-C1-Q_OECDACC9,,NA,4,PARIS-C1-PUF202605-CODEBOOK,PUF_MSPatient Codebook,1019,EXTRACTED_UNREVIEWED,TRUE
SRC-PARIS-C1-Q_OECDACC8,,Not answered,-97,PARIS-C1-PUF202605-CODEBOOK,PUF_MSPatient Codebook,1022,EXTRACTED_UNREVIEWED,TRUE
SRC-PARIS-C1-Q_OECDACC8,,Multiple answers,-96,PARIS-C1-PUF202605-CODEBOOK,PUF_MSPatient Codebook,1023,EXTRACTED_UNREVIEWED,TRUE
SRC-PARIS-C1-Q_OECDACC8,,Question not asked,-95,PARIS-C1-PUF202605-CODEBOOK,PUF_MSPatient Codebook,1024,EXTRACTED_UNREVIEWED,TRUE
SRC-PARIS-C1-Q_OECDACC8,,"Yes, definitely",1,PARIS-C1-PUF202605-CODEBOOK,PUF_MSPatient Codebook,1025,EXTRACTED_UNREVIEWED,FALSE
SRC-PARIS-C1-Q_OECDACC8,,"Yes, to some extent",2,PARIS-C1-PUF202605-CODEBOOK,PUF_MSPatient Codebook,1026,EXTRACTED_UNREVIEWED,FALSE
SRC-PARIS-C1-Q_OECDACC8,,"No, not really",3,PARIS-C1-PUF202605-CODEBOOK,PUF_MSPatient Codebook,1027,EXTRACTED_UNREVIEWED,FALSE
SRC-PARIS-C1-Q_OECDACC8,,"No, definitely not",4,PARIS-C1-PUF202605-CODEBOOK,PUF_MSPatient Codebook,1028,EXTRACTED_UNREVIEWED,FALSE
SRC-PARIS-C1-Q_OECDACC8,,Not sure,5,PARIS-C1-PUF202605-CODEBOOK,PUF_MSPatient Codebook,1029,EXTRACTED_UNREVIEWED,FALSE
SRC-PARIS-C1-Q_OECDACC8,,NA,6,PARIS-C1-PUF202605-CODEBOOK,PUF_MSPatient Codebook,1030,EXTRACTED_UNREVIEWED,TRUE
SRC-PARIS-C1-Q_OECDEXP2,,Not answered,-97,PARIS-C1-PUF202605-CODEBOOK,PUF_MSPatient Codebook,1033,EXTRACTED_UNREVIEWED,TRUE
SRC-PARIS-C1-Q_OECDEXP2,,Multiple answers,-96,PARIS-C1-PUF202605-CODEBOOK,PUF_MSPatient Codebook,1034,EXTRACTED_UNREVIEWED,TRUE
SRC-PARIS-C1-Q_OECDEXP2,,Question not asked,-95,PARIS-C1-PUF202605-CODEBOOK,PUF_MSPatient Codebook,1035,EXTRACTED_UNREVIEWED,TRUE
SRC-PARIS-C1-Q_OECDEXP2,,"Yes, definitely",1,PARIS-C1-PUF202605-CODEBOOK,PUF_MSPatient Codebook,1036,EXTRACTED_UNREVIEWED,FALSE
SRC-PARIS-C1-Q_OECDEXP2,,"Yes, to some extent",2,PARIS-C1-PUF202605-CODEBOOK,PUF_MSPatient Codebook,1037,EXTRACTED_UNREVIEWED,FALSE
SRC-PARIS-C1-Q_OECDEXP2,,"No, not really",3,PARIS-C1-PUF202605-CODEBOOK,PUF_MSPatient Codebook,1038,EXTRACTED_UNREVIEWED,FALSE
SRC-PARIS-C1-Q_OECDEXP2,,"No, definitely not",4,PARIS-C1-PUF202605-CODEBOOK,PUF_MSPatient Codebook,1039,EXTRACTED_UNREVIEWED,FALSE
SRC-PARIS-C1-Q_OECDEXP2,,Not sure,5,PARIS-C1-PUF202605-CODEBOOK,PUF_MSPatient Codebook,1040,EXTRACTED_UNREVIEWED,FALSE
SRC-PARIS-C1-Q_OECDEXP2,,NA,6,PARIS-C1-PUF202605-CODEBOOK,PUF_MSPatient Codebook,1041,EXTRACTED_UNREVIEWED,TRUE
SRC-PARIS-C1-Q_GPPSTRUST,,Not answered,-97,PARIS-C1-PUF202605-CODEBOOK,PUF_MSPatient Codebook,1044,EXTRACTED_UNREVIEWED,TRUE
SRC-PARIS-C1-Q_GPPSTRUST,,Multiple answers,-96,PARIS-C1-PUF202605-CODEBOOK,PUF_MSPatient Codebook,1045,EXTRACTED_UNREVIEWED,TRUE
SRC-PARIS-C1-Q_GPPSTRUST,,Question not asked,-95,PARIS-C1-PUF202605-CODEBOOK,PUF_MSPatient Codebook,1046,EXTRACTED_UNREVIEWED,TRUE
SRC-PARIS-C1-Q_GPPSTRUST,,"Yes, definitely",1,PARIS-C1-PUF202605-CODEBOOK,PUF_MSPatient Codebook,1047,EXTRACTED_UNREVIEWED,FALSE
SRC-PARIS-C1-Q_GPPSTRUST,,"Yes, to some extent",2,PARIS-C1-PUF202605-CODEBOOK,PUF_MSPatient Codebook,1048,EXTRACTED_UNREVIEWED,FALSE
SRC-PARIS-C1-Q_GPPSTRUST,,"No, not really",3,PARIS-C1-PUF202605-CODEBOOK,PUF_MSPatient Codebook,1049,EXTRACTED_UNREVIEWED,FALSE
SRC-PARIS-C1-Q_GPPSTRUST,,"No, definitely not",4,PARIS-C1-PUF202605-CODEBOOK,PUF_MSPatient Codebook,1050,EXTRACTED_UNREVIEWED,FALSE
SRC-PARIS-C1-Q_GPPSTRUST,,Not sure,5,PARIS-C1-PUF202605-CODEBOOK,PUF_MSPatient Codebook,1051,EXTRACTED_UNREVIEWED,FALSE
SRC-PARIS-C1-Q_GPPSTRUST,,NA,6,PARIS-C1-PUF202605-CODEBOOK,PUF_MSPatient Codebook,1052,EXTRACTED_UNREVIEWED,TRUE
SRC-PARIS-C1-Q_OECDEXP5,,Not answered,-97,PARIS-C1-PUF202605-CODEBOOK,PUF_MSPatient Codebook,1055,EXTRACTED_UNREVIEWED,TRUE
SRC-PARIS-C1-Q_OECDEXP5,,Multiple answers,-96,PARIS-C1-PUF202605-CODEBOOK,PUF_MSPatient Codebook,1056,EXTRACTED_UNREVIEWED,TRUE
SRC-PARIS-C1-Q_OECDEXP5,,Question not asked,-95,PARIS-C1-PUF202605-CODEBOOK,PUF_MSPatient Codebook,1057,EXTRACTED_UNREVIEWED,TRUE
SRC-PARIS-C1-Q_OECDEXP5,,Excellent,1,PARIS-C1-PUF202605-CODEBOOK,PUF_MSPatient Codebook,1058,EXTRACTED_UNREVIEWED,FALSE
SRC-PARIS-C1-Q_OECDEXP5,,Very good,2,PARIS-C1-PUF202605-CODEBOOK,PUF_MSPatient Codebook,1059,EXTRACTED_UNREVIEWED,FALSE
SRC-PARIS-C1-Q_OECDEXP5,,Good,3,PARIS-C1-PUF202605-CODEBOOK,PUF_MSPatient Codebook,1060,EXTRACTED_UNREVIEWED,FALSE
SRC-PARIS-C1-Q_OECDEXP5,,Fair,4,PARIS-C1-PUF202605-CODEBOOK,PUF_MSPatient Codebook,1061,EXTRACTED_UNREVIEWED,FALSE
SRC-PARIS-C1-Q_OECDEXP5,,Poor,5,PARIS-C1-PUF202605-CODEBOOK,PUF_MSPatient Codebook,1062,EXTRACTED_UNREVIEWED,FALSE
SRC-PARIS-C1-Q_OECDEXP5,,Not sure,6,PARIS-C1-PUF202605-CODEBOOK,PUF_MSPatient Codebook,1063,EXTRACTED_UNREVIEWED,FALSE
SRC-PARIS-C1-Q_OECDEXP5,,NA,7,PARIS-C1-PUF202605-CODEBOOK,PUF_MSPatient Codebook,1064,EXTRACTED_UNREVIEWED,TRUE
SRC-PARIS-C1-Q_COVID1,,Not answered,-97,PARIS-C1-PUF202605-CODEBOOK,PUF_MSPatient Codebook,1067,EXTRACTED_UNREVIEWED,TRUE
SRC-PARIS-C1-Q_COVID1,,Multiple answers,-96,PARIS-C1-PUF202605-CODEBOOK,PUF_MSPatient Codebook,1068,EXTRACTED_UNREVIEWED,TRUE
SRC-PARIS-C1-Q_COVID1,,Question not asked,-95,PARIS-C1-PUF202605-CODEBOOK,PUF_MSPatient Codebook,1069,EXTRACTED_UNREVIEWED,TRUE
SRC-PARIS-C1-Q_COVID1,,Yes,1,PARIS-C1-PUF202605-CODEBOOK,PUF_MSPatient Codebook,1070,EXTRACTED_UNREVIEWED,FALSE
SRC-PARIS-C1-Q_COVID1,,No,2,PARIS-C1-PUF202605-CODEBOOK,PUF_MSPatient Codebook,1071,EXTRACTED_UNREVIEWED,FALSE
SRC-PARIS-C1-Q_COVID1,,Not sure,3,PARIS-C1-PUF202605-CODEBOOK,PUF_MSPatient Codebook,1072,EXTRACTED_UNREVIEWED,FALSE
SRC-PARIS-C1-Q_COVID1,,NA,4,PARIS-C1-PUF202605-CODEBOOK,PUF_MSPatient Codebook,1073,EXTRACTED_UNREVIEWED,TRUE
SRC-PARIS-C1-Q_COVID2,,No,0,PARIS-C1-PUF202605-CODEBOOK,PUF_MSPatient Codebook,1075,EXTRACTED_UNREVIEWED,FALSE
SRC-PARIS-C1-Q_COVID2,,"Yes, symptoms lasted between 2-6 months",1,PARIS-C1-PUF202605-CODEBOOK,PUF_MSPatient Codebook,1076,EXTRACTED_UNREVIEWED,FALSE
SRC-PARIS-C1-Q_COVID2,,"Yes, symptoms lasted 6 months and more",2,PARIS-C1-PUF202605-CODEBOOK,PUF_MSPatient Codebook,1077,EXTRACTED_UNREVIEWED,FALSE
SRC-PARIS-C1-Q_COVID3,,Not answered,-97,PARIS-C1-PUF202605-CODEBOOK,PUF_MSPatient Codebook,1080,EXTRACTED_UNREVIEWED,TRUE
SRC-PARIS-C1-Q_COVID3,,Multiple answers,-96,PARIS-C1-PUF202605-CODEBOOK,PUF_MSPatient Codebook,1081,EXTRACTED_UNREVIEWED,TRUE
SRC-PARIS-C1-Q_COVID3,,Question not asked,-95,PARIS-C1-PUF202605-CODEBOOK,PUF_MSPatient Codebook,1082,EXTRACTED_UNREVIEWED,TRUE
SRC-PARIS-C1-Q_COVID3,,Yes,1,PARIS-C1-PUF202605-CODEBOOK,PUF_MSPatient Codebook,1083,EXTRACTED_UNREVIEWED,FALSE
SRC-PARIS-C1-Q_COVID3,,No,2,PARIS-C1-PUF202605-CODEBOOK,PUF_MSPatient Codebook,1084,EXTRACTED_UNREVIEWED,FALSE
SRC-PARIS-C1-Q_COVID3,,Not sure,3,PARIS-C1-PUF202605-CODEBOOK,PUF_MSPatient Codebook,1085,EXTRACTED_UNREVIEWED,FALSE
SRC-PARIS-C1-Q_COVID3,,NA,4,PARIS-C1-PUF202605-CODEBOOK,PUF_MSPatient Codebook,1086,EXTRACTED_UNREVIEWED,TRUE
SRC-PARIS-C1-Q_COVID4,,Not answered,-97,PARIS-C1-PUF202605-CODEBOOK,PUF_MSPatient Codebook,1089,EXTRACTED_UNREVIEWED,TRUE
SRC-PARIS-C1-Q_COVID4,,Multiple answers,-96,PARIS-C1-PUF202605-CODEBOOK,PUF_MSPatient Codebook,1090,EXTRACTED_UNREVIEWED,TRUE
SRC-PARIS-C1-Q_COVID4,,Question not asked,-95,PARIS-C1-PUF202605-CODEBOOK,PUF_MSPatient Codebook,1091,EXTRACTED_UNREVIEWED,TRUE
SRC-PARIS-C1-Q_COVID4,,"Yes, a lot",1,PARIS-C1-PUF202605-CODEBOOK,PUF_MSPatient Codebook,1092,EXTRACTED_UNREVIEWED,FALSE
SRC-PARIS-C1-Q_COVID4,,"Yes, a little",2,PARIS-C1-PUF202605-CODEBOOK,PUF_MSPatient Codebook,1093,EXTRACTED_UNREVIEWED,FALSE
SRC-PARIS-C1-Q_COVID4,,Not at all,3,PARIS-C1-PUF202605-CODEBOOK,PUF_MSPatient Codebook,1094,EXTRACTED_UNREVIEWED,FALSE
SRC-PARIS-C1-Q_COVID4,,Not sure,4,PARIS-C1-PUF202605-CODEBOOK,PUF_MSPatient Codebook,1095,EXTRACTED_UNREVIEWED,FALSE
SRC-PARIS-C1-Q_COVID4,,NA,5,PARIS-C1-PUF202605-CODEBOOK,PUF_MSPatient Codebook,1096,EXTRACTED_UNREVIEWED,TRUE
SRC-PARIS-C1-Q_OECDLIT5A,Q_OECDLIT5a,Employed for pay - USA and Australia (self-employed or in paid employment),,PARIS-C1-PUF202605-CODEBOOK,PUF_MSPatient Codebook,1099,EXTRACTED_UNREVIEWED,FALSE
SRC-PARIS-C1-Q_OECDLIT5A,,Not answered,-97,PARIS-C1-PUF202605-CODEBOOK,PUF_MSPatient Codebook,1100,EXTRACTED_UNREVIEWED,TRUE
SRC-PARIS-C1-Q_OECDLIT5A,,Multiple answers,-96,PARIS-C1-PUF202605-CODEBOOK,PUF_MSPatient Codebook,1101,EXTRACTED_UNREVIEWED,TRUE
SRC-PARIS-C1-Q_OECDLIT5A,,Question not asked,-95,PARIS-C1-PUF202605-CODEBOOK,PUF_MSPatient Codebook,1102,EXTRACTED_UNREVIEWED,TRUE
SRC-PARIS-C1-Q_OECDLIT5A,,Self-employed [work for yourself],1,PARIS-C1-PUF202605-CODEBOOK,PUF_MSPatient Codebook,1103,EXTRACTED_UNREVIEWED,FALSE
SRC-PARIS-C1-Q_OECDLIT5A,,In paid employment [work for someone else],2,PARIS-C1-PUF202605-CODEBOOK,PUF_MSPatient Codebook,1104,EXTRACTED_UNREVIEWED,FALSE
SRC-PARIS-C1-Q_OECDLIT5A,,Looking for work,3,PARIS-C1-PUF202605-CODEBOOK,PUF_MSPatient Codebook,1105,EXTRACTED_UNREVIEWED,FALSE
SRC-PARIS-C1-Q_OECDLIT5A,,Looking after the home,4,PARIS-C1-PUF202605-CODEBOOK,PUF_MSPatient Codebook,1106,EXTRACTED_UNREVIEWED,FALSE
SRC-PARIS-C1-Q_OECDLIT5A,,Unable to work due to sickness or ill-health,5,PARIS-C1-PUF202605-CODEBOOK,PUF_MSPatient Codebook,1107,EXTRACTED_UNREVIEWED,FALSE
SRC-PARIS-C1-Q_OECDLIT5A,,Retired,6,PARIS-C1-PUF202605-CODEBOOK,PUF_MSPatient Codebook,1108,EXTRACTED_UNREVIEWED,FALSE
SRC-PARIS-C1-Q_OECDLIT5A,,Not working and not looking for work,8,PARIS-C1-PUF202605-CODEBOOK,PUF_MSPatient Codebook,1109,EXTRACTED_UNREVIEWED,FALSE
SRC-PARIS-C1-Q_OECDLIT5A,,Other (includes student and apprentice),10,PARIS-C1-PUF202605-CODEBOOK,PUF_MSPatient Codebook,1110,EXTRACTED_UNREVIEWED,FALSE
SRC-PARIS-C1-Q_OECDLIT5A,,Don’t know,11,PARIS-C1-PUF202605-CODEBOOK,PUF_MSPatient Codebook,1111,EXTRACTED_UNREVIEWED,FALSE
SRC-PARIS-C1-Q_OECDLIT5A,,NA,12,PARIS-C1-PUF202605-CODEBOOK,PUF_MSPatient Codebook,1112,EXTRACTED_UNREVIEWED,TRUE
SRC-PARIS-C1-Q_OECDLIT5A,,Don't know,99,PARIS-C1-PUF202605-CODEBOOK,PUF_MSPatient Codebook,1113,EXTRACTED_UNREVIEWED,TRUE
SRC-PARIS-C1-Q_OECDLIT5A,,Employed for pay USA and Australia (self-employed or in paid employment),511,PARIS-C1-PUF202605-CODEBOOK,PUF_MSPatient Codebook,1114,EXTRACTED_UNREVIEWED,FALSE
SRC-PARIS-C1-Q_OECDLIT5A,,"Other USA (looking for work, looking after the home, unable to work, not working and not looking for work, apprentice, other)",512,PARIS-C1-PUF202605-CODEBOOK,PUF_MSPatient Codebook,1115,EXTRACTED_UNREVIEWED,FALSE
SRC-PARIS-C1-Q_OECDLIT5A,,Not employed for pay,513,PARIS-C1-PUF202605-CODEBOOK,PUF_MSPatient Codebook,1116,EXTRACTED_UNREVIEWED,FALSE
SRC-PARIS-C1-Q_OECDLIT7,,Not answered,-97,PARIS-C1-PUF202605-CODEBOOK,PUF_MSPatient Codebook,1119,EXTRACTED_UNREVIEWED,TRUE
SRC-PARIS-C1-Q_OECDLIT7,,Multiple answers,-96,PARIS-C1-PUF202605-CODEBOOK,PUF_MSPatient Codebook,1120,EXTRACTED_UNREVIEWED,TRUE
SRC-PARIS-C1-Q_OECDLIT7,,Question not asked,-95,PARIS-C1-PUF202605-CODEBOOK,PUF_MSPatient Codebook,1121,EXTRACTED_UNREVIEWED,TRUE
SRC-PARIS-C1-Q_OECDLIT7,,Up to $X a month,1,PARIS-C1-PUF202605-CODEBOOK,PUF_MSPatient Codebook,1122,EXTRACTED_UNREVIEWED,FALSE
SRC-PARIS-C1-Q_OECDLIT7,,Between $X and $Y a month,2,PARIS-C1-PUF202605-CODEBOOK,PUF_MSPatient Codebook,1123,EXTRACTED_UNREVIEWED,FALSE
SRC-PARIS-C1-Q_OECDLIT7,,$Y or more a month,3,PARIS-C1-PUF202605-CODEBOOK,PUF_MSPatient Codebook,1124,EXTRACTED_UNREVIEWED,FALSE
SRC-PARIS-C1-Q_OECDLIT7,,Don’t know,4,PARIS-C1-PUF202605-CODEBOOK,PUF_MSPatient Codebook,1125,EXTRACTED_UNREVIEWED,FALSE
SRC-PARIS-C1-Q_OECDLIT7,,Prefer not to say,5,PARIS-C1-PUF202605-CODEBOOK,PUF_MSPatient Codebook,1126,EXTRACTED_UNREVIEWED,FALSE
SRC-PARIS-C1-Q_OECDLIT7,,NA,6,PARIS-C1-PUF202605-CODEBOOK,PUF_MSPatient Codebook,1127,EXTRACTED_UNREVIEWED,TRUE
SRC-PARIS-C1-Q_OECDLIT7,,USA: $X per month or more,12,PARIS-C1-PUF202605-CODEBOOK,PUF_MSPatient Codebook,1128,EXTRACTED_UNREVIEWED,FALSE
SRC-PARIS-C1-Q_OECDLIT7,,Prefer not to say,97,PARIS-C1-PUF202605-CODEBOOK,PUF_MSPatient Codebook,1129,EXTRACTED_UNREVIEWED,FALSE
SRC-PARIS-C1-Q_OECDLIT7,,Don't know,99,PARIS-C1-PUF202605-CODEBOOK,PUF_MSPatient Codebook,1130,EXTRACTED_UNREVIEWED,TRUE
SRC-PARIS-C1-Q_MONMED,,Not answered,-97,PARIS-C1-PUF202605-CODEBOOK,PUF_MSPatient Codebook,1133,EXTRACTED_UNREVIEWED,TRUE
SRC-PARIS-C1-Q_MONMED,,Multiple answers,-96,PARIS-C1-PUF202605-CODEBOOK,PUF_MSPatient Codebook,1134,EXTRACTED_UNREVIEWED,TRUE
SRC-PARIS-C1-Q_MONMED,,Question not asked,-95,PARIS-C1-PUF202605-CODEBOOK,PUF_MSPatient Codebook,1135,EXTRACTED_UNREVIEWED,TRUE
SRC-PARIS-C1-Q_MONMED,,Yes,1,PARIS-C1-PUF202605-CODEBOOK,PUF_MSPatient Codebook,1136,EXTRACTED_UNREVIEWED,FALSE
SRC-PARIS-C1-Q_MONMED,,No,2,PARIS-C1-PUF202605-CODEBOOK,PUF_MSPatient Codebook,1137,EXTRACTED_UNREVIEWED,FALSE
SRC-PARIS-C1-Q_MONMED,,Prefer not to say,3,PARIS-C1-PUF202605-CODEBOOK,PUF_MSPatient Codebook,1138,EXTRACTED_UNREVIEWED,FALSE
SRC-PARIS-C1-Q_MONMED,,NA,4,PARIS-C1-PUF202605-CODEBOOK,PUF_MSPatient Codebook,1139,EXTRACTED_UNREVIEWED,TRUE
SRC-PARIS-C1-Q_MONMED,,Not applicable,98,PARIS-C1-PUF202605-CODEBOOK,PUF_MSPatient Codebook,1140,EXTRACTED_UNREVIEWED,FALSE
SRC-PARIS-C1-Q_MON_MONMEAL,,Not answered,-97,PARIS-C1-PUF202605-CODEBOOK,PUF_MSPatient Codebook,1142,EXTRACTED_UNREVIEWED,TRUE
SRC-PARIS-C1-Q_MON_MONMEAL,,Multiple answers,-96,PARIS-C1-PUF202605-CODEBOOK,PUF_MSPatient Codebook,1143,EXTRACTED_UNREVIEWED,TRUE
SRC-PARIS-C1-Q_MON_MONMEAL,,Question not asked,-95,PARIS-C1-PUF202605-CODEBOOK,PUF_MSPatient Codebook,1144,EXTRACTED_UNREVIEWED,TRUE
SRC-PARIS-C1-Q_MON_MONMEAL,,Always,1,PARIS-C1-PUF202605-CODEBOOK,PUF_MSPatient Codebook,1145,EXTRACTED_UNREVIEWED,FALSE
SRC-PARIS-C1-Q_MON_MONMEAL,,Usually,2,PARIS-C1-PUF202605-CODEBOOK,PUF_MSPatient Codebook,1146,EXTRACTED_UNREVIEWED,FALSE
SRC-PARIS-C1-Q_MON_MONMEAL,,Sometimes,3,PARIS-C1-PUF202605-CODEBOOK,PUF_MSPatient Codebook,1147,EXTRACTED_UNREVIEWED,FALSE
SRC-PARIS-C1-Q_MON_MONMEAL,,Rarely,4,PARIS-C1-PUF202605-CODEBOOK,PUF_MSPatient Codebook,1148,EXTRACTED_UNREVIEWED,FALSE
SRC-PARIS-C1-Q_MON_MONMEAL,,Never,5,PARIS-C1-PUF202605-CODEBOOK,PUF_MSPatient Codebook,1149,EXTRACTED_UNREVIEWED,FALSE
SRC-PARIS-C1-Q_MON_MONMEAL,,NA,6,PARIS-C1-PUF202605-CODEBOOK,PUF_MSPatient Codebook,1150,EXTRACTED_UNREVIEWED,TRUE
SRC-PARIS-C1-Q_MON_MONRENT,,Not answered,-97,PARIS-C1-PUF202605-CODEBOOK,PUF_MSPatient Codebook,1152,EXTRACTED_UNREVIEWED,TRUE
SRC-PARIS-C1-Q_MON_MONRENT,,Multiple answers,-96,PARIS-C1-PUF202605-CODEBOOK,PUF_MSPatient Codebook,1153,EXTRACTED_UNREVIEWED,TRUE
SRC-PARIS-C1-Q_MON_MONRENT,,Question not asked,-95,PARIS-C1-PUF202605-CODEBOOK,PUF_MSPatient Codebook,1154,EXTRACTED_UNREVIEWED,TRUE
SRC-PARIS-C1-Q_MON_MONRENT,,Always,1,PARIS-C1-PUF202605-CODEBOOK,PUF_MSPatient Codebook,1155,EXTRACTED_UNREVIEWED,FALSE
SRC-PARIS-C1-Q_MON_MONRENT,,Usually,2,PARIS-C1-PUF202605-CODEBOOK,PUF_MSPatient Codebook,1156,EXTRACTED_UNREVIEWED,FALSE
SRC-PARIS-C1-Q_MON_MONRENT,,Sometimes,3,PARIS-C1-PUF202605-CODEBOOK,PUF_MSPatient Codebook,1157,EXTRACTED_UNREVIEWED,FALSE
SRC-PARIS-C1-Q_MON_MONRENT,,Rarely,4,PARIS-C1-PUF202605-CODEBOOK,PUF_MSPatient Codebook,1158,EXTRACTED_UNREVIEWED,FALSE
SRC-PARIS-C1-Q_MON_MONRENT,,Never,5,PARIS-C1-PUF202605-CODEBOOK,PUF_MSPatient Codebook,1159,EXTRACTED_UNREVIEWED,FALSE
SRC-PARIS-C1-Q_MON_MONRENT,,NA,6,PARIS-C1-PUF202605-CODEBOOK,PUF_MSPatient Codebook,1160,EXTRACTED_UNREVIEWED,TRUE
SRC-PARIS-C1-Q_MON_MONBILLS,,Not answered,-97,PARIS-C1-PUF202605-CODEBOOK,PUF_MSPatient Codebook,1162,EXTRACTED_UNREVIEWED,TRUE
SRC-PARIS-C1-Q_MON_MONBILLS,,Multiple answers,-96,PARIS-C1-PUF202605-CODEBOOK,PUF_MSPatient Codebook,1163,EXTRACTED_UNREVIEWED,TRUE
SRC-PARIS-C1-Q_MON_MONBILLS,,Question not asked,-95,PARIS-C1-PUF202605-CODEBOOK,PUF_MSPatient Codebook,1164,EXTRACTED_UNREVIEWED,TRUE
SRC-PARIS-C1-Q_MON_MONBILLS,,Always,1,PARIS-C1-PUF202605-CODEBOOK,PUF_MSPatient Codebook,1165,EXTRACTED_UNREVIEWED,FALSE
SRC-PARIS-C1-Q_MON_MONBILLS,,Usually,2,PARIS-C1-PUF202605-CODEBOOK,PUF_MSPatient Codebook,1166,EXTRACTED_UNREVIEWED,FALSE
SRC-PARIS-C1-Q_MON_MONBILLS,,Sometimes,3,PARIS-C1-PUF202605-CODEBOOK,PUF_MSPatient Codebook,1167,EXTRACTED_UNREVIEWED,FALSE
SRC-PARIS-C1-Q_MON_MONBILLS,,Rarely,4,PARIS-C1-PUF202605-CODEBOOK,PUF_MSPatient Codebook,1168,EXTRACTED_UNREVIEWED,FALSE
SRC-PARIS-C1-Q_MON_MONBILLS,,Never,5,PARIS-C1-PUF202605-CODEBOOK,PUF_MSPatient Codebook,1169,EXTRACTED_UNREVIEWED,FALSE
SRC-PARIS-C1-Q_MON_MONBILLS,,NA,6,PARIS-C1-PUF202605-CODEBOOK,PUF_MSPatient Codebook,1170,EXTRACTED_UNREVIEWED,TRUE
SRC-PARIS-C1-Q_OECDLITII,,Not answered,-97,PARIS-C1-PUF202605-CODEBOOK,PUF_MSPatient Codebook,1173,EXTRACTED_UNREVIEWED,TRUE
SRC-PARIS-C1-Q_OECDLITII,,Multiple answers,-96,PARIS-C1-PUF202605-CODEBOOK,PUF_MSPatient Codebook,1174,EXTRACTED_UNREVIEWED,TRUE
SRC-PARIS-C1-Q_OECDLITII,,Question not asked,-95,PARIS-C1-PUF202605-CODEBOOK,PUF_MSPatient Codebook,1175,EXTRACTED_UNREVIEWED,TRUE
SRC-PARIS-C1-Q_OECDLITII,,City,1,PARIS-C1-PUF202605-CODEBOOK,PUF_MSPatient Codebook,1176,EXTRACTED_UNREVIEWED,FALSE
SRC-PARIS-C1-Q_OECDLITII,,Town or suburb,2,PARIS-C1-PUF202605-CODEBOOK,PUF_MSPatient Codebook,1177,EXTRACTED_UNREVIEWED,FALSE
SRC-PARIS-C1-Q_OECDLITII,,Rural area,3,PARIS-C1-PUF202605-CODEBOOK,PUF_MSPatient Codebook,1178,EXTRACTED_UNREVIEWED,FALSE
SRC-PARIS-C1-Q_OECDLITII,,Don’t know,4,PARIS-C1-PUF202605-CODEBOOK,PUF_MSPatient Codebook,1179,EXTRACTED_UNREVIEWED,FALSE
SRC-PARIS-C1-Q_OECDLITII,,NA,5,PARIS-C1-PUF202605-CODEBOOK,PUF_MSPatient Codebook,1180,EXTRACTED_UNREVIEWED,TRUE
SRC-PARIS-C1-Q_OECDLITII,,Don't know,99,PARIS-C1-PUF202605-CODEBOOK,PUF_MSPatient Codebook,1181,EXTRACTED_UNREVIEWED,TRUE
SRC-PARIS-C1-WHODIS_WHODIS1,,Not answered,-97,PARIS-C1-PUF202605-CODEBOOK,PUF_MSPatient Codebook,1184,EXTRACTED_UNREVIEWED,TRUE
SRC-PARIS-C1-WHODIS_WHODIS1,,Multiple answers,-96,PARIS-C1-PUF202605-CODEBOOK,PUF_MSPatient Codebook,1185,EXTRACTED_UNREVIEWED,TRUE
SRC-PARIS-C1-WHODIS_WHODIS1,,Very easy,1,PARIS-C1-PUF202605-CODEBOOK,PUF_MSPatient Codebook,1186,EXTRACTED_UNREVIEWED,FALSE
SRC-PARIS-C1-WHODIS_WHODIS1,,Easy,2,PARIS-C1-PUF202605-CODEBOOK,PUF_MSPatient Codebook,1187,EXTRACTED_UNREVIEWED,FALSE
SRC-PARIS-C1-WHODIS_WHODIS1,,Neither easy nor difficult,3,PARIS-C1-PUF202605-CODEBOOK,PUF_MSPatient Codebook,1188,EXTRACTED_UNREVIEWED,FALSE
SRC-PARIS-C1-WHODIS_WHODIS1,,Difficult,4,PARIS-C1-PUF202605-CODEBOOK,PUF_MSPatient Codebook,1189,EXTRACTED_UNREVIEWED,FALSE
SRC-PARIS-C1-WHODIS_WHODIS1,,Very difficult,5,PARIS-C1-PUF202605-CODEBOOK,PUF_MSPatient Codebook,1190,EXTRACTED_UNREVIEWED,FALSE
SRC-PARIS-C1-WHODIS_WHODIS1,,Not applicable,6,PARIS-C1-PUF202605-CODEBOOK,PUF_MSPatient Codebook,1191,EXTRACTED_UNREVIEWED,FALSE
SRC-PARIS-C1-WHODIS_WHODIS1,,NA,7,PARIS-C1-PUF202605-CODEBOOK,PUF_MSPatient Codebook,1192,EXTRACTED_UNREVIEWED,TRUE
SRC-PARIS-C1-WHODIS_WHODIS2,,Not answered,-97,PARIS-C1-PUF202605-CODEBOOK,PUF_MSPatient Codebook,1194,EXTRACTED_UNREVIEWED,TRUE
SRC-PARIS-C1-WHODIS_WHODIS2,,Multiple answers,-96,PARIS-C1-PUF202605-CODEBOOK,PUF_MSPatient Codebook,1195,EXTRACTED_UNREVIEWED,TRUE
SRC-PARIS-C1-WHODIS_WHODIS2,,Very easy,1,PARIS-C1-PUF202605-CODEBOOK,PUF_MSPatient Codebook,1196,EXTRACTED_UNREVIEWED,FALSE
SRC-PARIS-C1-WHODIS_WHODIS2,,Easy,2,PARIS-C1-PUF202605-CODEBOOK,PUF_MSPatient Codebook,1197,EXTRACTED_UNREVIEWED,FALSE
SRC-PARIS-C1-WHODIS_WHODIS2,,Neither easy nor difficult,3,PARIS-C1-PUF202605-CODEBOOK,PUF_MSPatient Codebook,1198,EXTRACTED_UNREVIEWED,FALSE
SRC-PARIS-C1-WHODIS_WHODIS2,,Difficult,4,PARIS-C1-PUF202605-CODEBOOK,PUF_MSPatient Codebook,1199,EXTRACTED_UNREVIEWED,FALSE
SRC-PARIS-C1-WHODIS_WHODIS2,,Very difficult,5,PARIS-C1-PUF202605-CODEBOOK,PUF_MSPatient Codebook,1200,EXTRACTED_UNREVIEWED,FALSE
SRC-PARIS-C1-WHODIS_WHODIS2,,Not applicable,6,PARIS-C1-PUF202605-CODEBOOK,PUF_MSPatient Codebook,1201,EXTRACTED_UNREVIEWED,FALSE
SRC-PARIS-C1-WHODIS_WHODIS2,,NA,7,PARIS-C1-PUF202605-CODEBOOK,PUF_MSPatient Codebook,1202,EXTRACTED_UNREVIEWED,TRUE
SRC-PARIS-C1-WHOWB11,,Not answered,-97,PARIS-C1-PUF202605-CODEBOOK,PUF_MSPatient Codebook,1205,EXTRACTED_UNREVIEWED,TRUE
SRC-PARIS-C1-WHOWB11,,Multiple answers,-96,PARIS-C1-PUF202605-CODEBOOK,PUF_MSPatient Codebook,1206,EXTRACTED_UNREVIEWED,TRUE
SRC-PARIS-C1-WHOWB11,,Yes,1,PARIS-C1-PUF202605-CODEBOOK,PUF_MSPatient Codebook,1207,EXTRACTED_UNREVIEWED,FALSE
SRC-PARIS-C1-WHOWB11,,No,2,PARIS-C1-PUF202605-CODEBOOK,PUF_MSPatient Codebook,1208,EXTRACTED_UNREVIEWED,FALSE
SRC-PARIS-C1-WHOWB11,,NA,3,PARIS-C1-PUF202605-CODEBOOK,PUF_MSPatient Codebook,1209,EXTRACTED_UNREVIEWED,TRUE
SRC-PARIS-C1-Q_WHOWB12,,Not answered,-97,PARIS-C1-PUF202605-CODEBOOK,PUF_MSPatient Codebook,1211,EXTRACTED_UNREVIEWED,TRUE
SRC-PARIS-C1-Q_WHOWB12,,Multiple answers,-96,PARIS-C1-PUF202605-CODEBOOK,PUF_MSPatient Codebook,1212,EXTRACTED_UNREVIEWED,TRUE
SRC-PARIS-C1-Q_WHOWB12,,Yes,1,PARIS-C1-PUF202605-CODEBOOK,PUF_MSPatient Codebook,1213,EXTRACTED_UNREVIEWED,FALSE
SRC-PARIS-C1-Q_WHOWB12,,No,2,PARIS-C1-PUF202605-CODEBOOK,PUF_MSPatient Codebook,1214,EXTRACTED_UNREVIEWED,FALSE
SRC-PARIS-C1-Q_WHOWB12,,NA,3,PARIS-C1-PUF202605-CODEBOOK,PUF_MSPatient Codebook,1215,EXTRACTED_UNREVIEWED,TRUE
SRC-PARIS-C1-Q_WHOWB13,,Not answered,-97,PARIS-C1-PUF202605-CODEBOOK,PUF_MSPatient Codebook,1217,EXTRACTED_UNREVIEWED,TRUE
SRC-PARIS-C1-Q_WHOWB13,,Multiple answers,-96,PARIS-C1-PUF202605-CODEBOOK,PUF_MSPatient Codebook,1218,EXTRACTED_UNREVIEWED,TRUE
SRC-PARIS-C1-Q_WHOWB13,,Yes,1,PARIS-C1-PUF202605-CODEBOOK,PUF_MSPatient Codebook,1219,EXTRACTED_UNREVIEWED,FALSE
SRC-PARIS-C1-Q_WHOWB13,,No,2,PARIS-C1-PUF202605-CODEBOOK,PUF_MSPatient Codebook,1220,EXTRACTED_UNREVIEWED,FALSE
SRC-PARIS-C1-Q_WHOWB13,,NA,3,PARIS-C1-PUF202605-CODEBOOK,PUF_MSPatient Codebook,1221,EXTRACTED_UNREVIEWED,TRUE
SRC-PARIS-C1-Q_AGSCTRUST,,Not answered,-97,PARIS-C1-PUF202605-CODEBOOK,PUF_MSPatient Codebook,1224,EXTRACTED_UNREVIEWED,TRUE
SRC-PARIS-C1-Q_AGSCTRUST,,Multiple answers,-96,PARIS-C1-PUF202605-CODEBOOK,PUF_MSPatient Codebook,1225,EXTRACTED_UNREVIEWED,TRUE
SRC-PARIS-C1-Q_AGSCTRUST,,Strongly disagree,1,PARIS-C1-PUF202605-CODEBOOK,PUF_MSPatient Codebook,1226,EXTRACTED_UNREVIEWED,FALSE
SRC-PARIS-C1-Q_AGSCTRUST,,Disagree,2,PARIS-C1-PUF202605-CODEBOOK,PUF_MSPatient Codebook,1227,EXTRACTED_UNREVIEWED,FALSE
SRC-PARIS-C1-Q_AGSCTRUST,,Neither agree nor disagree,3,PARIS-C1-PUF202605-CODEBOOK,PUF_MSPatient Codebook,1228,EXTRACTED_UNREVIEWED,FALSE
SRC-PARIS-C1-Q_AGSCTRUST,,Agree,4,PARIS-C1-PUF202605-CODEBOOK,PUF_MSPatient Codebook,1229,EXTRACTED_UNREVIEWED,FALSE
SRC-PARIS-C1-Q_AGSCTRUST,,Strongly agree,5,PARIS-C1-PUF202605-CODEBOOK,PUF_MSPatient Codebook,1230,EXTRACTED_UNREVIEWED,FALSE
SRC-PARIS-C1-Q_AGSCTRUST,,NA,6,PARIS-C1-PUF202605-CODEBOOK,PUF_MSPatient Codebook,1231,EXTRACTED_UNREVIEWED,TRUE
SRC-PARIS-C1-Q_GPPS48M,,Not answered,-97,PARIS-C1-PUF202605-CODEBOOK,PUF_MSPatient Codebook,1234,EXTRACTED_UNREVIEWED,TRUE
SRC-PARIS-C1-Q_GPPS48M,,Multiple answers,-96,PARIS-C1-PUF202605-CODEBOOK,PUF_MSPatient Codebook,1235,EXTRACTED_UNREVIEWED,TRUE
SRC-PARIS-C1-Q_GPPS48M,,The person invited to complete the survey,1,PARIS-C1-PUF202605-CODEBOOK,PUF_MSPatient Codebook,1236,EXTRACTED_UNREVIEWED,FALSE
SRC-PARIS-C1-Q_GPPS48M,,A friend or relative of the person invited to complete the survey,2,PARIS-C1-PUF202605-CODEBOOK,PUF_MSPatient Codebook,1237,EXTRACTED_UNREVIEWED,FALSE
SRC-PARIS-C1-Q_GPPS48M,,Both the person invited to complete the survey and a friend or relative together,3,PARIS-C1-PUF202605-CODEBOOK,PUF_MSPatient Codebook,1238,EXTRACTED_UNREVIEWED,FALSE
SRC-PARIS-C1-Q_GPPS48M,,The person invited to complete the survey with the help of a health care professional or care worker,4,PARIS-C1-PUF202605-CODEBOOK,PUF_MSPatient Codebook,1239,EXTRACTED_UNREVIEWED,FALSE
SRC-PARIS-C1-Q_GPPS48M,,NA,5,PARIS-C1-PUF202605-CODEBOOK,PUF_MSPatient Codebook,1240,EXTRACTED_UNREVIEWED,TRUE
SRC-PARIS-C1-Q_GPPS5_99,,Missing,NA,PARIS-C1-PUF202605-CODEBOOK,PUF_MSPatient Codebook,1243,EXTRACTED_UNREVIEWED,FALSE
SRC-PARIS-C1-Q_GPPS5_99,,No,0,PARIS-C1-PUF202605-CODEBOOK,PUF_MSPatient Codebook,1244,EXTRACTED_UNREVIEWED,FALSE
SRC-PARIS-C1-Q_GPPS5_99,,Yes,1,PARIS-C1-PUF202605-CODEBOOK,PUF_MSPatient Codebook,1245,EXTRACTED_UNREVIEWED,FALSE
SRC-PARIS-C1-Q_OECDACC7C_1,,Missing,NA,PARIS-C1-PUF202605-CODEBOOK,PUF_MSPatient Codebook,1248,EXTRACTED_UNREVIEWED,FALSE
SRC-PARIS-C1-Q_OECDACC7C_1,,Not selected,0,PARIS-C1-PUF202605-CODEBOOK,PUF_MSPatient Codebook,1249,EXTRACTED_UNREVIEWED,FALSE
SRC-PARIS-C1-Q_OECDACC7C_1,,Selected,1,PARIS-C1-PUF202605-CODEBOOK,PUF_MSPatient Codebook,1250,EXTRACTED_UNREVIEWED,FALSE
SRC-PARIS-C1-Q_OECDACC7C_2,,Missing,NA,PARIS-C1-PUF202605-CODEBOOK,PUF_MSPatient Codebook,1252,EXTRACTED_UNREVIEWED,FALSE
SRC-PARIS-C1-Q_OECDACC7C_2,,Not selected,0,PARIS-C1-PUF202605-CODEBOOK,PUF_MSPatient Codebook,1253,EXTRACTED_UNREVIEWED,FALSE
SRC-PARIS-C1-Q_OECDACC7C_2,,Selected,1,PARIS-C1-PUF202605-CODEBOOK,PUF_MSPatient Codebook,1254,EXTRACTED_UNREVIEWED,FALSE
SRC-PARIS-C1-Q_OECDACC7C_3,,Missing,NA,PARIS-C1-PUF202605-CODEBOOK,PUF_MSPatient Codebook,1256,EXTRACTED_UNREVIEWED,FALSE
SRC-PARIS-C1-Q_OECDACC7C_3,,Not selected,0,PARIS-C1-PUF202605-CODEBOOK,PUF_MSPatient Codebook,1257,EXTRACTED_UNREVIEWED,FALSE
SRC-PARIS-C1-Q_OECDACC7C_3,,Selected,1,PARIS-C1-PUF202605-CODEBOOK,PUF_MSPatient Codebook,1258,EXTRACTED_UNREVIEWED,FALSE
SRC-PARIS-C1-Q_OECDACC7C_4,,Missing,NA,PARIS-C1-PUF202605-CODEBOOK,PUF_MSPatient Codebook,1260,EXTRACTED_UNREVIEWED,FALSE
SRC-PARIS-C1-Q_OECDACC7C_4,,Not selected,0,PARIS-C1-PUF202605-CODEBOOK,PUF_MSPatient Codebook,1261,EXTRACTED_UNREVIEWED,FALSE
SRC-PARIS-C1-Q_OECDACC7C_4,,Selected,1,PARIS-C1-PUF202605-CODEBOOK,PUF_MSPatient Codebook,1262,EXTRACTED_UNREVIEWED,FALSE
SRC-PARIS-C1-Q_OECDACC7C_5,,Missing,NA,PARIS-C1-PUF202605-CODEBOOK,PUF_MSPatient Codebook,1264,EXTRACTED_UNREVIEWED,FALSE
SRC-PARIS-C1-Q_OECDACC7C_5,,Not selected,0,PARIS-C1-PUF202605-CODEBOOK,PUF_MSPatient Codebook,1265,EXTRACTED_UNREVIEWED,FALSE
SRC-PARIS-C1-Q_OECDACC7C_5,,Selected,1,PARIS-C1-PUF202605-CODEBOOK,PUF_MSPatient Codebook,1266,EXTRACTED_UNREVIEWED,FALSE
SRC-PARIS-C1-Q_OECDACC7C_6,,Missing,NA,PARIS-C1-PUF202605-CODEBOOK,PUF_MSPatient Codebook,1268,EXTRACTED_UNREVIEWED,FALSE
SRC-PARIS-C1-Q_OECDACC7C_6,,Not selected,0,PARIS-C1-PUF202605-CODEBOOK,PUF_MSPatient Codebook,1269,EXTRACTED_UNREVIEWED,FALSE
SRC-PARIS-C1-Q_OECDACC7C_6,,Selected,1,PARIS-C1-PUF202605-CODEBOOK,PUF_MSPatient Codebook,1270,EXTRACTED_UNREVIEWED,FALSE
SRC-PARIS-C1-CHRDICH,,No chronic condition,0,PARIS-C1-PUF202605-CODEBOOK,PUF_MSPatient Codebook,1273,EXTRACTED_UNREVIEWED,FALSE
SRC-PARIS-C1-CHRDICH,,1 or more chronic condition(s),1,PARIS-C1-PUF202605-CODEBOOK,PUF_MSPatient Codebook,1274,EXTRACTED_UNREVIEWED,FALSE
SRC-PARIS-C1-CHRDICH,,Missing,.a,PARIS-C1-PUF202605-CODEBOOK,PUF_MSPatient Codebook,1275,EXTRACTED_UNREVIEWED,FALSE
SRC-PARIS-C1-TOTALCHRONIC,TotalChronic,Open ended,,PARIS-C1-PUF202605-CODEBOOK,PUF_MSPatient Codebook,1277,EXTRACTED_UNREVIEWED,FALSE
SRC-PARIS-C1-CHRDICH_NO_OTHER,,No chronic condition,0,PARIS-C1-PUF202605-CODEBOOK,PUF_MSPatient Codebook,1280,EXTRACTED_UNREVIEWED,FALSE
SRC-PARIS-C1-CHRDICH_NO_OTHER,,1 or more chronic condition(s),1,PARIS-C1-PUF202605-CODEBOOK,PUF_MSPatient Codebook,1281,EXTRACTED_UNREVIEWED,FALSE
SRC-PARIS-C1-CHRDICH_NO_OTHER,,Missing,.a,PARIS-C1-PUF202605-CODEBOOK,PUF_MSPatient Codebook,1282,EXTRACTED_UNREVIEWED,FALSE
SRC-PARIS-C1-TOTALCHRONIC_NO_OTHER,TotalChronic_No_Other,Open ended,,PARIS-C1-PUF202605-CODEBOOK,PUF_MSPatient Codebook,1284,EXTRACTED_UNREVIEWED,FALSE
SRC-PARIS-C1-GLOBAL01_DICH,,Poor or fair,0,PARIS-C1-PUF202605-CODEBOOK,PUF_MSPatient Codebook,1287,EXTRACTED_UNREVIEWED,FALSE
SRC-PARIS-C1-GLOBAL01_DICH,,"Good, very good or excellent",1,PARIS-C1-PUF202605-CODEBOOK,PUF_MSPatient Codebook,1288,EXTRACTED_UNREVIEWED,FALSE
SRC-PARIS-C1-GLOBAL01_DICH,,Missing,.a,PARIS-C1-PUF202605-CODEBOOK,PUF_MSPatient Codebook,1289,EXTRACTED_UNREVIEWED,FALSE
SRC-PARIS-C1-GENDERCAT2,,Female,1,PARIS-C1-PUF202605-CODEBOOK,PUF_MSPatient Codebook,1292,EXTRACTED_UNREVIEWED,FALSE
SRC-PARIS-C1-GENDERCAT2,,Male,2,PARIS-C1-PUF202605-CODEBOOK,PUF_MSPatient Codebook,1293,EXTRACTED_UNREVIEWED,FALSE
SRC-PARIS-C1-GENDERCAT2,,Missing,.a,PARIS-C1-PUF202605-CODEBOOK,PUF_MSPatient Codebook,1294,EXTRACTED_UNREVIEWED,FALSE
SRC-PARIS-C1-AGE_4CAT,,45-54 years old,1,PARIS-C1-PUF202605-CODEBOOK,PUF_MSPatient Codebook,1299,EXTRACTED_UNREVIEWED,FALSE
SRC-PARIS-C1-AGE_4CAT,,55-64 years old,2,PARIS-C1-PUF202605-CODEBOOK,PUF_MSPatient Codebook,1300,EXTRACTED_UNREVIEWED,FALSE
SRC-PARIS-C1-AGE_4CAT,,65-74 years old,3,PARIS-C1-PUF202605-CODEBOOK,PUF_MSPatient Codebook,1301,EXTRACTED_UNREVIEWED,FALSE
SRC-PARIS-C1-AGE_4CAT,,75 years or older,4,PARIS-C1-PUF202605-CODEBOOK,PUF_MSPatient Codebook,1302,EXTRACTED_UNREVIEWED,FALSE
SRC-PARIS-C1-AGE_4CAT,,Missing,.a,PARIS-C1-PUF202605-CODEBOOK,PUF_MSPatient Codebook,1303,EXTRACTED_UNREVIEWED,FALSE
SRC-PARIS-C1-Q_CWF119_DICH,,Poor or fair/Not sure,0,PARIS-C1-PUF202605-CODEBOOK,PUF_MSPatient Codebook,1306,EXTRACTED_UNREVIEWED,FALSE
SRC-PARIS-C1-Q_CWF119_DICH,,"Good, very good or excellent",1,PARIS-C1-PUF202605-CODEBOOK,PUF_MSPatient Codebook,1307,EXTRACTED_UNREVIEWED,FALSE
SRC-PARIS-C1-Q_CWF119_DICH,,Missing,.a,PARIS-C1-PUF202605-CODEBOOK,PUF_MSPatient Codebook,1308,EXTRACTED_UNREVIEWED,FALSE
SRC-PARIS-C1-P3CEQ4_DICH,,"No, not really/Definitely not/Not sure",0,PARIS-C1-PUF202605-CODEBOOK,PUF_MSPatient Codebook,1311,EXTRACTED_UNREVIEWED,FALSE
SRC-PARIS-C1-P3CEQ4_DICH,,"Yes, to some extent/Definitely",1,PARIS-C1-PUF202605-CODEBOOK,PUF_MSPatient Codebook,1312,EXTRACTED_UNREVIEWED,FALSE
SRC-PARIS-C1-P3CEQ4_DICH,,Missing,.a,PARIS-C1-PUF202605-CODEBOOK,PUF_MSPatient Codebook,1313,EXTRACTED_UNREVIEWED,FALSE
SRC-PARIS-C1-P3CEQ10_DICH,,Not confident at all/Somewhat confident,0,PARIS-C1-PUF202605-CODEBOOK,PUF_MSPatient Codebook,1316,EXTRACTED_UNREVIEWED,FALSE
SRC-PARIS-C1-P3CEQ10_DICH,,Confident/Very confident,1,PARIS-C1-PUF202605-CODEBOOK,PUF_MSPatient Codebook,1317,EXTRACTED_UNREVIEWED,FALSE
SRC-PARIS-C1-P3CEQ10_DICH,,Missing,.a,PARIS-C1-PUF202605-CODEBOOK,PUF_MSPatient Codebook,1318,EXTRACTED_UNREVIEWED,FALSE
SRC-PARIS-C1-RP3CEQ1,,"No, definitely not",0,PARIS-C1-PUF202605-CODEBOOK,PUF_MSPatient Codebook,1321,EXTRACTED_UNREVIEWED,FALSE
SRC-PARIS-C1-RP3CEQ1,,"No, not really",1,PARIS-C1-PUF202605-CODEBOOK,PUF_MSPatient Codebook,1322,EXTRACTED_UNREVIEWED,FALSE
SRC-PARIS-C1-RP3CEQ1,,"Yes, to some extent",2,PARIS-C1-PUF202605-CODEBOOK,PUF_MSPatient Codebook,1323,EXTRACTED_UNREVIEWED,FALSE
SRC-PARIS-C1-RP3CEQ1,,"Yes, definitely",3,PARIS-C1-PUF202605-CODEBOOK,PUF_MSPatient Codebook,1324,EXTRACTED_UNREVIEWED,FALSE
SRC-PARIS-C1-RP3CEQ1,,Missing,NA,PARIS-C1-PUF202605-CODEBOOK,PUF_MSPatient Codebook,1325,EXTRACTED_UNREVIEWED,FALSE
SRC-PARIS-C1-RP3CEQ2,,"No, definitely not",0,PARIS-C1-PUF202605-CODEBOOK,PUF_MSPatient Codebook,1327,EXTRACTED_UNREVIEWED,FALSE
SRC-PARIS-C1-RP3CEQ2,,"No, not really",1,PARIS-C1-PUF202605-CODEBOOK,PUF_MSPatient Codebook,1328,EXTRACTED_UNREVIEWED,FALSE
SRC-PARIS-C1-RP3CEQ2,,"Yes, to some extent",2,PARIS-C1-PUF202605-CODEBOOK,PUF_MSPatient Codebook,1329,EXTRACTED_UNREVIEWED,FALSE
SRC-PARIS-C1-RP3CEQ2,,"Yes, definitely",3,PARIS-C1-PUF202605-CODEBOOK,PUF_MSPatient Codebook,1330,EXTRACTED_UNREVIEWED,FALSE
SRC-PARIS-C1-RP3CEQ2,,Missing,NA,PARIS-C1-PUF202605-CODEBOOK,PUF_MSPatient Codebook,1331,EXTRACTED_UNREVIEWED,FALSE
SRC-PARIS-C1-RP3CEQ3,,"No, definitely not",0,PARIS-C1-PUF202605-CODEBOOK,PUF_MSPatient Codebook,1333,EXTRACTED_UNREVIEWED,FALSE
SRC-PARIS-C1-RP3CEQ3,,"No, not really",1,PARIS-C1-PUF202605-CODEBOOK,PUF_MSPatient Codebook,1334,EXTRACTED_UNREVIEWED,FALSE
SRC-PARIS-C1-RP3CEQ3,,"Yes, to some extent",2,PARIS-C1-PUF202605-CODEBOOK,PUF_MSPatient Codebook,1335,EXTRACTED_UNREVIEWED,FALSE
SRC-PARIS-C1-RP3CEQ3,,"Yes, definitely",3,PARIS-C1-PUF202605-CODEBOOK,PUF_MSPatient Codebook,1336,EXTRACTED_UNREVIEWED,FALSE
SRC-PARIS-C1-RP3CEQ3,,Missing,NA,PARIS-C1-PUF202605-CODEBOOK,PUF_MSPatient Codebook,1337,EXTRACTED_UNREVIEWED,FALSE
SRC-PARIS-C1-RP3CEQ4,,"Yes, definitely/Not sure",0,PARIS-C1-PUF202605-CODEBOOK,PUF_MSPatient Codebook,1339,EXTRACTED_UNREVIEWED,FALSE
SRC-PARIS-C1-RP3CEQ4,,"Yes, to some extent",1,PARIS-C1-PUF202605-CODEBOOK,PUF_MSPatient Codebook,1340,EXTRACTED_UNREVIEWED,FALSE
SRC-PARIS-C1-RP3CEQ4,,"No, not really",2,PARIS-C1-PUF202605-CODEBOOK,PUF_MSPatient Codebook,1341,EXTRACTED_UNREVIEWED,FALSE
SRC-PARIS-C1-RP3CEQ4,,"No, definitely not",3,PARIS-C1-PUF202605-CODEBOOK,PUF_MSPatient Codebook,1342,EXTRACTED_UNREVIEWED,FALSE
SRC-PARIS-C1-RP3CEQ4,,Missing,NA,PARIS-C1-PUF202605-CODEBOOK,PUF_MSPatient Codebook,1343,EXTRACTED_UNREVIEWED,FALSE
SRC-PARIS-C1-RP3CEQ5,,"No, definitely not/Not sure",0,PARIS-C1-PUF202605-CODEBOOK,PUF_MSPatient Codebook,1345,EXTRACTED_UNREVIEWED,FALSE
SRC-PARIS-C1-RP3CEQ5,,"No, not really",1,PARIS-C1-PUF202605-CODEBOOK,PUF_MSPatient Codebook,1346,EXTRACTED_UNREVIEWED,FALSE
SRC-PARIS-C1-RP3CEQ5,,"Yes, to some extent",2,PARIS-C1-PUF202605-CODEBOOK,PUF_MSPatient Codebook,1347,EXTRACTED_UNREVIEWED,FALSE
SRC-PARIS-C1-RP3CEQ5,,"Yes, definitely",3,PARIS-C1-PUF202605-CODEBOOK,PUF_MSPatient Codebook,1348,EXTRACTED_UNREVIEWED,FALSE
SRC-PARIS-C1-RP3CEQ5,,Missing,NA,PARIS-C1-PUF202605-CODEBOOK,PUF_MSPatient Codebook,1349,EXTRACTED_UNREVIEWED,FALSE
SRC-PARIS-C1-RP3CEQ8,,Not answered,.a,PARIS-C1-PUF202605-CODEBOOK,PUF_MSPatient Codebook,1351,EXTRACTED_UNREVIEWED,TRUE
SRC-PARIS-C1-RP3CEQ8,,Multiple answers,.d,PARIS-C1-PUF202605-CODEBOOK,PUF_MSPatient Codebook,1352,EXTRACTED_UNREVIEWED,TRUE
SRC-PARIS-C1-RP3CEQ8,,Question not asked,.b/.c,PARIS-C1-PUF202605-CODEBOOK,PUF_MSPatient Codebook,1353,EXTRACTED_UNREVIEWED,TRUE
SRC-PARIS-C1-RP3CEQ8,,I have had no support/Not relevant/Not sure,0,PARIS-C1-PUF202605-CODEBOOK,PUF_MSPatient Codebook,1354,EXTRACTED_UNREVIEWED,FALSE
SRC-PARIS-C1-RP3CEQ8,,I sometimes have enough support,1,PARIS-C1-PUF202605-CODEBOOK,PUF_MSPatient Codebook,1355,EXTRACTED_UNREVIEWED,FALSE
SRC-PARIS-C1-RP3CEQ8,,I often have enough support,2,PARIS-C1-PUF202605-CODEBOOK,PUF_MSPatient Codebook,1356,EXTRACTED_UNREVIEWED,FALSE
SRC-PARIS-C1-RP3CEQ8,,I do not need support/I always have enough support,3,PARIS-C1-PUF202605-CODEBOOK,PUF_MSPatient Codebook,1357,EXTRACTED_UNREVIEWED,FALSE
SRC-PARIS-C1-RP3CEQ9,,Not answered,.a,PARIS-C1-PUF202605-CODEBOOK,PUF_MSPatient Codebook,1359,EXTRACTED_UNREVIEWED,TRUE
SRC-PARIS-C1-RP3CEQ9,,Multiple answers,.d,PARIS-C1-PUF202605-CODEBOOK,PUF_MSPatient Codebook,1360,EXTRACTED_UNREVIEWED,TRUE
SRC-PARIS-C1-RP3CEQ9,,Question not asked,.b/.c,PARIS-C1-PUF202605-CODEBOOK,PUF_MSPatient Codebook,1361,EXTRACTED_UNREVIEWED,TRUE
SRC-PARIS-C1-RP3CEQ9,,I do not receive any information/Not relevant/Not sure,0,PARIS-C1-PUF202605-CODEBOOK,PUF_MSPatient Codebook,1362,EXTRACTED_UNREVIEWED,FALSE
SRC-PARIS-C1-RP3CEQ9,,I sometimes receive enough information,1,PARIS-C1-PUF202605-CODEBOOK,PUF_MSPatient Codebook,1363,EXTRACTED_UNREVIEWED,FALSE
SRC-PARIS-C1-RP3CEQ9,,I often receive enough information/I receive too much information,2,PARIS-C1-PUF202605-CODEBOOK,PUF_MSPatient Codebook,1364,EXTRACTED_UNREVIEWED,FALSE
SRC-PARIS-C1-RP3CEQ9,,I always receive enough information,3,PARIS-C1-PUF202605-CODEBOOK,PUF_MSPatient Codebook,1365,EXTRACTED_UNREVIEWED,FALSE
SRC-PARIS-C1-RP3CEQ10,,Not answered,.a,PARIS-C1-PUF202605-CODEBOOK,PUF_MSPatient Codebook,1367,EXTRACTED_UNREVIEWED,TRUE
SRC-PARIS-C1-RP3CEQ10,,Multiple answers,.d,PARIS-C1-PUF202605-CODEBOOK,PUF_MSPatient Codebook,1368,EXTRACTED_UNREVIEWED,TRUE
SRC-PARIS-C1-RP3CEQ10,,Not confident at all/Does not apply,0,PARIS-C1-PUF202605-CODEBOOK,PUF_MSPatient Codebook,1369,EXTRACTED_UNREVIEWED,FALSE
SRC-PARIS-C1-RP3CEQ10,,Somewhat confident,1,PARIS-C1-PUF202605-CODEBOOK,PUF_MSPatient Codebook,1370,EXTRACTED_UNREVIEWED,FALSE
SRC-PARIS-C1-RP3CEQ10,,Confident,2,PARIS-C1-PUF202605-CODEBOOK,PUF_MSPatient Codebook,1371,EXTRACTED_UNREVIEWED,FALSE
SRC-PARIS-C1-RP3CEQ10,,Very confident,3,PARIS-C1-PUF202605-CODEBOOK,PUF_MSPatient Codebook,1372,EXTRACTED_UNREVIEWED,FALSE
SRC-PARIS-C1-P3CEQ_PC_TOT,p3ceq_pc_tot,Open ended,,PARIS-C1-PUF202605-CODEBOOK,PUF_MSPatient Codebook,1374,EXTRACTED_UNREVIEWED,FALSE
SRC-PARIS-C1-RP3CEQ6,,Not answered,.a,PARIS-C1-PUF202605-CODEBOOK,PUF_MSPatient Codebook,1377,EXTRACTED_UNREVIEWED,TRUE
SRC-PARIS-C1-RP3CEQ6,,Multiple answers,.d,PARIS-C1-PUF202605-CODEBOOK,PUF_MSPatient Codebook,1378,EXTRACTED_UNREVIEWED,TRUE
SRC-PARIS-C1-RP3CEQ6,,Question not asked,.b/.c,PARIS-C1-PUF202605-CODEBOOK,PUF_MSPatient Codebook,1379,EXTRACTED_UNREVIEWED,TRUE
SRC-PARIS-C1-RP3CEQ6,,No/I do not receive care from more than one service/Not sure,0,PARIS-C1-PUF202605-CODEBOOK,PUF_MSPatient Codebook,1380,EXTRACTED_UNREVIEWED,FALSE
SRC-PARIS-C1-RP3CEQ6,,Yes,3,PARIS-C1-PUF202605-CODEBOOK,PUF_MSPatient Codebook,1381,EXTRACTED_UNREVIEWED,FALSE
SRC-PARIS-C1-RP3CEQ7A,,Not answered,.a,PARIS-C1-PUF202605-CODEBOOK,PUF_MSPatient Codebook,1383,EXTRACTED_UNREVIEWED,TRUE
SRC-PARIS-C1-RP3CEQ7A,,Multiple answers,.d,PARIS-C1-PUF202605-CODEBOOK,PUF_MSPatient Codebook,1384,EXTRACTED_UNREVIEWED,TRUE
SRC-PARIS-C1-RP3CEQ7A,,Question not asked,.b/.c,PARIS-C1-PUF202605-CODEBOOK,PUF_MSPatient Codebook,1385,EXTRACTED_UNREVIEWED,TRUE
SRC-PARIS-C1-RP3CEQ7A,,No/Not sure,0,PARIS-C1-PUF202605-CODEBOOK,PUF_MSPatient Codebook,1386,EXTRACTED_UNREVIEWED,FALSE
SRC-PARIS-C1-RP3CEQ7A,,Yes,3,PARIS-C1-PUF202605-CODEBOOK,PUF_MSPatient Codebook,1387,EXTRACTED_UNREVIEWED,FALSE
SRC-PARIS-C1-RP3CEQ7B,,Not answered,.a,PARIS-C1-PUF202605-CODEBOOK,PUF_MSPatient Codebook,1389,EXTRACTED_UNREVIEWED,TRUE
SRC-PARIS-C1-RP3CEQ7B,,Question not asked,.b/.c,PARIS-C1-PUF202605-CODEBOOK,PUF_MSPatient Codebook,1390,EXTRACTED_UNREVIEWED,TRUE
SRC-PARIS-C1-RP3CEQ7B,,No/Not sure,0,PARIS-C1-PUF202605-CODEBOOK,PUF_MSPatient Codebook,1391,EXTRACTED_UNREVIEWED,FALSE
SRC-PARIS-C1-RP3CEQ7B,,Yes,3,PARIS-C1-PUF202605-CODEBOOK,PUF_MSPatient Codebook,1392,EXTRACTED_UNREVIEWED,FALSE
SRC-PARIS-C1-RP3CEQ7C,,Not answered,.a,PARIS-C1-PUF202605-CODEBOOK,PUF_MSPatient Codebook,1394,EXTRACTED_UNREVIEWED,TRUE
SRC-PARIS-C1-RP3CEQ7C,,Multiple answers,.d,PARIS-C1-PUF202605-CODEBOOK,PUF_MSPatient Codebook,1395,EXTRACTED_UNREVIEWED,TRUE
SRC-PARIS-C1-RP3CEQ7C,,Question not asked,.b/.c,PARIS-C1-PUF202605-CODEBOOK,PUF_MSPatient Codebook,1396,EXTRACTED_UNREVIEWED,TRUE
SRC-PARIS-C1-RP3CEQ7C,,Not at all/Not sure,0,PARIS-C1-PUF202605-CODEBOOK,PUF_MSPatient Codebook,1397,EXTRACTED_UNREVIEWED,FALSE
SRC-PARIS-C1-RP3CEQ7C,,To some extent,1,PARIS-C1-PUF202605-CODEBOOK,PUF_MSPatient Codebook,1398,EXTRACTED_UNREVIEWED,FALSE
SRC-PARIS-C1-RP3CEQ7C,,To a large extent,2,PARIS-C1-PUF202605-CODEBOOK,PUF_MSPatient Codebook,1399,EXTRACTED_UNREVIEWED,FALSE
SRC-PARIS-C1-RP3CEQ7C,,Completely,3,PARIS-C1-PUF202605-CODEBOOK,PUF_MSPatient Codebook,1400,EXTRACTED_UNREVIEWED,FALSE
SRC-PARIS-C1-RP3CEQ7D,,Not answered,.a,PARIS-C1-PUF202605-CODEBOOK,PUF_MSPatient Codebook,1402,EXTRACTED_UNREVIEWED,TRUE
SRC-PARIS-C1-RP3CEQ7D,,Question not asked,.b/.c,PARIS-C1-PUF202605-CODEBOOK,PUF_MSPatient Codebook,1403,EXTRACTED_UNREVIEWED,TRUE
SRC-PARIS-C1-RP3CEQ7D,,Not at all/Not sure,0,PARIS-C1-PUF202605-CODEBOOK,PUF_MSPatient Codebook,1404,EXTRACTED_UNREVIEWED,FALSE
SRC-PARIS-C1-RP3CEQ7D,,To some extent,1,PARIS-C1-PUF202605-CODEBOOK,PUF_MSPatient Codebook,1405,EXTRACTED_UNREVIEWED,FALSE
SRC-PARIS-C1-RP3CEQ7D,,To a large extent,2,PARIS-C1-PUF202605-CODEBOOK,PUF_MSPatient Codebook,1406,EXTRACTED_UNREVIEWED,FALSE
SRC-PARIS-C1-RP3CEQ7D,,Completely,3,PARIS-C1-PUF202605-CODEBOOK,PUF_MSPatient Codebook,1407,EXTRACTED_UNREVIEWED,FALSE
SRC-PARIS-C1-P3CEQ_COORDINATION,P3CEQ_Coordination,Open ended,,PARIS-C1-PUF202605-CODEBOOK,PUF_MSPatient Codebook,1409,EXTRACTED_UNREVIEWED,FALSE
SRC-PARIS-C1-P3CEQ_MISS3B,p3ceq_miss3b,Open ended,,PARIS-C1-PUF202605-CODEBOOK,PUF_MSPatient Codebook,1412,EXTRACTED_UNREVIEWED,FALSE
SRC-PARIS-C1-RQWHO5_A,,Not answered,.a,PARIS-C1-PUF202605-CODEBOOK,PUF_MSPatient Codebook,1416,EXTRACTED_UNREVIEWED,TRUE
SRC-PARIS-C1-RQWHO5_A,,Multiple answers,.d,PARIS-C1-PUF202605-CODEBOOK,PUF_MSPatient Codebook,1417,EXTRACTED_UNREVIEWED,TRUE
SRC-PARIS-C1-RQWHO5_A,,At no time,0,PARIS-C1-PUF202605-CODEBOOK,PUF_MSPatient Codebook,1418,EXTRACTED_UNREVIEWED,FALSE
SRC-PARIS-C1-RQWHO5_A,,Some of the time,1,PARIS-C1-PUF202605-CODEBOOK,PUF_MSPatient Codebook,1419,EXTRACTED_UNREVIEWED,FALSE
SRC-PARIS-C1-RQWHO5_A,,Less than half of the time,2,PARIS-C1-PUF202605-CODEBOOK,PUF_MSPatient Codebook,1420,EXTRACTED_UNREVIEWED,FALSE
SRC-PARIS-C1-RQWHO5_A,,More than half of the time,3,PARIS-C1-PUF202605-CODEBOOK,PUF_MSPatient Codebook,1421,EXTRACTED_UNREVIEWED,FALSE
SRC-PARIS-C1-RQWHO5_A,,Most of the time,4,PARIS-C1-PUF202605-CODEBOOK,PUF_MSPatient Codebook,1422,EXTRACTED_UNREVIEWED,FALSE
SRC-PARIS-C1-RQWHO5_A,,All of the time,5,PARIS-C1-PUF202605-CODEBOOK,PUF_MSPatient Codebook,1423,EXTRACTED_UNREVIEWED,FALSE
SRC-PARIS-C1-RQWHO5_B,,Not answered,.a,PARIS-C1-PUF202605-CODEBOOK,PUF_MSPatient Codebook,1425,EXTRACTED_UNREVIEWED,TRUE
SRC-PARIS-C1-RQWHO5_B,,Multiple answers,.d,PARIS-C1-PUF202605-CODEBOOK,PUF_MSPatient Codebook,1426,EXTRACTED_UNREVIEWED,TRUE
SRC-PARIS-C1-RQWHO5_B,,At no time,0,PARIS-C1-PUF202605-CODEBOOK,PUF_MSPatient Codebook,1427,EXTRACTED_UNREVIEWED,FALSE
SRC-PARIS-C1-RQWHO5_B,,Some of the time,1,PARIS-C1-PUF202605-CODEBOOK,PUF_MSPatient Codebook,1428,EXTRACTED_UNREVIEWED,FALSE
SRC-PARIS-C1-RQWHO5_B,,Less than half of the time,2,PARIS-C1-PUF202605-CODEBOOK,PUF_MSPatient Codebook,1429,EXTRACTED_UNREVIEWED,FALSE
SRC-PARIS-C1-RQWHO5_B,,More than half of the time,3,PARIS-C1-PUF202605-CODEBOOK,PUF_MSPatient Codebook,1430,EXTRACTED_UNREVIEWED,FALSE
SRC-PARIS-C1-RQWHO5_B,,Most of the time,4,PARIS-C1-PUF202605-CODEBOOK,PUF_MSPatient Codebook,1431,EXTRACTED_UNREVIEWED,FALSE
SRC-PARIS-C1-RQWHO5_B,,All of the time,5,PARIS-C1-PUF202605-CODEBOOK,PUF_MSPatient Codebook,1432,EXTRACTED_UNREVIEWED,FALSE
SRC-PARIS-C1-RQWHO5_C,,Not answered,.a,PARIS-C1-PUF202605-CODEBOOK,PUF_MSPatient Codebook,1434,EXTRACTED_UNREVIEWED,TRUE
SRC-PARIS-C1-RQWHO5_C,,Multiple answers,.d,PARIS-C1-PUF202605-CODEBOOK,PUF_MSPatient Codebook,1435,EXTRACTED_UNREVIEWED,TRUE
SRC-PARIS-C1-RQWHO5_C,,At no time,0,PARIS-C1-PUF202605-CODEBOOK,PUF_MSPatient Codebook,1436,EXTRACTED_UNREVIEWED,FALSE
SRC-PARIS-C1-RQWHO5_C,,Some of the time,1,PARIS-C1-PUF202605-CODEBOOK,PUF_MSPatient Codebook,1437,EXTRACTED_UNREVIEWED,FALSE
SRC-PARIS-C1-RQWHO5_C,,Less than half of the time,2,PARIS-C1-PUF202605-CODEBOOK,PUF_MSPatient Codebook,1438,EXTRACTED_UNREVIEWED,FALSE
SRC-PARIS-C1-RQWHO5_C,,More than half of the time,3,PARIS-C1-PUF202605-CODEBOOK,PUF_MSPatient Codebook,1439,EXTRACTED_UNREVIEWED,FALSE
SRC-PARIS-C1-RQWHO5_C,,Most of the time,4,PARIS-C1-PUF202605-CODEBOOK,PUF_MSPatient Codebook,1440,EXTRACTED_UNREVIEWED,FALSE
SRC-PARIS-C1-RQWHO5_C,,All of the time,5,PARIS-C1-PUF202605-CODEBOOK,PUF_MSPatient Codebook,1441,EXTRACTED_UNREVIEWED,FALSE
SRC-PARIS-C1-RQWHO5_D,,Not answered,.a,PARIS-C1-PUF202605-CODEBOOK,PUF_MSPatient Codebook,1443,EXTRACTED_UNREVIEWED,TRUE
SRC-PARIS-C1-RQWHO5_D,,Multiple answers,.d,PARIS-C1-PUF202605-CODEBOOK,PUF_MSPatient Codebook,1444,EXTRACTED_UNREVIEWED,TRUE
SRC-PARIS-C1-RQWHO5_D,,At no time,0,PARIS-C1-PUF202605-CODEBOOK,PUF_MSPatient Codebook,1445,EXTRACTED_UNREVIEWED,FALSE
SRC-PARIS-C1-RQWHO5_D,,Some of the time,1,PARIS-C1-PUF202605-CODEBOOK,PUF_MSPatient Codebook,1446,EXTRACTED_UNREVIEWED,FALSE
SRC-PARIS-C1-RQWHO5_D,,Less than half of the time,2,PARIS-C1-PUF202605-CODEBOOK,PUF_MSPatient Codebook,1447,EXTRACTED_UNREVIEWED,FALSE
SRC-PARIS-C1-RQWHO5_D,,More than half of the time,3,PARIS-C1-PUF202605-CODEBOOK,PUF_MSPatient Codebook,1448,EXTRACTED_UNREVIEWED,FALSE
SRC-PARIS-C1-RQWHO5_D,,Most of the time,4,PARIS-C1-PUF202605-CODEBOOK,PUF_MSPatient Codebook,1449,EXTRACTED_UNREVIEWED,FALSE
SRC-PARIS-C1-RQWHO5_D,,All of the time,5,PARIS-C1-PUF202605-CODEBOOK,PUF_MSPatient Codebook,1450,EXTRACTED_UNREVIEWED,FALSE
SRC-PARIS-C1-RQWHO5_E,,Not answered,.a,PARIS-C1-PUF202605-CODEBOOK,PUF_MSPatient Codebook,1452,EXTRACTED_UNREVIEWED,TRUE
SRC-PARIS-C1-RQWHO5_E,,At no time,0,PARIS-C1-PUF202605-CODEBOOK,PUF_MSPatient Codebook,1453,EXTRACTED_UNREVIEWED,FALSE
SRC-PARIS-C1-RQWHO5_E,,Some of the time,1,PARIS-C1-PUF202605-CODEBOOK,PUF_MSPatient Codebook,1454,EXTRACTED_UNREVIEWED,FALSE
SRC-PARIS-C1-RQWHO5_E,,Less than half of the time,2,PARIS-C1-PUF202605-CODEBOOK,PUF_MSPatient Codebook,1455,EXTRACTED_UNREVIEWED,FALSE
SRC-PARIS-C1-RQWHO5_E,,More than half of the time,3,PARIS-C1-PUF202605-CODEBOOK,PUF_MSPatient Codebook,1456,EXTRACTED_UNREVIEWED,FALSE
SRC-PARIS-C1-RQWHO5_E,,Most of the time,4,PARIS-C1-PUF202605-CODEBOOK,PUF_MSPatient Codebook,1457,EXTRACTED_UNREVIEWED,FALSE
SRC-PARIS-C1-RQWHO5_E,,All of the time,5,PARIS-C1-PUF202605-CODEBOOK,PUF_MSPatient Codebook,1458,EXTRACTED_UNREVIEWED,FALSE
SRC-PARIS-C1-WHO5_TOT,who5_tot,Open ended,,PARIS-C1-PUF202605-CODEBOOK,PUF_MSPatient Codebook,1461,EXTRACTED_UNREVIEWED,FALSE
SRC-PARIS-C1-RGLOBAL03,,Not answered,.a,PARIS-C1-PUF202605-CODEBOOK,PUF_MSPatient Codebook,1464,EXTRACTED_UNREVIEWED,TRUE
SRC-PARIS-C1-RGLOBAL03,,Poor,1,PARIS-C1-PUF202605-CODEBOOK,PUF_MSPatient Codebook,1465,EXTRACTED_UNREVIEWED,FALSE
SRC-PARIS-C1-RGLOBAL03,,Fair,2,PARIS-C1-PUF202605-CODEBOOK,PUF_MSPatient Codebook,1466,EXTRACTED_UNREVIEWED,FALSE
SRC-PARIS-C1-RGLOBAL03,,Good,3,PARIS-C1-PUF202605-CODEBOOK,PUF_MSPatient Codebook,1467,EXTRACTED_UNREVIEWED,FALSE
SRC-PARIS-C1-RGLOBAL03,,Very good,4,PARIS-C1-PUF202605-CODEBOOK,PUF_MSPatient Codebook,1468,EXTRACTED_UNREVIEWED,FALSE
SRC-PARIS-C1-RGLOBAL03,,Excellent,5,PARIS-C1-PUF202605-CODEBOOK,PUF_MSPatient Codebook,1469,EXTRACTED_UNREVIEWED,FALSE
SRC-PARIS-C1-RGLOBAL06,,Not answered,.a,PARIS-C1-PUF202605-CODEBOOK,PUF_MSPatient Codebook,1471,EXTRACTED_UNREVIEWED,TRUE
SRC-PARIS-C1-RGLOBAL06,,Not at all,1,PARIS-C1-PUF202605-CODEBOOK,PUF_MSPatient Codebook,1472,EXTRACTED_UNREVIEWED,FALSE
SRC-PARIS-C1-RGLOBAL06,,A little,2,PARIS-C1-PUF202605-CODEBOOK,PUF_MSPatient Codebook,1473,EXTRACTED_UNREVIEWED,FALSE
SRC-PARIS-C1-RGLOBAL06,,Moderately,3,PARIS-C1-PUF202605-CODEBOOK,PUF_MSPatient Codebook,1474,EXTRACTED_UNREVIEWED,FALSE
SRC-PARIS-C1-RGLOBAL06,,Mostly,4,PARIS-C1-PUF202605-CODEBOOK,PUF_MSPatient Codebook,1475,EXTRACTED_UNREVIEWED,FALSE
SRC-PARIS-C1-RGLOBAL06,,Completely,5,PARIS-C1-PUF202605-CODEBOOK,PUF_MSPatient Codebook,1476,EXTRACTED_UNREVIEWED,FALSE
SRC-PARIS-C1-RGLOBAL07R,,Not answered,.a,PARIS-C1-PUF202605-CODEBOOK,PUF_MSPatient Codebook,1478,EXTRACTED_UNREVIEWED,TRUE
SRC-PARIS-C1-RGLOBAL07R,,Multiple answers,.d,PARIS-C1-PUF202605-CODEBOOK,PUF_MSPatient Codebook,1479,EXTRACTED_UNREVIEWED,TRUE
SRC-PARIS-C1-RGLOBAL07R,,Score between:,,PARIS-C1-PUF202605-CODEBOOK,PUF_MSPatient Codebook,1480,EXTRACTED_UNREVIEWED,FALSE
SRC-PARIS-C1-RGLOBAL07R,,0 - No pain,0,PARIS-C1-PUF202605-CODEBOOK,PUF_MSPatient Codebook,1481,EXTRACTED_UNREVIEWED,FALSE
SRC-PARIS-C1-RGLOBAL07R,,10 - Worst imaginable pain,10,PARIS-C1-PUF202605-CODEBOOK,PUF_MSPatient Codebook,1482,EXTRACTED_UNREVIEWED,FALSE
SRC-PARIS-C1-RGLOBAL08R,,Not answered,.a,PARIS-C1-PUF202605-CODEBOOK,PUF_MSPatient Codebook,1484,EXTRACTED_UNREVIEWED,TRUE
SRC-PARIS-C1-RGLOBAL08R,,Very severe,1,PARIS-C1-PUF202605-CODEBOOK,PUF_MSPatient Codebook,1485,EXTRACTED_UNREVIEWED,FALSE
SRC-PARIS-C1-RGLOBAL08R,,Severe,2,PARIS-C1-PUF202605-CODEBOOK,PUF_MSPatient Codebook,1486,EXTRACTED_UNREVIEWED,FALSE
SRC-PARIS-C1-RGLOBAL08R,,Moderate,3,PARIS-C1-PUF202605-CODEBOOK,PUF_MSPatient Codebook,1487,EXTRACTED_UNREVIEWED,FALSE
SRC-PARIS-C1-RGLOBAL08R,,Mild,4,PARIS-C1-PUF202605-CODEBOOK,PUF_MSPatient Codebook,1488,EXTRACTED_UNREVIEWED,FALSE
SRC-PARIS-C1-RGLOBAL08R,,None,5,PARIS-C1-PUF202605-CODEBOOK,PUF_MSPatient Codebook,1489,EXTRACTED_UNREVIEWED,FALSE
SRC-PARIS-C1-PROMISPHYS_TOT,promisPhys_tot,Open ended,,PARIS-C1-PUF202605-CODEBOOK,PUF_MSPatient Codebook,1491,EXTRACTED_UNREVIEWED,FALSE
SRC-PARIS-C1-RGLOBAL02,,Not answered,.a,PARIS-C1-PUF202605-CODEBOOK,PUF_MSPatient Codebook,1494,EXTRACTED_UNREVIEWED,TRUE
SRC-PARIS-C1-RGLOBAL02,,Poor,1,PARIS-C1-PUF202605-CODEBOOK,PUF_MSPatient Codebook,1495,EXTRACTED_UNREVIEWED,FALSE
SRC-PARIS-C1-RGLOBAL02,,Fair,2,PARIS-C1-PUF202605-CODEBOOK,PUF_MSPatient Codebook,1496,EXTRACTED_UNREVIEWED,FALSE
SRC-PARIS-C1-RGLOBAL02,,Good,3,PARIS-C1-PUF202605-CODEBOOK,PUF_MSPatient Codebook,1497,EXTRACTED_UNREVIEWED,FALSE
SRC-PARIS-C1-RGLOBAL02,,Very good,4,PARIS-C1-PUF202605-CODEBOOK,PUF_MSPatient Codebook,1498,EXTRACTED_UNREVIEWED,FALSE
SRC-PARIS-C1-RGLOBAL02,,Excellent,5,PARIS-C1-PUF202605-CODEBOOK,PUF_MSPatient Codebook,1499,EXTRACTED_UNREVIEWED,FALSE
SRC-PARIS-C1-RGLOBAL04,,Not answered,.a,PARIS-C1-PUF202605-CODEBOOK,PUF_MSPatient Codebook,1501,EXTRACTED_UNREVIEWED,TRUE
SRC-PARIS-C1-RGLOBAL04,,Poor,1,PARIS-C1-PUF202605-CODEBOOK,PUF_MSPatient Codebook,1502,EXTRACTED_UNREVIEWED,FALSE
SRC-PARIS-C1-RGLOBAL04,,Fair,2,PARIS-C1-PUF202605-CODEBOOK,PUF_MSPatient Codebook,1503,EXTRACTED_UNREVIEWED,FALSE
SRC-PARIS-C1-RGLOBAL04,,Good,3,PARIS-C1-PUF202605-CODEBOOK,PUF_MSPatient Codebook,1504,EXTRACTED_UNREVIEWED,FALSE
SRC-PARIS-C1-RGLOBAL04,,Very good,4,PARIS-C1-PUF202605-CODEBOOK,PUF_MSPatient Codebook,1505,EXTRACTED_UNREVIEWED,FALSE
SRC-PARIS-C1-RGLOBAL04,,Excellent,5,PARIS-C1-PUF202605-CODEBOOK,PUF_MSPatient Codebook,1506,EXTRACTED_UNREVIEWED,FALSE
SRC-PARIS-C1-RGLOBAL05,,Not answered,.a,PARIS-C1-PUF202605-CODEBOOK,PUF_MSPatient Codebook,1508,EXTRACTED_UNREVIEWED,TRUE
SRC-PARIS-C1-RGLOBAL05,,Poor,1,PARIS-C1-PUF202605-CODEBOOK,PUF_MSPatient Codebook,1509,EXTRACTED_UNREVIEWED,FALSE
SRC-PARIS-C1-RGLOBAL05,,Fair,2,PARIS-C1-PUF202605-CODEBOOK,PUF_MSPatient Codebook,1510,EXTRACTED_UNREVIEWED,FALSE
SRC-PARIS-C1-RGLOBAL05,,Good,3,PARIS-C1-PUF202605-CODEBOOK,PUF_MSPatient Codebook,1511,EXTRACTED_UNREVIEWED,FALSE
SRC-PARIS-C1-RGLOBAL05,,Very good,4,PARIS-C1-PUF202605-CODEBOOK,PUF_MSPatient Codebook,1512,EXTRACTED_UNREVIEWED,FALSE
SRC-PARIS-C1-RGLOBAL05,,Excellent,5,PARIS-C1-PUF202605-CODEBOOK,PUF_MSPatient Codebook,1513,EXTRACTED_UNREVIEWED,FALSE
SRC-PARIS-C1-RGLOBAL10R,,Not answered,.a,PARIS-C1-PUF202605-CODEBOOK,PUF_MSPatient Codebook,1515,EXTRACTED_UNREVIEWED,TRUE
SRC-PARIS-C1-RGLOBAL10R,,Always,1,PARIS-C1-PUF202605-CODEBOOK,PUF_MSPatient Codebook,1516,EXTRACTED_UNREVIEWED,FALSE
SRC-PARIS-C1-RGLOBAL10R,,Often,2,PARIS-C1-PUF202605-CODEBOOK,PUF_MSPatient Codebook,1517,EXTRACTED_UNREVIEWED,FALSE
SRC-PARIS-C1-RGLOBAL10R,,Sometimes,3,PARIS-C1-PUF202605-CODEBOOK,PUF_MSPatient Codebook,1518,EXTRACTED_UNREVIEWED,FALSE
SRC-PARIS-C1-RGLOBAL10R,,Rarely,4,PARIS-C1-PUF202605-CODEBOOK,PUF_MSPatient Codebook,1519,EXTRACTED_UNREVIEWED,FALSE
SRC-PARIS-C1-RGLOBAL10R,,Never,5,PARIS-C1-PUF202605-CODEBOOK,PUF_MSPatient Codebook,1520,EXTRACTED_UNREVIEWED,FALSE
SRC-PARIS-C1-PROMISMENT_TOT,promisMent_tot,Open ended,,PARIS-C1-PUF202605-CODEBOOK,PUF_MSPatient Codebook,1523,EXTRACTED_UNREVIEWED,FALSE
SRC-PARIS-C1-PNS1,PNS1,Open ended,,PARIS-C1-PUF202605-CODEBOOK,PUF_MSPatient Codebook,1525,EXTRACTED_UNREVIEWED,FALSE
SRC-PARIS-C1-PNS2,PNS2,Open ended,,PARIS-C1-PUF202605-CODEBOOK,PUF_MSPatient Codebook,1526,EXTRACTED_UNREVIEWED,FALSE
SRC-PARIS-C1-PNS3,PNS3,Open ended,,PARIS-C1-PUF202605-CODEBOOK,PUF_MSPatient Codebook,1527,EXTRACTED_UNREVIEWED,FALSE
SRC-PARIS-C1-CONTINUITY_HOWLONGTOT,,Not answered,.a,PARIS-C1-PUF202605-CODEBOOK,PUF_MSPatient Codebook,1530,EXTRACTED_UNREVIEWED,TRUE
SRC-PARIS-C1-CONTINUITY_HOWLONGTOT,,1 year or less,1,PARIS-C1-PUF202605-CODEBOOK,PUF_MSPatient Codebook,1531,EXTRACTED_UNREVIEWED,FALSE
SRC-PARIS-C1-CONTINUITY_HOWLONGTOT,,More than 1 year but no more than 3 years,2,PARIS-C1-PUF202605-CODEBOOK,PUF_MSPatient Codebook,1532,EXTRACTED_UNREVIEWED,FALSE
SRC-PARIS-C1-CONTINUITY_HOWLONGTOT,,More than 3 years but no more than 5 years,3,PARIS-C1-PUF202605-CODEBOOK,PUF_MSPatient Codebook,1533,EXTRACTED_UNREVIEWED,FALSE
SRC-PARIS-C1-CONTINUITY_HOWLONGTOT,,More than 5 years but no more than 10 years,4,PARIS-C1-PUF202605-CODEBOOK,PUF_MSPatient Codebook,1534,EXTRACTED_UNREVIEWED,FALSE
SRC-PARIS-C1-CONTINUITY_HOWLONGTOT,,More than 10 years,5,PARIS-C1-PUF202605-CODEBOOK,PUF_MSPatient Codebook,1535,EXTRACTED_UNREVIEWED,FALSE
SRC-PARIS-C1-Q_GPPSTRUST_DICH1,,Not answered,.a,PARIS-C1-PUF202605-CODEBOOK,PUF_MSPatient Codebook,1538,EXTRACTED_UNREVIEWED,TRUE
SRC-PARIS-C1-Q_GPPSTRUST_DICH1,,Multiple answers,.d,PARIS-C1-PUF202605-CODEBOOK,PUF_MSPatient Codebook,1539,EXTRACTED_UNREVIEWED,TRUE
SRC-PARIS-C1-Q_GPPSTRUST_DICH1,,"No, definitely not/No, not really/Yes, to some extent/Not sure",0,PARIS-C1-PUF202605-CODEBOOK,PUF_MSPatient Codebook,1540,EXTRACTED_UNREVIEWED,FALSE
SRC-PARIS-C1-Q_GPPSTRUST_DICH1,,"Yes, definitely",1,PARIS-C1-PUF202605-CODEBOOK,PUF_MSPatient Codebook,1541,EXTRACTED_UNREVIEWED,FALSE
SRC-PARIS-C1-Q_AGSCTRUST_DICH,,Not answered,.a,PARIS-C1-PUF202605-CODEBOOK,PUF_MSPatient Codebook,1543,EXTRACTED_UNREVIEWED,TRUE
SRC-PARIS-C1-Q_AGSCTRUST_DICH,,Multiple answers,.d,PARIS-C1-PUF202605-CODEBOOK,PUF_MSPatient Codebook,1544,EXTRACTED_UNREVIEWED,TRUE
SRC-PARIS-C1-Q_AGSCTRUST_DICH,,(Strongly) disagree/Neither agree nor disagree,0,PARIS-C1-PUF202605-CODEBOOK,PUF_MSPatient Codebook,1545,EXTRACTED_UNREVIEWED,FALSE
SRC-PARIS-C1-Q_AGSCTRUST_DICH,,(Strongly) agree,1,PARIS-C1-PUF202605-CODEBOOK,PUF_MSPatient Codebook,1546,EXTRACTED_UNREVIEWED,FALSE
SRC-PARIS-C1-EDUCATION_3CAT,,Missing value,.a,PARIS-C1-PUF202605-CODEBOOK,PUF_MSPatient Codebook,1550,EXTRACTED_UNREVIEWED,FALSE
SRC-PARIS-C1-EDUCATION_3CAT,,Low,1,PARIS-C1-PUF202605-CODEBOOK,PUF_MSPatient Codebook,1551,EXTRACTED_UNREVIEWED,FALSE
SRC-PARIS-C1-EDUCATION_3CAT,,Middle,2,PARIS-C1-PUF202605-CODEBOOK,PUF_MSPatient Codebook,1552,EXTRACTED_UNREVIEWED,FALSE
SRC-PARIS-C1-EDUCATION_3CAT,,High,3,PARIS-C1-PUF202605-CODEBOOK,PUF_MSPatient Codebook,1553,EXTRACTED_UNREVIEWED,FALSE
SRC-PARIS-C1-RPAINSTRC,,Not answered,.a,PARIS-C1-PUF202605-CODEBOOK,PUF_MSPatient Codebook,1557,EXTRACTED_UNREVIEWED,TRUE
SRC-PARIS-C1-RPAINSTRC,,Multiple answers,.d,PARIS-C1-PUF202605-CODEBOOK,PUF_MSPatient Codebook,1558,EXTRACTED_UNREVIEWED,TRUE
SRC-PARIS-C1-RPAINSTRC,,Question not asked,.b,PARIS-C1-PUF202605-CODEBOOK,PUF_MSPatient Codebook,1559,EXTRACTED_UNREVIEWED,TRUE
SRC-PARIS-C1-RPAINSTRC,,Not confident at all/Does not apply,0,PARIS-C1-PUF202605-CODEBOOK,PUF_MSPatient Codebook,1560,EXTRACTED_UNREVIEWED,FALSE
SRC-PARIS-C1-RPAINSTRC,,Somewhat confident,1,PARIS-C1-PUF202605-CODEBOOK,PUF_MSPatient Codebook,1561,EXTRACTED_UNREVIEWED,FALSE
SRC-PARIS-C1-RPAINSTRC,,Confident,2,PARIS-C1-PUF202605-CODEBOOK,PUF_MSPatient Codebook,1562,EXTRACTED_UNREVIEWED,FALSE
SRC-PARIS-C1-RPAINSTRC,,Very confident,3,PARIS-C1-PUF202605-CODEBOOK,PUF_MSPatient Codebook,1563,EXTRACTED_UNREVIEWED,FALSE
SRC-PARIS-C1-RPAMEDREC,,Not answered,.a,PARIS-C1-PUF202605-CODEBOOK,PUF_MSPatient Codebook,1565,EXTRACTED_UNREVIEWED,TRUE
SRC-PARIS-C1-RPAMEDREC,,Question not asked,.b,PARIS-C1-PUF202605-CODEBOOK,PUF_MSPatient Codebook,1566,EXTRACTED_UNREVIEWED,TRUE
SRC-PARIS-C1-RPAMEDREC,,Not confident at all/Does not apply,0,PARIS-C1-PUF202605-CODEBOOK,PUF_MSPatient Codebook,1567,EXTRACTED_UNREVIEWED,FALSE
SRC-PARIS-C1-RPAMEDREC,,Somewhat confident,1,PARIS-C1-PUF202605-CODEBOOK,PUF_MSPatient Codebook,1568,EXTRACTED_UNREVIEWED,FALSE
SRC-PARIS-C1-RPAMEDREC,,Confident,2,PARIS-C1-PUF202605-CODEBOOK,PUF_MSPatient Codebook,1569,EXTRACTED_UNREVIEWED,FALSE
SRC-PARIS-C1-RPAMEDREC,,Very confident,3,PARIS-C1-PUF202605-CODEBOOK,PUF_MSPatient Codebook,1570,EXTRACTED_UNREVIEWED,FALSE
SRC-PARIS-C1-RPANECESS,,Not answered,.a,PARIS-C1-PUF202605-CODEBOOK,PUF_MSPatient Codebook,1572,EXTRACTED_UNREVIEWED,TRUE
SRC-PARIS-C1-RPANECESS,,Multiple answers,.d,PARIS-C1-PUF202605-CODEBOOK,PUF_MSPatient Codebook,1573,EXTRACTED_UNREVIEWED,TRUE
SRC-PARIS-C1-RPANECESS,,Not confident at all/Does not apply,0,PARIS-C1-PUF202605-CODEBOOK,PUF_MSPatient Codebook,1574,EXTRACTED_UNREVIEWED,FALSE
SRC-PARIS-C1-RPANECESS,,Somewhat confident,1,PARIS-C1-PUF202605-CODEBOOK,PUF_MSPatient Codebook,1575,EXTRACTED_UNREVIEWED,FALSE
SRC-PARIS-C1-RPANECESS,,Confident,2,PARIS-C1-PUF202605-CODEBOOK,PUF_MSPatient Codebook,1576,EXTRACTED_UNREVIEWED,FALSE
SRC-PARIS-C1-RPANECESS,,Very confident,3,PARIS-C1-PUF202605-CODEBOOK,PUF_MSPatient Codebook,1577,EXTRACTED_UNREVIEWED,FALSE
SRC-PARIS-C1-RPASIDEFX,,Not answered,.a,PARIS-C1-PUF202605-CODEBOOK,PUF_MSPatient Codebook,1579,EXTRACTED_UNREVIEWED,TRUE
SRC-PARIS-C1-RPASIDEFX,,Multiple answers,.d,PARIS-C1-PUF202605-CODEBOOK,PUF_MSPatient Codebook,1580,EXTRACTED_UNREVIEWED,TRUE
SRC-PARIS-C1-RPASIDEFX,,Not confident at all/Does not apply,0,PARIS-C1-PUF202605-CODEBOOK,PUF_MSPatient Codebook,1581,EXTRACTED_UNREVIEWED,FALSE
SRC-PARIS-C1-RPASIDEFX,,Somewhat confident,1,PARIS-C1-PUF202605-CODEBOOK,PUF_MSPatient Codebook,1582,EXTRACTED_UNREVIEWED,FALSE
SRC-PARIS-C1-RPASIDEFX,,Confident,2,PARIS-C1-PUF202605-CODEBOOK,PUF_MSPatient Codebook,1583,EXTRACTED_UNREVIEWED,FALSE
SRC-PARIS-C1-RPASIDEFX,,Very confident,3,PARIS-C1-PUF202605-CODEBOOK,PUF_MSPatient Codebook,1584,EXTRACTED_UNREVIEWED,FALSE
SRC-PARIS-C1-REHEALS,,Not answered,.a,PARIS-C1-PUF202605-CODEBOOK,PUF_MSPatient Codebook,1586,EXTRACTED_UNREVIEWED,TRUE
SRC-PARIS-C1-REHEALS,,Multiple answers,.d,PARIS-C1-PUF202605-CODEBOOK,PUF_MSPatient Codebook,1587,EXTRACTED_UNREVIEWED,TRUE
SRC-PARIS-C1-REHEALS,,Not confident at all/Does not apply,0,PARIS-C1-PUF202605-CODEBOOK,PUF_MSPatient Codebook,1588,EXTRACTED_UNREVIEWED,FALSE
SRC-PARIS-C1-REHEALS,,Somewhat confident,1,PARIS-C1-PUF202605-CODEBOOK,PUF_MSPatient Codebook,1589,EXTRACTED_UNREVIEWED,FALSE
SRC-PARIS-C1-REHEALS,,Confident,2,PARIS-C1-PUF202605-CODEBOOK,PUF_MSPatient Codebook,1590,EXTRACTED_UNREVIEWED,FALSE
SRC-PARIS-C1-REHEALS,,Very confident,3,PARIS-C1-PUF202605-CODEBOOK,PUF_MSPatient Codebook,1591,EXTRACTED_UNREVIEWED,FALSE
SRC-PARIS-C1-CSM1,CSM1,Open ended,,PARIS-C1-PUF202605-CODEBOOK,PUF_MSPatient Codebook,1593,EXTRACTED_UNREVIEWED,FALSE
SRC-PARIS-C1-CSM1A,CSM1a,Open ended,,PARIS-C1-PUF202605-CODEBOOK,PUF_MSPatient Codebook,1594,EXTRACTED_UNREVIEWED,FALSE
SRC-PARIS-C1-GLOBAL9R_DICH,,Not answered,.a,PARIS-C1-PUF202605-CODEBOOK,PUF_MSPatient Codebook,1597,EXTRACTED_UNREVIEWED,TRUE
SRC-PARIS-C1-GLOBAL9R_DICH,,Multiple answers,.d,PARIS-C1-PUF202605-CODEBOOK,PUF_MSPatient Codebook,1598,EXTRACTED_UNREVIEWED,TRUE
SRC-PARIS-C1-GLOBAL9R_DICH,,Fair or poor,0,PARIS-C1-PUF202605-CODEBOOK,PUF_MSPatient Codebook,1599,EXTRACTED_UNREVIEWED,FALSE
SRC-PARIS-C1-GLOBAL9R_DICH,,"Good, very good or excellent",1,PARIS-C1-PUF202605-CODEBOOK,PUF_MSPatient Codebook,1600,EXTRACTED_UNREVIEWED,FALSE
SRC-PARIS-C1-CLUSTER_CONCORDANT,cluster_concordant,No,0,PARIS-C1-PUF202605-CODEBOOK,PUF_MSPatient Codebook,1602,EXTRACTED_UNREVIEWED,FALSE
SRC-PARIS-C1-CLUSTER_CONCORDANT,,Yes,1,PARIS-C1-PUF202605-CODEBOOK,PUF_MSPatient Codebook,1603,EXTRACTED_UNREVIEWED,FALSE
SRC-PARIS-C1-CLUSTER_CONCORDANT,,Missing value,NA,PARIS-C1-PUF202605-CODEBOOK,PUF_MSPatient Codebook,1605,EXTRACTED_UNREVIEWED,FALSE
SRC-PARIS-C1-CLUSTER_DISCORDANT,cluster_discordant,No,0,PARIS-C1-PUF202605-CODEBOOK,PUF_MSPatient Codebook,1606,EXTRACTED_UNREVIEWED,FALSE
SRC-PARIS-C1-CLUSTER_DISCORDANT,,Yes,1,PARIS-C1-PUF202605-CODEBOOK,PUF_MSPatient Codebook,1607,EXTRACTED_UNREVIEWED,FALSE
SRC-PARIS-C1-CLUSTER_DISCORDANT,,Missing value,NA,PARIS-C1-PUF202605-CODEBOOK,PUF_MSPatient Codebook,1608,EXTRACTED_UNREVIEWED,FALSE
SRC-PARIS-C1-CLUSTER_MENTAL,cluster_mental,No,0,PARIS-C1-PUF202605-CODEBOOK,PUF_MSPatient Codebook,1609,EXTRACTED_UNREVIEWED,FALSE
SRC-PARIS-C1-CLUSTER_MENTAL,,Yes,1,PARIS-C1-PUF202605-CODEBOOK,PUF_MSPatient Codebook,1610,EXTRACTED_UNREVIEWED,FALSE
SRC-PARIS-C1-CLUSTER_MENTAL,,Missing value,NA,PARIS-C1-PUF202605-CODEBOOK,PUF_MSPatient Codebook,1611,EXTRACTED_UNREVIEWED,FALSE
