strategy_id,pmid,doi,title,abstract,authors,journal,year,publication_types,pubmed_url,retrieved_date,doi_normalized,text,relevance_score,record_id,source,stage,decision,reason,reviewer,review_date,notes
NR-PUBMED-01,35449545,10.1109/bigdata52589.2021.9671538,A Secure and Reusable Software Architecture for Supporting Online Data Harmonization.,"Retrospective data harmonization across multiple research cohorts and studies is frequently done to increase statistical power, provide comparison analysis, and create a richer data source for data mining. However, when combining disparate data sources, harmonization projects face data management and analysis challenges. These include differences in the data dictionaries and variable definitions, privacy concerns surrounding health data representing sensitive populations, and lack of properly defined data models. With the availability of mature open-source web-based database technologies, developing a complete software architecture to overcome the challenges associated with the harmonization process can alleviate many roadblocks. By leveraging state-of-the-art software engineering and database principles, we can ensure data quality and enable cross-center online access and collaboration. This paper outlines a complete software architecture developed and customized using the Django web framework, leveraged to harmonize sensitive data collected from three NIH-support birth cohorts. We describe our framework and show how we successfully overcame challenges faced when harmonizing data from these cohorts. We discuss our efforts in data cleaning, data sharing, data transformation, data visualization, and analytics, while reflecting on what we have learned to date from these harmonized datasets.",Feric Z; Bohm Agostini N; Beene D; Signes-Pastor AJ; Halchenko Y; Watkins D; MacKenzie D; Karagas M; Manjourides J; Alshawabkeh A; Kaeli D,Proceedings : ... IEEE International Conference on Big Data. IEEE International Conference on Big Data,2021,Journal Article,https://pubmed.ncbi.nlm.nih.gov/35449545/,2026-08-20,10.1109/bigdata52589.2021.9671538,"A Secure and Reusable Software Architecture for Supporting Online Data Harmonization. Retrospective data harmonization across multiple research cohorts and studies is frequently done to increase statistical power, provide comparison analysis, and create a richer data source for data mining. However, when combining disparate data sources, harmonization projects face data management and analysis challenges. These include differences in the data dictionaries and variable definitions, privacy concerns surrounding health data representing sensitive populations, and lack of properly defined data models. With the availability of mature open-source web-based database technologies, developing a complete software architecture to overcome the challenges associated with the harmonization process can alleviate many roadblocks. By leveraging state-of-the-art software engineering and database principles, we can ensure data quality and enable cross-center online access and collaboration. This paper outlines a complete software architecture developed and customized using the Django web framework, leveraged to harmonize sensitive data collected from three NIH-support birth cohorts. We describe our framework and show how we successfully overcame challenges faced when harmonizing data from these cohorts. We discuss our efforts in data cleaning, data sharing, data transformation, data visualization, and analytics, while reflecting on what we have learned to date from these harmonized datasets.",22,PMID-35449545,PubMed,title_abstract,PENDING_HUMAN_REVIEW,Machine-ranked candidate; no inclusion decision,,,Transparent relevance score: 22
NR-PUBMED-03,37332385,10.1016/j.lanepe.2023.100659,Reliability and cross-country equivalence of the 8-item version of the Patient Health Questionnaire (PHQ-8) for the assessment of depression: results from 27 countries in Europe.,"The 8-item version of the Patient Health Questionnaire (PHQ-8) is one of the self-reported questionnaires most frequently used worldwide for the screening and severity assessment of depression. However, in some European countries its reliability is unknown, and it is unclear whether its psychometric properties vary between European countries. Therefore, the aim of this study was to assess the internal structure, reliability and cross-country equivalence of the PHQ-8 in Europe. All participants from the 27 countries included in the second wave of the European Health Interview Survey (EHIS-2) between 2014 and 2015 with complete information on the PHQ-8 were included (n = 258,888). The internal structure of the PHQ-8 was assessed using confirmatory factor analyses (CFA) for categorical items. Additionally, the reliability of the questionnaire was assessed based on the internal consistency, Item Response Theory information functions, and item-discrimination (using Graded Response Models), and the cross-country equivalence based on multi-group CFA. The PHQ-8 shows high internal consistency for all countries. The countries in which the PHQ-8 was more reliable were Romania, Bulgaria and Cyprus and less reliable were Iceland, Norway and Austria. The PHQ-8 item with highest discrimination was item 2 (feeling down, depressed, or hopeless) in 24 of the 27 countries. Measurement invariance between countries in Europe was observed from multigroup CFA at the configural, metric and scalar levels. The results from our study, likely the largest study to the date assessing the internal structure, reliability and cross-country comparability of a self-reported mental health assessment measure, shows that the PHQ-8 has an adequate reliability and cross-country equivalence across the 27 European countries included. These results highlight the suitability of the comparisons of the PHQ-8 scores in Europe. They could be helpful to improve the screening and severity assessment of depressive symptoms at the European level. This work was partially funded by CIBER Epidemiology and Public Health (CIBERESP) as part of the Intramural call of 2021 (ESP21PI05).",Arias de la Torre J; Vilagut G; Ronaldson A; Valderas JM; Bakolis I; Dregan A; Molina AJ; Navarro-Mateu F; Pérez K; Bartoll-Roca X; Elices M; Pérez-Sola V; Serrano-Blanco A; Martín V; Alonso J,The Lancet regional health. Europe,2023,Journal Article,https://pubmed.ncbi.nlm.nih.gov/37332385/,2026-08-20,10.1016/j.lanepe.2023.100659,"Reliability and cross-country equivalence of the 8-item version of the Patient Health Questionnaire (PHQ-8) for the assessment of depression: results from 27 countries in Europe. The 8-item version of the Patient Health Questionnaire (PHQ-8) is one of the self-reported questionnaires most frequently used worldwide for the screening and severity assessment of depression. However, in some European countries its reliability is unknown, and it is unclear whether its psychometric properties vary between European countries. Therefore, the aim of this study was to assess the internal structure, reliability and cross-country equivalence of the PHQ-8 in Europe. All participants from the 27 countries included in the second wave of the European Health Interview Survey (EHIS-2) between 2014 and 2015 with complete information on the PHQ-8 were included (n = 258,888). The internal structure of the PHQ-8 was assessed using confirmatory factor analyses (CFA) for categorical items. Additionally, the reliability of the questionnaire was assessed based on the internal consistency, Item Response Theory information functions, and item-discrimination (using Graded Response Models), and the cross-country equivalence based on multi-group CFA. The PHQ-8 shows high internal consistency for all countries. The countries in which the PHQ-8 was more reliable were Romania, Bulgaria and Cyprus and less reliable were Iceland, Norway and Austria. The PHQ-8 item with highest discrimination was item 2 (feeling down, depressed, or hopeless) in 24 of the 27 countries. Measurement invariance between countries in Europe was observed from multigroup CFA at the configural, metric and scalar levels. The results from our study, likely the largest study to the date assessing the internal structure, reliability and cross-country comparability of a self-reported mental health assessment measure, shows that the PHQ-8 has an adequate reliability and cross-country equivalence across the 27 European countries included. These results highlight the suitability of the comparisons of the PHQ-8 scores in Europe. They could be helpful to improve the screening and severity assessment of depressive symptoms at the European level. This work was partially funded by CIBER Epidemiology and Public Health (CIBERESP) as part of the Intramural call of 2021 (ESP21PI05).",21,PMID-37332385,PubMed,title_abstract,PENDING_HUMAN_REVIEW,Machine-ranked candidate; no inclusion decision,,,Transparent relevance score: 21
NR-PUBMED-03,42528936,10.3389/fpubh.2026.1894108,Assessing quality of life among university students: psychometric evidence of the EUROHIS-QOL in a Latin American context.,"Quality of life is an important indicator of wellbeing in university populations, where academic, social, and psychological demands may influence health perceptions. The European Health Interview Survey-Quality of Life Index (EUROHIS-QOL) is a brief quality-of-life instrument derived from the World Health Organization Quality of Life instrument (WHOQOL) framework; however, psychometric evidence in Latin American university students remains limited. This study evaluated the structural validity, reliability, and measurement invariance of the EUROHIS-QOL in Colombian university students through the comparison of alternative factorial models. A cross-sectional methodological study was conducted among undergraduate students from a private university in Cali, Colombia (N = 614). Confirmatory factor analysis using the weighted least squares mean and variance adjusted estimator (WLSMV) evaluated three competing structures: unidimensional, correlated two-factor, and bifactor models, followed by a theoretically justified model re-specification. Model fit was assessed using the Comparative Fit Index (CFI), Tucker-Lewis Index (TLI), Root Mean Square Error of Approximation (RMSEA), and Standardized Root Mean Square Residual (SRMR). Reliability was examined using ordinal alpha (α), McDonald's omega (ω), composite reliability (CR), and average variance extracted (AVE). Measurement invariance across gender, comorbidity status, and employment status was assessed using multigroup CFA. The original unidimensional and correlated two-factor models demonstrated inadequate fit, whereas the bifactor model failed to converge. A theoretically re-specified unidimensional model including residual covariance between overall quality of life and satisfaction with health demonstrated excellent fit (χ 2 = 44.15, df = 19, CFI = 0.983, TLI = 0.975, RMSEA = 0.046, SRMR = 0.022). Reliability indices were high (α = 0.907, ω = 0.901, CR = 0.908), and convergent validity was supported (AVE = 0.606). Full measurement invariance was supported across evaluated groups. The EUROHIS-QOL demonstrated satisfactory psychometric performance in Colombian university students, supporting its use as a brief and reliable measure of quality of life in higher education settings. Findings support an essentially unidimensional representation following theoretically justified model refinement and indicate comparable measurement across relevant sociodemographic groups.",Periañez CAH; Jaramillo-Bolívar CD; Castillo-Díaz MA,Frontiers in public health,2026,Journal Article,https://pubmed.ncbi.nlm.nih.gov/42528936/,2026-08-20,10.3389/fpubh.2026.1894108,"Assessing quality of life among university students: psychometric evidence of the EUROHIS-QOL in a Latin American context. Quality of life is an important indicator of wellbeing in university populations, where academic, social, and psychological demands may influence health perceptions. The European Health Interview Survey-Quality of Life Index (EUROHIS-QOL) is a brief quality-of-life instrument derived from the World Health Organization Quality of Life instrument (WHOQOL) framework; however, psychometric evidence in Latin American university students remains limited. This study evaluated the structural validity, reliability, and measurement invariance of the EUROHIS-QOL in Colombian university students through the comparison of alternative factorial models. A cross-sectional methodological study was conducted among undergraduate students from a private university in Cali, Colombia (N = 614). Confirmatory factor analysis using the weighted least squares mean and variance adjusted estimator (WLSMV) evaluated three competing structures: unidimensional, correlated two-factor, and bifactor models, followed by a theoretically justified model re-specification. Model fit was assessed using the Comparative Fit Index (CFI), Tucker-Lewis Index (TLI), Root Mean Square Error of Approximation (RMSEA), and Standardized Root Mean Square Residual (SRMR). Reliability was examined using ordinal alpha (α), McDonald's omega (ω), composite reliability (CR), and average variance extracted (AVE). Measurement invariance across gender, comorbidity status, and employment status was assessed using multigroup CFA. The original unidimensional and correlated two-factor models demonstrated inadequate fit, whereas the bifactor model failed to converge. A theoretically re-specified unidimensional model including residual covariance between overall quality of life and satisfaction with health demonstrated excellent fit (χ 2 = 44.15, df = 19, CFI = 0.983, TLI = 0.975, RMSEA = 0.046, SRMR = 0.022). Reliability indices were high (α = 0.907, ω = 0.901, CR = 0.908), and convergent validity was supported (AVE = 0.606). Full measurement invariance was supported across evaluated groups. The EUROHIS-QOL demonstrated satisfactory psychometric performance in Colombian university students, supporting its use as a brief and reliable measure of quality of life in higher education settings. Findings support an essentially unidimensional representation following theoretically justified model refinement and indicate comparable measurement across relevant sociodemographic groups.",20,PMID-42528936,PubMed,title_abstract,PENDING_HUMAN_REVIEW,Machine-ranked candidate; no inclusion decision,,,Transparent relevance score: 20
NR-PUBMED-01,42207414,10.1007/s10654-026-01404-3,Statistical methods for retrospective harmonization of longitudinal epidemiological data: a scoping review.,"Data harmonization is a prerequisite for joint cohort analyses. In this review, we aim to identify and contrast statistical methods for retrospective harmonization of longitudinal data. We performed a scoping review following the Preferred Reporting Items for Systematic Reviews and Meta-Analyses extension for Scoping Reviews guidelines. Studies were included if they described statistical methods for retrospectively harmonizing longitudinal data at the participant level. From 35 included papers out of 1,234 hits, we identified three types of statistical methods applicable to tabular data commonly collected in longitudinal epidemiological studies (e.g., questionnaires): (1) distribution-based methods, (2) the proportion score model, and (3) latent variable models. Our results suggest that the suitability of a statistical harmonization method mainly depends on the measurement scales of the original variables as well as on the type of target variable (directly measurable vs. latent). The chosen harmonization method influences how missing subsets of variables are addressed. None of the included studies applied more automated approaches such as machine learning-based procedures for deriving a harmonized dataset. Based on our findings, we present a roadmap that can guide researchers in selecting the most appropriate statistical method for a specific harmonization task and in handling variables collected only in a subset of studies. Data harmonization is still a demanding task that requires the development and application of novel tools for automating the procedures.",Zhang J; Behrendt J; Schultz T; Aleksandrova K; Iqbal K; Pigeot I; Börnhorst C,European journal of epidemiology,2026,Journal Article; Review,https://pubmed.ncbi.nlm.nih.gov/42207414/,2026-08-20,10.1007/s10654-026-01404-3,"Statistical methods for retrospective harmonization of longitudinal epidemiological data: a scoping review. Data harmonization is a prerequisite for joint cohort analyses. In this review, we aim to identify and contrast statistical methods for retrospective harmonization of longitudinal data. We performed a scoping review following the Preferred Reporting Items for Systematic Reviews and Meta-Analyses extension for Scoping Reviews guidelines. Studies were included if they described statistical methods for retrospectively harmonizing longitudinal data at the participant level. From 35 included papers out of 1,234 hits, we identified three types of statistical methods applicable to tabular data commonly collected in longitudinal epidemiological studies (e.g., questionnaires): (1) distribution-based methods, (2) the proportion score model, and (3) latent variable models. Our results suggest that the suitability of a statistical harmonization method mainly depends on the measurement scales of the original variables as well as on the type of target variable (directly measurable vs. latent). The chosen harmonization method influences how missing subsets of variables are addressed. None of the included studies applied more automated approaches such as machine learning-based procedures for deriving a harmonized dataset. Based on our findings, we present a roadmap that can guide researchers in selecting the most appropriate statistical method for a specific harmonization task and in handling variables collected only in a subset of studies. Data harmonization is still a demanding task that requires the development and application of novel tools for automating the procedures.",20,PMID-42207414,PubMed,title_abstract,PENDING_HUMAN_REVIEW,Machine-ranked candidate; no inclusion decision,,,Transparent relevance score: 20
NR-PUBMED-01,27272186,10.1093/ije/dyw075,Maelstrom Research guidelines for rigorous retrospective data harmonization.,"It is widely accepted and acknowledged that data harmonization is crucial: in its absence, the co-analysis of major tranches of high quality extant data is liable to inefficiency or error. However, despite its widespread practice, no formalized/systematic guidelines exist to ensure high quality retrospective data harmonization. To better understand real-world harmonization practices and facilitate development of formal guidelines, three interrelated initiatives were undertaken between 2006 and 2015. They included a phone survey with 34 major international research initiatives, a series of workshops with experts, and case studies applying the proposed guidelines. A wide range of projects use retrospective harmonization to support their research activities but even when appropriate approaches are used, the terminologies, procedures, technologies and methods adopted vary markedly. The generic guidelines outlined in this article delineate the essentials required and describe an interdependent step-by-step approach to harmonization: 0) define the research question, objectives and protocol; 1) assemble pre-existing knowledge and select studies; 2) define targeted variables and evaluate harmonization potential; 3) process data; 4) estimate quality of the harmonized dataset(s) generated; and 5) disseminate and preserve final harmonization products. This manuscript provides guidelines aiming to encourage rigorous and effective approaches to harmonization which are comprehensively and transparently documented and straightforward to interpret and implement. This can be seen as a key step towards implementing guiding principles analogous to those that are well recognised as being essential in securing the foundational underpinning of systematic reviews and the meta-analysis of clinical trials.",Fortier I; Raina P; Van den Heuvel ER; Griffith LE; Craig C; Saliba M; Doiron D; Stolk RP; Knoppers BM; Ferretti V; Granda P; Burton P,International journal of epidemiology,2017,"Journal Article; Research Support, Non-U.S. Gov't",https://pubmed.ncbi.nlm.nih.gov/27272186/,2026-08-20,10.1093/ije/dyw075,"Maelstrom Research guidelines for rigorous retrospective data harmonization. It is widely accepted and acknowledged that data harmonization is crucial: in its absence, the co-analysis of major tranches of high quality extant data is liable to inefficiency or error. However, despite its widespread practice, no formalized/systematic guidelines exist to ensure high quality retrospective data harmonization. To better understand real-world harmonization practices and facilitate development of formal guidelines, three interrelated initiatives were undertaken between 2006 and 2015. They included a phone survey with 34 major international research initiatives, a series of workshops with experts, and case studies applying the proposed guidelines. A wide range of projects use retrospective harmonization to support their research activities but even when appropriate approaches are used, the terminologies, procedures, technologies and methods adopted vary markedly. The generic guidelines outlined in this article delineate the essentials required and describe an interdependent step-by-step approach to harmonization: 0) define the research question, objectives and protocol; 1) assemble pre-existing knowledge and select studies; 2) define targeted variables and evaluate harmonization potential; 3) process data; 4) estimate quality of the harmonized dataset(s) generated; and 5) disseminate and preserve final harmonization products. This manuscript provides guidelines aiming to encourage rigorous and effective approaches to harmonization which are comprehensively and transparently documented and straightforward to interpret and implement. This can be seen as a key step towards implementing guiding principles analogous to those that are well recognised as being essential in securing the foundational underpinning of systematic reviews and the meta-analysis of clinical trials.",20,PMID-27272186,PubMed,title_abstract,PENDING_HUMAN_REVIEW,Machine-ranked candidate; no inclusion decision,,,Transparent relevance score: 20
NR-PUBMED-01;NR-PUBMED-02,24257327,10.1186/1742-7622-10-12,Data harmonization and federated analysis of population-based studies: the BioSHaRE project.,"Individual-level data pooling of large population-based studies across research centres in international research projects faces many hurdles. The BioSHaRE (Biobank Standardisation and Harmonisation for Research Excellence in the European Union) project aims to address these issues by building a collaborative group of investigators and developing tools for data harmonization, database integration and federated data analyses. Eight population-based studies in six European countries were recruited to participate in the BioSHaRE project. Through workshops, teleconferences and electronic communications, participating investigators identified a set of 96 variables targeted for harmonization to answer research questions of interest. Using each study's questionnaires, standard operating procedures, and data dictionaries, harmonization potential was assessed. Whenever harmonization was deemed possible, processing algorithms were developed and implemented in an open-source software infrastructure to transform study-specific data into the target (i.e. harmonized) format. Harmonized datasets located on server in each research centres across Europe were interconnected through a federated database system to perform statistical analysis. Retrospective harmonization led to the generation of common format variables for 73% of matches considered (96 targeted variables across 8 studies). Authenticated investigators can now perform complex statistical analyses of harmonized datasets stored on distributed servers without actually sharing individual-level data using the DataSHIELD method. New Internet-based networking technologies and database management systems are providing the means to support collaborative, multi-center research in an efficient and secure manner. The results from this pilot project show that, given a strong collaborative relationship between participating studies, it is possible to seamlessly co-analyse internationally harmonized research databases while allowing each study to retain full control over individual-level data. We encourage additional collaborative research networks in epidemiology, public health, and the social sciences to make use of the open source tools presented herein.",Doiron D; Burton P; Marcon Y; Gaye A; Wolffenbuttel BHR; Perola M; Stolk RP; Foco L; Minelli C; Waldenberger M; Holle R; Kvaløy K; Hillege HL; Tassé AM; Ferretti V; Fortier I,Emerging themes in epidemiology,2013,Journal Article,https://pubmed.ncbi.nlm.nih.gov/24257327/,2026-08-20,10.1186/1742-7622-10-12,"Data harmonization and federated analysis of population-based studies: the BioSHaRE project. Individual-level data pooling of large population-based studies across research centres in international research projects faces many hurdles. The BioSHaRE (Biobank Standardisation and Harmonisation for Research Excellence in the European Union) project aims to address these issues by building a collaborative group of investigators and developing tools for data harmonization, database integration and federated data analyses. Eight population-based studies in six European countries were recruited to participate in the BioSHaRE project. Through workshops, teleconferences and electronic communications, participating investigators identified a set of 96 variables targeted for harmonization to answer research questions of interest. Using each study's questionnaires, standard operating procedures, and data dictionaries, harmonization potential was assessed. Whenever harmonization was deemed possible, processing algorithms were developed and implemented in an open-source software infrastructure to transform study-specific data into the target (i.e. harmonized) format. Harmonized datasets located on server in each research centres across Europe were interconnected through a federated database system to perform statistical analysis. Retrospective harmonization led to the generation of common format variables for 73% of matches considered (96 targeted variables across 8 studies). Authenticated investigators can now perform complex statistical analyses of harmonized datasets stored on distributed servers without actually sharing individual-level data using the DataSHIELD method. New Internet-based networking technologies and database management systems are providing the means to support collaborative, multi-center research in an efficient and secure manner. The results from this pilot project show that, given a strong collaborative relationship between participating studies, it is possible to seamlessly co-analyse internationally harmonized research databases while allowing each study to retain full control over individual-level data. We encourage additional collaborative research networks in epidemiology, public health, and the social sciences to make use of the open source tools presented herein.",20,PMID-24257327,PubMed,title_abstract,PENDING_HUMAN_REVIEW,Machine-ranked candidate; no inclusion decision,,,Transparent relevance score: 20
NR-PUBMED-01,35957574,10.1017/S2040174422000460,Life course of retrospective harmonization initiatives: key elements to consider.,"Optimizing research on the developmental origins of health and disease (DOHaD) involves implementing initiatives maximizing the use of the available cohort study data; achieving sufficient statistical power to support subgroup analysis; and using participant data presenting adequate follow-up and exposure heterogeneity. It also involves being able to undertake comparison, cross-validation, or replication across data sets. To answer these requirements, cohort study data need to be findable, accessible, interoperable, and reusable (FAIR), and more particularly, it often needs to be harmonized. Harmonization is required to achieve or improve comparability of the putatively equivalent measures collected by different studies on different individuals. Although the characteristics of the research initiatives generating and using harmonized data vary extensively, all are confronted by similar issues. Having to collate, understand, process, host, and co-analyze data from individual cohort studies is particularly challenging. The scientific success and timely management of projects can be facilitated by an ensemble of factors. The current document provides an overview of the 'life course' of research projects requiring harmonization of existing data and highlights key elements to be considered from the inception to the end of the project.",Fortier I; Wey TW; Bergeron J; Pinot de Moira A; Nybo-Andersen AM; Bishop T; Murtagh MJ; Miočević M; Swertz MA; van Enckevort E; Marcon Y; Mayrhofer MT; Ornelas JP; Sebert S; Santos AC; Rocha A; Wilson RC; Griffith LE; Burton P,Journal of developmental origins of health and disease,2023,"Journal Article; Review; Research Support, Non-U.S. Gov't",https://pubmed.ncbi.nlm.nih.gov/35957574/,2026-08-20,10.1017/s2040174422000460,"Life course of retrospective harmonization initiatives: key elements to consider. Optimizing research on the developmental origins of health and disease (DOHaD) involves implementing initiatives maximizing the use of the available cohort study data; achieving sufficient statistical power to support subgroup analysis; and using participant data presenting adequate follow-up and exposure heterogeneity. It also involves being able to undertake comparison, cross-validation, or replication across data sets. To answer these requirements, cohort study data need to be findable, accessible, interoperable, and reusable (FAIR), and more particularly, it often needs to be harmonized. Harmonization is required to achieve or improve comparability of the putatively equivalent measures collected by different studies on different individuals. Although the characteristics of the research initiatives generating and using harmonized data vary extensively, all are confronted by similar issues. Having to collate, understand, process, host, and co-analyze data from individual cohort studies is particularly challenging. The scientific success and timely management of projects can be facilitated by an ensemble of factors. The current document provides an overview of the 'life course' of research projects requiring harmonization of existing data and highlights key elements to be considered from the inception to the end of the project.",18,PMID-35957574,PubMed,title_abstract,PENDING_HUMAN_REVIEW,Machine-ranked candidate; no inclusion decision,,,Transparent relevance score: 18
NR-PUBMED-02,35618987,10.3758/s13428-022-01867-8,The effects of survey mode on self-reported psychological functioning: Measurement invariance and latent mean comparison across face-to-face and web modes.,"Despite the increasing popularity of mixed-mode approaches to data collection, studies examining measurement equivalence across different survey modes in representative samples of the general population, particularly focusing on measures of socially sensitive psychological constructs, are sparse. In this study, we used data from a large representative sample of the Slovenian population (N = 9,900) collected as part of the third wave of the European Health Interview Survey (EHIS) to examine mode-inherent effects (i.e., measurement effects that cannot be neutralized by clever survey design) of the traditional interviewer-mediated face-to-face mode and the increasingly popular self-administered web mode on three measures of psychological functioning, namely the Patient Health Questionnaire Depression Scale (PHQ-8), the Satisfaction with Life Scale (SWLS), and the Mental Health Continuum - Short Form (MHC-SF). After controlling for self-selection propensities, our results showed strict measurement invariance for all three scales across the two survey modes, but statistically significant and notable differences in latent means, suggesting that individuals who respond face-to-face systematically report better psychological functioning than individuals who respond over the web. These results suggest significant mode inherent effects that cannot be attributed to measurement non-invariance of the scales between face-to-face and web survey modes, but most likely to social desirability bias in responses achieved in the presence of an interviewer. Administration mode effects must be considered when interpreting and comparing results obtained through different survey modes, particularly interviewer-mediated versus self-administered modes, especially when using measures of culturally desirable traits and behaviors, such as mental health and well-being.",Zager Kocjan G; Lavtar D; Sočan G,Behavior research methods,2023,"Journal Article; Research Support, Non-U.S. Gov't",https://pubmed.ncbi.nlm.nih.gov/35618987/,2026-08-20,10.3758/s13428-022-01867-8,"The effects of survey mode on self-reported psychological functioning: Measurement invariance and latent mean comparison across face-to-face and web modes. Despite the increasing popularity of mixed-mode approaches to data collection, studies examining measurement equivalence across different survey modes in representative samples of the general population, particularly focusing on measures of socially sensitive psychological constructs, are sparse. In this study, we used data from a large representative sample of the Slovenian population (N = 9,900) collected as part of the third wave of the European Health Interview Survey (EHIS) to examine mode-inherent effects (i.e., measurement effects that cannot be neutralized by clever survey design) of the traditional interviewer-mediated face-to-face mode and the increasingly popular self-administered web mode on three measures of psychological functioning, namely the Patient Health Questionnaire Depression Scale (PHQ-8), the Satisfaction with Life Scale (SWLS), and the Mental Health Continuum - Short Form (MHC-SF). After controlling for self-selection propensities, our results showed strict measurement invariance for all three scales across the two survey modes, but statistically significant and notable differences in latent means, suggesting that individuals who respond face-to-face systematically report better psychological functioning than individuals who respond over the web. These results suggest significant mode inherent effects that cannot be attributed to measurement non-invariance of the scales between face-to-face and web survey modes, but most likely to social desirability bias in responses achieved in the presence of an interviewer. Administration mode effects must be considered when interpreting and comparing results obtained through different survey modes, particularly interviewer-mediated versus self-administered modes, especially when using measures of culturally desirable traits and behaviors, such as mental health and well-being.",18,PMID-35618987,PubMed,title_abstract,PENDING_HUMAN_REVIEW,Machine-ranked candidate; no inclusion decision,,,Transparent relevance score: 18
NR-PUBMED-01,35252528,10.1016/j.smhl.2021.100263,A review of harmonization methods for studying dietary patterns.,"Data harmonization is the process by which each of the variables from different research studies are standardized to similar units resulting in comparable datasets. These data may be integrated for more powerful and accurate examination and prediction of outcomes for use in the intelligent and smart electronic health software programs and systems. Prospective harmonization is performed when researchers create guidelines for gathering and managing the data before data collection begins. In contrast, retrospective harmonization is performed by pooling previously collected data from various studies using expert domain knowledge to identify and translate variables. In nutritional epidemiology, dietary data harmonization is often necessary to construct the nutrient and food databases necessary to answer complex research questions and develop effective public health policy. In this paper, we review methods for effective data harmonization, including developing a harmonization plan, which common standards already exist for harmonization, and defining variables needed to harmonize datasets. Currently, several large-scale studies maintain harmonized nutrient databases, especially in Europe, and steps have been proposed to inform the retrospective harmonization process. As an example, data harmonization methods are applied to several U.S longitudinal diet datasets. Based on our review, considerations for future dietary data harmonization include user agreements for sharing private data among participating studies, defining variables and data dictionaries that accurately map variables among studies, and the use of secure data storage servers to maintain privacy. These considerations establish necessary components of harmonized data for smart health applications which can promote healthier eating and provide greater insights into the effect of dietary patterns on health.",Gurugubelli VS; Fang H; Shikany JM; Balkus SV; Rumbut J; Ngo H; Wang H; Allison JJ; Steffen LM,"Smart health (Amsterdam, Netherlands)",2022,Journal Article,https://pubmed.ncbi.nlm.nih.gov/35252528/,2026-08-20,10.1016/j.smhl.2021.100263,"A review of harmonization methods for studying dietary patterns. Data harmonization is the process by which each of the variables from different research studies are standardized to similar units resulting in comparable datasets. These data may be integrated for more powerful and accurate examination and prediction of outcomes for use in the intelligent and smart electronic health software programs and systems. Prospective harmonization is performed when researchers create guidelines for gathering and managing the data before data collection begins. In contrast, retrospective harmonization is performed by pooling previously collected data from various studies using expert domain knowledge to identify and translate variables. In nutritional epidemiology, dietary data harmonization is often necessary to construct the nutrient and food databases necessary to answer complex research questions and develop effective public health policy. In this paper, we review methods for effective data harmonization, including developing a harmonization plan, which common standards already exist for harmonization, and defining variables needed to harmonize datasets. Currently, several large-scale studies maintain harmonized nutrient databases, especially in Europe, and steps have been proposed to inform the retrospective harmonization process. As an example, data harmonization methods are applied to several U.S longitudinal diet datasets. Based on our review, considerations for future dietary data harmonization include user agreements for sharing private data among participating studies, defining variables and data dictionaries that accurately map variables among studies, and the use of secure data storage servers to maintain privacy. These considerations establish necessary components of harmonized data for smart health applications which can promote healthier eating and provide greater insights into the effect of dietary patterns on health.",18,PMID-35252528,PubMed,title_abstract,PENDING_HUMAN_REVIEW,Machine-ranked candidate; no inclusion decision,,,Transparent relevance score: 18
NR-PUBMED-01,33184054,10.1136/jech-2020-214259,Overview of retrospective data harmonisation in the MINDMAP project: process and results.,"The MINDMAP project implemented a multinational data infrastructure to investigate the direct and interactive effects of urban environments and individual determinants of mental well-being and cognitive function in ageing populations. Using a rigorous process involving multiple teams of experts, longitudinal data from six cohort studies were harmonised to serve MINDMAP objectives. This article documents the retrospective data harmonisation process achieved based on the Maelstrom Research approach and provides a descriptive analysis of the harmonised data generated. A list of core variables (the DataSchema) to be generated across cohorts was first defined, and the potential for cohort-specific data sets to generate the DataSchema variables was assessed. Where relevant, algorithms were developed to process cohort-specific data into DataSchema format, and information to be provided to data users was documented. Procedures and harmonisation decisions were thoroughly documented. The MINDMAP DataSchema (v2.0, April 2020) comprised a total of 2841 variables (993 on individual determinants and outcomes, 1848 on environmental exposures) distributed across up to seven data collection events. The harmonised data set included 220 621 participants from six cohorts (10 subpopulations). Harmonisation potential, participant distributions and missing values varied across data sets and variable domains. The MINDMAP project implemented a collaborative and transparent process to generate a rich integrated data set for research in ageing, mental well-being and the urban environment. The harmonised data set supports a range of research activities and will continue to be updated to serve ongoing and future MINDMAP research needs.",Wey TW; Doiron D; Wissa R; Fabre G; Motoc I; Noordzij JM; Ruiz M; Timmermans E; van Lenthe FJ; Bobak M; Chaix B; Krokstad S; Raina P; Sund ER; Beenackers MA; Fortier I,Journal of epidemiology and community health,2021,"Journal Article; Research Support, Non-U.S. Gov't; Review",https://pubmed.ncbi.nlm.nih.gov/33184054/,2026-08-20,10.1136/jech-2020-214259,"Overview of retrospective data harmonisation in the MINDMAP project: process and results. The MINDMAP project implemented a multinational data infrastructure to investigate the direct and interactive effects of urban environments and individual determinants of mental well-being and cognitive function in ageing populations. Using a rigorous process involving multiple teams of experts, longitudinal data from six cohort studies were harmonised to serve MINDMAP objectives. This article documents the retrospective data harmonisation process achieved based on the Maelstrom Research approach and provides a descriptive analysis of the harmonised data generated. A list of core variables (the DataSchema) to be generated across cohorts was first defined, and the potential for cohort-specific data sets to generate the DataSchema variables was assessed. Where relevant, algorithms were developed to process cohort-specific data into DataSchema format, and information to be provided to data users was documented. Procedures and harmonisation decisions were thoroughly documented. The MINDMAP DataSchema (v2.0, April 2020) comprised a total of 2841 variables (993 on individual determinants and outcomes, 1848 on environmental exposures) distributed across up to seven data collection events. The harmonised data set included 220 621 participants from six cohorts (10 subpopulations). Harmonisation potential, participant distributions and missing values varied across data sets and variable domains. The MINDMAP project implemented a collaborative and transparent process to generate a rich integrated data set for research in ageing, mental well-being and the urban environment. The harmonised data set supports a range of research activities and will continue to be updated to serve ongoing and future MINDMAP research needs.",18,PMID-33184054,PubMed,title_abstract,PENDING_HUMAN_REVIEW,Machine-ranked candidate; no inclusion decision,,,Transparent relevance score: 18
NR-PUBMED-02,37378690,10.1007/s10198-023-01610-w,Psychometric properties and general population reference values for PROMIS Global Health in Hungary.,"Patient-Reported Outcomes Measurement Information System-Global Health (PROMIS-GH) is a widely used generic measure of health status. This study aimed to (1) assess the psychometric properties of the Hungarian PROMIS-GH and to (2) develop general population reference values in Hungary. An online cross-sectional survey was conducted among the Hungarian adult general population (n = 1700). Respondents completed the PROMIS-GH v1.2. Unidimensionality (confirmatory factor analysis and bifactor model), local independence, monotonicity (Mokken scaling), graded response model fit, item characteristic curves and measurement invariance were examined. Spearman's correlations were used to analyse convergent validity of PROMIS-GH subscales with SF-36v1 composites and subscales. Age- and gender-weighted T-scores were computed for the Global Physical Health (GPH) and Global Mental Health (GMH) subscales using the US item calibrations. The item response theory assumptions of unidimensionality, local independence and monotonicity were met for both subscales. The graded response model showed acceptable fit indices for both subscales. No differential item functioning was detected for any sociodemographic characteristics. GMH T-scores showed a strong correlation with SF-36 mental health composite score (rs = 0.71) and GPH T-scores with SF-36 physical health composite score (rs = 0.83). Mean GPH and GMH T-scores of females were lower (47.8 and 46.4) compared to males (50.5 and 49.3) (p < 0.001), and both mean GPH and GMH T-scores decreased with age, suggesting worse health status (p < 0.05). This study established the validity and developed general population reference values for the PROMIS-GH in Hungary. Population reference values facilitate the interpretation of patients' scores and allow inter-country comparisons.",Bató A; Brodszky V; Mitev AZ; Jenei B; Rencz F,The European journal of health economics : HEPAC : health economics in prevention and care,2024,Journal Article,https://pubmed.ncbi.nlm.nih.gov/37378690/,2026-08-20,10.1007/s10198-023-01610-w,"Psychometric properties and general population reference values for PROMIS Global Health in Hungary. Patient-Reported Outcomes Measurement Information System-Global Health (PROMIS-GH) is a widely used generic measure of health status. This study aimed to (1) assess the psychometric properties of the Hungarian PROMIS-GH and to (2) develop general population reference values in Hungary. An online cross-sectional survey was conducted among the Hungarian adult general population (n = 1700). Respondents completed the PROMIS-GH v1.2. Unidimensionality (confirmatory factor analysis and bifactor model), local independence, monotonicity (Mokken scaling), graded response model fit, item characteristic curves and measurement invariance were examined. Spearman's correlations were used to analyse convergent validity of PROMIS-GH subscales with SF-36v1 composites and subscales. Age- and gender-weighted T-scores were computed for the Global Physical Health (GPH) and Global Mental Health (GMH) subscales using the US item calibrations. The item response theory assumptions of unidimensionality, local independence and monotonicity were met for both subscales. The graded response model showed acceptable fit indices for both subscales. No differential item functioning was detected for any sociodemographic characteristics. GMH T-scores showed a strong correlation with SF-36 mental health composite score (rs = 0.71) and GPH T-scores with SF-36 physical health composite score (rs = 0.83). Mean GPH and GMH T-scores of females were lower (47.8 and 46.4) compared to males (50.5 and 49.3) (p < 0.001), and both mean GPH and GMH T-scores decreased with age, suggesting worse health status (p < 0.05). This study established the validity and developed general population reference values for the PROMIS-GH in Hungary. Population reference values facilitate the interpretation of patients' scores and allow inter-country comparisons.",17,PMID-37378690,PubMed,title_abstract,PENDING_HUMAN_REVIEW,Machine-ranked candidate; no inclusion decision,,,Transparent relevance score: 17
NR-PUBMED-02,30382716,10.1037/pas0000665,Measurement equivalence of PROMIS depression in Spain and the United States.,"In this study, we assessed the psychometric properties of the Spanish Patient-Reported Outcomes Measurement Information System (PROMIS) Depression in an adult population-representative sample from Spain (n = 1,503). We tested unidimensionality and local independence item response theory (IRT) assumptions with confirmatory factor and bifactor models under the exploratory structural equations modeling framework. We evaluated item monotonicity assumption with Mokken scaling analysis. We calibrated the items with an IRT-graded response model and assessed score reliability and test information, and evidence of validity with regard to scores on external measures. To examine differential item functioning by age, sex, education, and country (United States vs. Spain, N = 2,271), we used ordinal logistic regression. Results support compliance with IRT assumptions. We found few signs of differential item functioning: Only one item showed country differential functioning between the United States (n = 768) and Spain, with minimal impact on the overall score. Information values were equivalent to reliabilities over 0.90 from -1 (low depression) to +4 SD (high depression) around the population score mean. Evidence of validity in relation to concurrent measures was supported by the expected correlation pattern with external variables of depression, but higher than expected correlations with anxiety were found. Results indicate that the Spanish version of PROMIS Depression is adequate for assessing and monitoring depression levels in the general population and that PROMIS Depression is especially suitable for cross-national comparisons. (PsycINFO Database Record (c) 2019 APA, all rights reserved).",Vilagut G; Forero CG; Castro-Rodriguez JI; Olariu E; Barbaglia G; Astals M; Diez-Aja C; Gárriz M; Abellanas A; López-Santín JM; Sanchez-Gil C; Alonso J,Psychological assessment,2019,Journal Article; Observational Study,https://pubmed.ncbi.nlm.nih.gov/30382716/,2026-08-20,10.1037/pas0000665,"Measurement equivalence of PROMIS depression in Spain and the United States. In this study, we assessed the psychometric properties of the Spanish Patient-Reported Outcomes Measurement Information System (PROMIS) Depression in an adult population-representative sample from Spain (n = 1,503). We tested unidimensionality and local independence item response theory (IRT) assumptions with confirmatory factor and bifactor models under the exploratory structural equations modeling framework. We evaluated item monotonicity assumption with Mokken scaling analysis. We calibrated the items with an IRT-graded response model and assessed score reliability and test information, and evidence of validity with regard to scores on external measures. To examine differential item functioning by age, sex, education, and country (United States vs. Spain, N = 2,271), we used ordinal logistic regression. Results support compliance with IRT assumptions. We found few signs of differential item functioning: Only one item showed country differential functioning between the United States (n = 768) and Spain, with minimal impact on the overall score. Information values were equivalent to reliabilities over 0.90 from -1 (low depression) to +4 SD (high depression) around the population score mean. Evidence of validity in relation to concurrent measures was supported by the expected correlation pattern with external variables of depression, but higher than expected correlations with anxiety were found. Results indicate that the Spanish version of PROMIS Depression is adequate for assessing and monitoring depression levels in the general population and that PROMIS Depression is especially suitable for cross-national comparisons. (PsycINFO Database Record (c) 2019 APA, all rights reserved).",17,PMID-30382716,PubMed,title_abstract,PENDING_HUMAN_REVIEW,Machine-ranked candidate; no inclusion decision,,,Transparent relevance score: 17
NR-PUBMED-01,26524232,10.1080/0361073X.2015.1085748,Data Harmonization in Aging Research: Not so Fast.,"Harmonizing measures in order to conduct pooled data analyses has become a scientific priority in aging research. Retrospective harmonization where different studies lack common measures of comparable constructs presents a major challenge. This study compared different approaches to harmonization with a crosswalk sample who completed multiple versions of the measures to be harmonized. Through online recruitment, 1061 participants aged 30 to 98 answered two different depression scales, and 1065 participants answered multiple measures of subjective health. Rational and configural methods of harmonization were applied, using the crosswalk sample to determine their success; and empirical item response theory (IRT) methods were applied in order empirically to compare items from different measures as answered by the same person. For depression, IRT worked well to provide a conversion table between different measures. The rational method of extracting semantically matched items from each of the two scales proved an acceptable alternative to IRT. For subjective health, only configural harmonization was supported. The subjective health items used in most studies form a single robust factor. Caution is required in aging research when pooling data across studies using different measures of the same construct. Of special concern are response scales that vary widely in the number of response options, especially if the anchors are asymmetrical. A crosswalk sample that has completed items from each of the measures being harmonized allows the investigator to use empirical approaches to identify flawed assumptions in rational or configural approaches to harmonizing.",Gatz M; Reynolds CA; Finkel D; Hahn CJ; Zhou Y; Zavala C,Experimental aging research,2015,"Journal Article; Research Support, N.I.H., Extramural",https://pubmed.ncbi.nlm.nih.gov/26524232/,2026-08-20,10.1080/0361073x.2015.1085748,"Data Harmonization in Aging Research: Not so Fast. Harmonizing measures in order to conduct pooled data analyses has become a scientific priority in aging research. Retrospective harmonization where different studies lack common measures of comparable constructs presents a major challenge. This study compared different approaches to harmonization with a crosswalk sample who completed multiple versions of the measures to be harmonized. Through online recruitment, 1061 participants aged 30 to 98 answered two different depression scales, and 1065 participants answered multiple measures of subjective health. Rational and configural methods of harmonization were applied, using the crosswalk sample to determine their success; and empirical item response theory (IRT) methods were applied in order empirically to compare items from different measures as answered by the same person. For depression, IRT worked well to provide a conversion table between different measures. The rational method of extracting semantically matched items from each of the two scales proved an acceptable alternative to IRT. For subjective health, only configural harmonization was supported. The subjective health items used in most studies form a single robust factor. Caution is required in aging research when pooling data across studies using different measures of the same construct. Of special concern are response scales that vary widely in the number of response options, especially if the anchors are asymmetrical. A crosswalk sample that has completed items from each of the measures being harmonized allows the investigator to use empirical approaches to identify flawed assumptions in rational or configural approaches to harmonizing.",17,PMID-26524232,PubMed,title_abstract,PENDING_HUMAN_REVIEW,Machine-ranked candidate; no inclusion decision,,,Transparent relevance score: 17
NR-PUBMED-03,42514344,10.3390/nu18142275,"A Systems Perspective on Lifestyle Behaviors, Excess Weight, and Healthy Longevity in the European Union.","Background/Objectives: Healthy eating and regular physical activity support chronic disease prevention and healthy aging, while smoking, sugar-sweetened soft drink consumption, and excess weight remain important public health concerns in Europe. Nutritional status and lifestyle behaviors are also relevant to the progression and management of obesity-related metabolic and degenerative diseases, which justify a broader, systems-oriented analysis of lifestyle-health profiles. This study examines the associations between lifestyle behaviors, excess weight, and population health outcomes across European Union Member States and explores whether Member States exhibit distinct lifestyle-health profiles. Methods: The analysis uses cross-sectional data from the European Health Interview Survey for the 27 European Union Member States, along with related Eurostat indicators. Healthy dietary behavior is measured through daily fruit and vegetable consumption. The study also includes health-enhancing physical activity, daily smoking, sugar-sweetened soft drink consumption, overweight and obesity prevalence, life expectancy, and healthy life years. Pearson and Spearman correlations, reduced linear regression models, hierarchical clustering, K-means clustering, and cluster-based comparisons are used. Results: Healthy dietary behavior was positively associated with life expectancy (r = 0.459, p = 0.016), as was health-enhancing physical activity (r = 0.435, p = 0.023), while overweight prevalence was negatively associated with life expectancy (r = -0.505, p = 0.007). The reduced regression model, including healthy dietary behavior, physical activity, and overweight prevalence, explained 47.4% of the variance in life expectancy. Cluster analysis identified three distinct lifestyle-health profiles: a healthy-diet, low-excess-weight and high-longevity profile; a lower-diet-quality, higher-smoking and lower-health-outcome profile; and a mixed profile characterized by low smoking, higher excess weight, and relatively favorable health outcomes. Conclusions: The study supports a systems-oriented view of lifestyle and population health in Europe. Its findings may inform more targeted nutrition, obesity prevention, and public health policies across EU countries.",Vărzaru AA,Nutrients,2026,Journal Article,https://pubmed.ncbi.nlm.nih.gov/42514344/,2026-08-20,10.3390/nu18142275,"A Systems Perspective on Lifestyle Behaviors, Excess Weight, and Healthy Longevity in the European Union. Background/Objectives: Healthy eating and regular physical activity support chronic disease prevention and healthy aging, while smoking, sugar-sweetened soft drink consumption, and excess weight remain important public health concerns in Europe. Nutritional status and lifestyle behaviors are also relevant to the progression and management of obesity-related metabolic and degenerative diseases, which justify a broader, systems-oriented analysis of lifestyle-health profiles. This study examines the associations between lifestyle behaviors, excess weight, and population health outcomes across European Union Member States and explores whether Member States exhibit distinct lifestyle-health profiles. Methods: The analysis uses cross-sectional data from the European Health Interview Survey for the 27 European Union Member States, along with related Eurostat indicators. Healthy dietary behavior is measured through daily fruit and vegetable consumption. The study also includes health-enhancing physical activity, daily smoking, sugar-sweetened soft drink consumption, overweight and obesity prevalence, life expectancy, and healthy life years. Pearson and Spearman correlations, reduced linear regression models, hierarchical clustering, K-means clustering, and cluster-based comparisons are used. Results: Healthy dietary behavior was positively associated with life expectancy (r = 0.459, p = 0.016), as was health-enhancing physical activity (r = 0.435, p = 0.023), while overweight prevalence was negatively associated with life expectancy (r = -0.505, p = 0.007). The reduced regression model, including healthy dietary behavior, physical activity, and overweight prevalence, explained 47.4% of the variance in life expectancy. Cluster analysis identified three distinct lifestyle-health profiles: a healthy-diet, low-excess-weight and high-longevity profile; a lower-diet-quality, higher-smoking and lower-health-outcome profile; and a mixed profile characterized by low smoking, higher excess weight, and relatively favorable health outcomes. Conclusions: The study supports a systems-oriented view of lifestyle and population health in Europe. Its findings may inform more targeted nutrition, obesity prevention, and public health policies across EU countries.",16,PMID-42514344,PubMed,title_abstract,PENDING_HUMAN_REVIEW,Machine-ranked candidate; no inclusion decision,,,Transparent relevance score: 16
NR-PUBMED-01,40791144,10.1080/20008066.2025.2517920,"Co-RESPOND: a federated network of cohorts on mental health and adversity during the COVID-19 pandemic. Challenges, solutions and recommendations for retrospective data harmonization.","Background: The SARS-Cov-2 pandemic was associated with a substantial rise in trauma and stressor exposure. The Co-RESPOND consortium (part of the EU horizon 2020-funded RESPOND project) has been initiated to study the impact on mental health, using longitudinal data of separate international cohorts.Aims: The Co-RESPOND initiative aims to retrospectively harmonize mental health and resilience data of ongoing longitudinal cohort studies at the individual participant level; to create an interoperable network of cohorts within a secure environment; to manage these data along with harmonization products (e.g. transformation procedures and variable dictionaries) according to the FAIR principles; and to keep this network live in order to add new data waves or to be joined by new cohorts.Methods: Data were harmonized retrospectively according to the Maelstrom guidance. A federated data network (FDN) was created using the OBiBa software suite.Results: To date, Co-RESPOND consists of nine European cohorts and one global cohort, including 50,885 individual participants. This paper presents Co-RESPOND as a case study for retrospective harmonization of decentralized data where teams collected and transformed data without prior coordination, facing methodological as well as regulatory challenges. The process of this project is outlined in detail, so it could be applied by other researchers for future projects. Its outcomes and the resulting data harmonization products are presented.Conclusions and outlook: The harmonized data are now ready to be shared with external partners for analyses, and Co-RESPOND is open for more partners to join. Lessons learned throughout the project will be reported, and established classification standards will be recommended for use to generate data sets that are available for joint analyses from the start.Trial registration: ClinicalTrials.gov identifier: NCT04556565.",Petri-Romão P; Stoffers-Winterling J; Doerschner C; Jurgeit J; Gödde P; Hecker I; Melchior M; Czepiel D; Witteveen A; van der Ven E; Sijbrandij M; Mediavilla R; Ayuso-Mateos JL; Smith P; Lorant V; Monistrol Mula A; Haro Abad JM; Gémes K; Mittendorder-Rutz E; Monzio Compagnoni M; Lora A; Caggiu G; Conflitti C; Kalisch R; Lieb K,European journal of psychotraumatology,2025,Journal Article; Multicenter Study; Observational Study,https://pubmed.ncbi.nlm.nih.gov/40791144/,2026-08-20,10.1080/20008066.2025.2517920,"Co-RESPOND: a federated network of cohorts on mental health and adversity during the COVID-19 pandemic. Challenges, solutions and recommendations for retrospective data harmonization. Background: The SARS-Cov-2 pandemic was associated with a substantial rise in trauma and stressor exposure. The Co-RESPOND consortium (part of the EU horizon 2020-funded RESPOND project) has been initiated to study the impact on mental health, using longitudinal data of separate international cohorts.Aims: The Co-RESPOND initiative aims to retrospectively harmonize mental health and resilience data of ongoing longitudinal cohort studies at the individual participant level; to create an interoperable network of cohorts within a secure environment; to manage these data along with harmonization products (e.g. transformation procedures and variable dictionaries) according to the FAIR principles; and to keep this network live in order to add new data waves or to be joined by new cohorts.Methods: Data were harmonized retrospectively according to the Maelstrom guidance. A federated data network (FDN) was created using the OBiBa software suite.Results: To date, Co-RESPOND consists of nine European cohorts and one global cohort, including 50,885 individual participants. This paper presents Co-RESPOND as a case study for retrospective harmonization of decentralized data where teams collected and transformed data without prior coordination, facing methodological as well as regulatory challenges. The process of this project is outlined in detail, so it could be applied by other researchers for future projects. Its outcomes and the resulting data harmonization products are presented.Conclusions and outlook: The harmonized data are now ready to be shared with external partners for analyses, and Co-RESPOND is open for more partners to join. Lessons learned throughout the project will be reported, and established classification standards will be recommended for use to generate data sets that are available for joint analyses from the start.Trial registration: ClinicalTrials.gov identifier: NCT04556565.",16,PMID-40791144,PubMed,title_abstract,PENDING_HUMAN_REVIEW,Machine-ranked candidate; no inclusion decision,,,Transparent relevance score: 16
NR-PUBMED-03,39934642,10.1111/jhn.70023,Socio-Demographic Determinants of Mediterranean Diet Adherence: Results of the EU-National Health Interview Survey (EHIS-3).,"Despite the well-known benefits of the Mediterranean diet (MD), low adherence is observed globally, highlighting the need to investigate the underlying causes of this trend. Large-scale, periodically repeated surveys, such as the European Health Interview Survey (EHIS), could be useful for the investigation of the factors that influence adherence to healthy dietary patterns. National EHIS-3 in Greece was designed to collect data on the consumption of all food groups, making it possible to determine adherence to MD. This study aimed to investigate the socioeconomic factors that influence MD adherence by conducting a secondary data analysis from 7706 participants aged 15-85 years who participated in the 2019 national EHIS. MD adherence was evaluated by MedDietScore. Bivariate comparisons between the score tertiles and socioeconomic groups were performed. Logistic regression analyses were used to estimate the association between MedDietScore tertiles and demographic and socioeconomic factors, using high adherence as the reference category. Finally, cluster analysis was applied to identify the most significant factors in relation to the classification of the participants in MD adherence groups. Educational level, followed by income status, emerged as the most significant factor associated with adherence to MD. Individuals who have attained only primary education had a 3.80 times higher likelihood of presenting low MD adherence instead of high MD adherence compared to persons with tertiary education. Individuals in the lower income group had 2.53 times higher odds of being in the low MD adherence instead of high MD adherence than individuals in the higher income group. These relationships remained statistically significant after adjusting for confounding factors. The group that most frequently adhered to high MD (53.4%) comprised individuals who had tertiary education, higher income, and were couples without children. Conversely, those with primary or secondary education who are single parents or live in one-person households and fall into the lower and medium income groups are most likely to have low MD adherence (44.8%). Public policies to promote MD adherence should consider socioeconomic factors. Integrating questions to evaluate adherence to dietary patterns into EHIS would allow for future intercountry and longitudinal comparisons.",Kontele I; Panagiotakos D; Yannakoulia M; Vassilakou T,Journal of human nutrition and dietetics : the official journal of the British Dietetic Association,2025,Journal Article,https://pubmed.ncbi.nlm.nih.gov/39934642/,2026-08-20,10.1111/jhn.70023,"Socio-Demographic Determinants of Mediterranean Diet Adherence: Results of the EU-National Health Interview Survey (EHIS-3). Despite the well-known benefits of the Mediterranean diet (MD), low adherence is observed globally, highlighting the need to investigate the underlying causes of this trend. Large-scale, periodically repeated surveys, such as the European Health Interview Survey (EHIS), could be useful for the investigation of the factors that influence adherence to healthy dietary patterns. National EHIS-3 in Greece was designed to collect data on the consumption of all food groups, making it possible to determine adherence to MD. This study aimed to investigate the socioeconomic factors that influence MD adherence by conducting a secondary data analysis from 7706 participants aged 15-85 years who participated in the 2019 national EHIS. MD adherence was evaluated by MedDietScore. Bivariate comparisons between the score tertiles and socioeconomic groups were performed. Logistic regression analyses were used to estimate the association between MedDietScore tertiles and demographic and socioeconomic factors, using high adherence as the reference category. Finally, cluster analysis was applied to identify the most significant factors in relation to the classification of the participants in MD adherence groups. Educational level, followed by income status, emerged as the most significant factor associated with adherence to MD. Individuals who have attained only primary education had a 3.80 times higher likelihood of presenting low MD adherence instead of high MD adherence compared to persons with tertiary education. Individuals in the lower income group had 2.53 times higher odds of being in the low MD adherence instead of high MD adherence than individuals in the higher income group. These relationships remained statistically significant after adjusting for confounding factors. The group that most frequently adhered to high MD (53.4%) comprised individuals who had tertiary education, higher income, and were couples without children. Conversely, those with primary or secondary education who are single parents or live in one-person households and fall into the lower and medium income groups are most likely to have low MD adherence (44.8%). Public policies to promote MD adherence should consider socioeconomic factors. Integrating questions to evaluate adherence to dietary patterns into EHIS would allow for future intercountry and longitudinal comparisons.",16,PMID-39934642,PubMed,title_abstract,PENDING_HUMAN_REVIEW,Machine-ranked candidate; no inclusion decision,,,Transparent relevance score: 16
NR-PUBMED-01,33836996,10.1136/bmjgh-2021-005413,Identification and inclusion of gender factors in retrospective cohort studies: the GOING-FWD framework.,"Gender refers to the socially constructed roles, behaviours, expressions and identities of girls, women, boys, men and gender diverse people. Gender-related factors are seldom assessed as determinants of health outcomes, despite their powerful contribution. The Gender Outcomes INternational Group: to Further Well-being Development (GOING-FWD) project developed a standard five-step methodology applicable to retrospectively identify gender-related factors and assess their relationship to outcomes across selected cohorts of non-communicable chronic diseases from Austria, Canada, Spain, Sweden. Step 1 (identification of gender-related variables): Based on the gender framework of the Women Health Research Network (ie, identity, role, relations and institutionalised gender), and available literature for a certain disease, an optimal 'wish-list' of gender-related variables was created and discussed by experts. Step 2 (definition of outcomes): Data dictionaries were screened for clinical and patient-relevant outcomes, using the International Consortium for Health Outcome Measurement framework. Step 3 (building of feasible final list): a cross-validation between variables per database and the 'wish-list' was performed. Step 4 (retrospective data harmonisation): The harmonisation potential of variables was evaluated. Step 5 (definition of data structure and analysis): The following analytic strategies were identified: (1) local analysis of data not transferable followed by a meta-analysis combining study-level estimates; (2) centrally performed federated analysis of data, with the individual-level participant data remaining on local servers; (3) synthesising the data locally and performing a pooled analysis on the synthetic data and (4) central analysis of pooled transferable data. The application of the GOING-FWD multistep approach can help guide investigators to analyse gender and its impact on outcomes in previously collected data.",Raparelli V; Norris CM; Bender U; Herrero MT; Kautzky-Willer A; Kublickiene K; El Emam K; Pilote L; GOING‑FWD Collaborators,BMJ global health,2021,"Journal Article; Meta-Analysis; Research Support, Non-U.S. Gov't; Review",https://pubmed.ncbi.nlm.nih.gov/33836996/,2026-08-20,10.1136/bmjgh-2021-005413,"Identification and inclusion of gender factors in retrospective cohort studies: the GOING-FWD framework. Gender refers to the socially constructed roles, behaviours, expressions and identities of girls, women, boys, men and gender diverse people. Gender-related factors are seldom assessed as determinants of health outcomes, despite their powerful contribution. The Gender Outcomes INternational Group: to Further Well-being Development (GOING-FWD) project developed a standard five-step methodology applicable to retrospectively identify gender-related factors and assess their relationship to outcomes across selected cohorts of non-communicable chronic diseases from Austria, Canada, Spain, Sweden. Step 1 (identification of gender-related variables): Based on the gender framework of the Women Health Research Network (ie, identity, role, relations and institutionalised gender), and available literature for a certain disease, an optimal 'wish-list' of gender-related variables was created and discussed by experts. Step 2 (definition of outcomes): Data dictionaries were screened for clinical and patient-relevant outcomes, using the International Consortium for Health Outcome Measurement framework. Step 3 (building of feasible final list): a cross-validation between variables per database and the 'wish-list' was performed. Step 4 (retrospective data harmonisation): The harmonisation potential of variables was evaluated. Step 5 (definition of data structure and analysis): The following analytic strategies were identified: (1) local analysis of data not transferable followed by a meta-analysis combining study-level estimates; (2) centrally performed federated analysis of data, with the individual-level participant data remaining on local servers; (3) synthesising the data locally and performing a pooled analysis on the synthetic data and (4) central analysis of pooled transferable data. The application of the GOING-FWD multistep approach can help guide investigators to analyse gender and its impact on outcomes in previously collected data.",16,PMID-33836996,PubMed,title_abstract,PENDING_HUMAN_REVIEW,Machine-ranked candidate; no inclusion decision,,,Transparent relevance score: 16
NR-PUBMED-03,33413280,10.1186/s12889-020-10113-9,Questionnaire choice affects the prevalence of recommended physical activity: an online survey comparing four measuring instruments within the same sample.,"Since prevalence estimates of recommended physical activity (PA) considerably vary between different surveys, prevalence might be crucially affected by the choice of measuring instrument. The aim of the present study is to compare the results of four PA questionnaires regarding the current moderate- and vigorous-intensity aerobic PA (MVPA) recommendations of the World Health Organization. Within an online survey, participants answered the German Health Interview and Examination Survey for Adults (DEGS), the European Health Interview Survey PA Questionnaire (EHIS), the Eurobarometer (EURO), and a single-item measure (SIM). Weekly volume of MVPA was compared via a Friedman test and the prevalence of participants achieving the WHO's MVPA recommendation via Cochran's Q. Agreement between all questionnaire pairs was evaluated via Kappa statistics. One hundred seventy-six participants were included in the analyses (70.5% female, mean age: 33.1 years (SD=12.2)). Between the four questionnaires, the weekly volume of MVPA statistically significant differed (SIM: MED=90.0 (MIN=0.0, MAX=210.0), DEGS: MED=120.0 (MIN=0.0, MAX=420.0), EHIS: MED=24.0 (MIN=0.0, MAX=1395.0), EURO: MED=51.0 (MIN=0.0, MAX=2430.0), p<.001, all pairwise comparisons p<.01), as well as the prevalence of participants achieving the MVPA recommendations (SIM 31.3% (95% CI 24.5-38.7), DEGS 43.2% (95% CI 35.8-50.8), EHIS 67.0% (95% CI 59.6-73.9), EURO 87.5% (95% CI 81.7-92.0), p<.001), except between SIM and DEGS (p=.067). Agreement was weak between all questionnaire pairs (all κ< 0.60). Questionnaire choice crucially affects the resulting MVPA data and hence the prevalence of achieving recommended PA levels within the same sample. Therefore, for PA surveillance, standardised survey and analysis methods and efforts to harmonise monitoring systems are needed, since whether recommended levels of PA are achieved should not be determined by the choice of one measuring instrument or another.",Stassen G; Rudolf K; Gernert M; Thiel A; Schaller A,BMC public health,2021,"Journal Article; Research Support, Non-U.S. Gov't",https://pubmed.ncbi.nlm.nih.gov/33413280/,2026-08-20,10.1186/s12889-020-10113-9,"Questionnaire choice affects the prevalence of recommended physical activity: an online survey comparing four measuring instruments within the same sample. Since prevalence estimates of recommended physical activity (PA) considerably vary between different surveys, prevalence might be crucially affected by the choice of measuring instrument. The aim of the present study is to compare the results of four PA questionnaires regarding the current moderate- and vigorous-intensity aerobic PA (MVPA) recommendations of the World Health Organization. Within an online survey, participants answered the German Health Interview and Examination Survey for Adults (DEGS), the European Health Interview Survey PA Questionnaire (EHIS), the Eurobarometer (EURO), and a single-item measure (SIM). Weekly volume of MVPA was compared via a Friedman test and the prevalence of participants achieving the WHO's MVPA recommendation via Cochran's Q. Agreement between all questionnaire pairs was evaluated via Kappa statistics. One hundred seventy-six participants were included in the analyses (70.5% female, mean age: 33.1 years (SD=12.2)). Between the four questionnaires, the weekly volume of MVPA statistically significant differed (SIM: MED=90.0 (MIN=0.0, MAX=210.0), DEGS: MED=120.0 (MIN=0.0, MAX=420.0), EHIS: MED=24.0 (MIN=0.0, MAX=1395.0), EURO: MED=51.0 (MIN=0.0, MAX=2430.0), p<.001, all pairwise comparisons p<.01), as well as the prevalence of participants achieving the MVPA recommendations (SIM 31.3% (95% CI 24.5-38.7), DEGS 43.2% (95% CI 35.8-50.8), EHIS 67.0% (95% CI 59.6-73.9), EURO 87.5% (95% CI 81.7-92.0), p<.001), except between SIM and DEGS (p=.067). Agreement was weak between all questionnaire pairs (all κ< 0.60). Questionnaire choice crucially affects the resulting MVPA data and hence the prevalence of achieving recommended PA levels within the same sample. Therefore, for PA surveillance, standardised survey and analysis methods and efforts to harmonise monitoring systems are needed, since whether recommended levels of PA are achieved should not be determined by the choice of one measuring instrument or another.",16,PMID-33413280,PubMed,title_abstract,PENDING_HUMAN_REVIEW,Machine-ranked candidate; no inclusion decision,,,Transparent relevance score: 16
NR-PUBMED-03,33237930,10.1371/journal.pone.0242220,"The epidemiology of muscle-strengthening exercise in Europe: A 28-country comparison including 280,605 adults.","Muscle-strengthening exercise (use of weight machines, free weights, push-ups, sit-ups), has multiple independent health benefits, and is a component of the Global physical activity guidelines. However, there is currently a lack of multi-country muscle-strengthening exercise prevalence studies. This study describes the prevalence and correlates of muscle-strengthening exercise across multiple European countries. Data were drawn from the European Health Interview Survey Wave 2 (2013-14), which included nationally representative samples (n = 3,774-24,016) from 28 European countries. Muscle-strengthening exercise was assessed using the European Health Interview Survey Physical Activity Questionnaire. Population-weighted proportions were calculated for (1) ""insufficient"" (0-1 days/week) or (2) ""sufficient"" muscle-strengthening exercise (≥2 days/week). Prevalence ratios were calculated using multivariate Poisson regression for those reporting sufficient muscle-strengthening by country and by sociodemographic/lifestyle characteristics (sex, age, education, income, self-rated health etc.). Data were available for 280,605 European adults aged ≥18 years. Overall, 17.3% (95% CI = 17.1%-17.5%) reported sufficient muscle-strengthening exercise (≥2 days/week). Muscle-strengthening exercise was geographically patterned with the lowest prevalence reported in South-eastern European countries (Romania, Malta and Cyprus: range: 0.7%-7.4%), and the highest prevalence in the Nordic countries (Iceland, Sweden, and Denmark: range: 34.1%-51.6%). Older age, insufficient aerobic activity, poorer self-rated health, lower income/education, being female, and being overweight/obese were significantly associated with lower likelihood of reporting sufficient muscle-strengthening exercise, independently of other characteristics. Most European adults do not report sufficient muscle-strengthening exercise, and prevalence estimates varied considerably across countries. Low participation in muscle-strengthening exercise is widespread across Europe, and warrants public health attention.",Bennie JA; De Cocker K; Smith JJ; Wiesner GH,PloS one,2020,Journal Article,https://pubmed.ncbi.nlm.nih.gov/33237930/,2026-08-20,10.1371/journal.pone.0242220,"The epidemiology of muscle-strengthening exercise in Europe: A 28-country comparison including 280,605 adults. Muscle-strengthening exercise (use of weight machines, free weights, push-ups, sit-ups), has multiple independent health benefits, and is a component of the Global physical activity guidelines. However, there is currently a lack of multi-country muscle-strengthening exercise prevalence studies. This study describes the prevalence and correlates of muscle-strengthening exercise across multiple European countries. Data were drawn from the European Health Interview Survey Wave 2 (2013-14), which included nationally representative samples (n = 3,774-24,016) from 28 European countries. Muscle-strengthening exercise was assessed using the European Health Interview Survey Physical Activity Questionnaire. Population-weighted proportions were calculated for (1) ""insufficient"" (0-1 days/week) or (2) ""sufficient"" muscle-strengthening exercise (≥2 days/week). Prevalence ratios were calculated using multivariate Poisson regression for those reporting sufficient muscle-strengthening by country and by sociodemographic/lifestyle characteristics (sex, age, education, income, self-rated health etc.). Data were available for 280,605 European adults aged ≥18 years. Overall, 17.3% (95% CI = 17.1%-17.5%) reported sufficient muscle-strengthening exercise (≥2 days/week). Muscle-strengthening exercise was geographically patterned with the lowest prevalence reported in South-eastern European countries (Romania, Malta and Cyprus: range: 0.7%-7.4%), and the highest prevalence in the Nordic countries (Iceland, Sweden, and Denmark: range: 34.1%-51.6%). Older age, insufficient aerobic activity, poorer self-rated health, lower income/education, being female, and being overweight/obese were significantly associated with lower likelihood of reporting sufficient muscle-strengthening exercise, independently of other characteristics. Most European adults do not report sufficient muscle-strengthening exercise, and prevalence estimates varied considerably across countries. Low participation in muscle-strengthening exercise is widespread across Europe, and warrants public health attention.",16,PMID-33237930,PubMed,title_abstract,PENDING_HUMAN_REVIEW,Machine-ranked candidate; no inclusion decision,,,Transparent relevance score: 16
NR-PUBMED-01,31018973,10.9778/cmajo.20180062,Harmonization of the Health and Risk Factor Questionnaire data of the Canadian Partnership for Tomorrow Project: a descriptive analysis.,"The Canadian Partnership for Tomorrow Project is a multistudy platform integrating the British Columbia Generations Project, Alberta's Tomorrow Project, the Ontario Health Study, CARTaGENE (Quebec) and the Atlantic Partnership for Tomorrow's Health. This paper describes the process used to harmonize the Health and Risk Factor Questionnaire data and provides an overview of the key information required to properly use the core data set generated. This is a descriptive analysis of the harmonization process that was developed on the basis of the Maelstrom Research guidelines for retrospective harmonization. Core variables (DataSchema) to be generated across cohorts were defined and the potential for cohort-specific data sets to generate the DataSchema variables was assessed. Where relevant, algorithms were developed and applied to process cohort-specific data into the DataSchema format, and information to be provided to data users was documented. The Health and Risk Factor Questionnaire DataSchema (version 2.0, October 2017) comprised 694 variables. The assessment of harmonization potential for the variables over 12 cohort-specific data sets resulted in 6799 (81.6%) of the variables being considered as harmonizable. A total of 307 017 participants were included in the harmonized data set. Through the cohort data portal, researchers can find information about the definitions of variables, harmonization potential, algorithms applied to generate harmonized variables and participant distributions. The harmonization process enabled the creation of a unique data set including data on health and risk factors from over 307 000 Canadians. These data, in combination with complementary data sets, can be used to investigate the impact of biological, environmental and behavioural factors on cancer and chronic diseases.",Fortier I; Dragieva N; Saliba M; Craig C; Robson PJ; with the Canadian Partnership for Tomorrow Project’s scientific directors and the Harmonization Standing Committee,CMAJ open,2019,Journal Article,https://pubmed.ncbi.nlm.nih.gov/31018973/,2026-08-20,10.9778/cmajo.20180062,"Harmonization of the Health and Risk Factor Questionnaire data of the Canadian Partnership for Tomorrow Project: a descriptive analysis. The Canadian Partnership for Tomorrow Project is a multistudy platform integrating the British Columbia Generations Project, Alberta's Tomorrow Project, the Ontario Health Study, CARTaGENE (Quebec) and the Atlantic Partnership for Tomorrow's Health. This paper describes the process used to harmonize the Health and Risk Factor Questionnaire data and provides an overview of the key information required to properly use the core data set generated. This is a descriptive analysis of the harmonization process that was developed on the basis of the Maelstrom Research guidelines for retrospective harmonization. Core variables (DataSchema) to be generated across cohorts were defined and the potential for cohort-specific data sets to generate the DataSchema variables was assessed. Where relevant, algorithms were developed and applied to process cohort-specific data into the DataSchema format, and information to be provided to data users was documented. The Health and Risk Factor Questionnaire DataSchema (version 2.0, October 2017) comprised 694 variables. The assessment of harmonization potential for the variables over 12 cohort-specific data sets resulted in 6799 (81.6%) of the variables being considered as harmonizable. A total of 307 017 participants were included in the harmonized data set. Through the cohort data portal, researchers can find information about the definitions of variables, harmonization potential, algorithms applied to generate harmonized variables and participant distributions. The harmonization process enabled the creation of a unique data set including data on health and risk factors from over 307 000 Canadians. These data, in combination with complementary data sets, can be used to investigate the impact of biological, environmental and behavioural factors on cancer and chronic diseases.",16,PMID-31018973,PubMed,title_abstract,PENDING_HUMAN_REVIEW,Machine-ranked candidate; no inclusion decision,,,Transparent relevance score: 16
NR-PUBMED-03,27215626,10.1186/s12966-016-0386-6,Physical activity surveillance in the European Union: reliability and validity of the European Health Interview Survey-Physical Activity Questionnaire (EHIS-PAQ).,"The current study examined the reliability and validity of the European Health Interview Survey-Physical Activity Questionnaire (EHIS-PAQ), a novel questionnaire for the surveillance of physical activity (PA) during work, transportation, leisure time, sports, health-enhancing and muscle-strengthening activities over a typical week. Reliability was assessed by administering the 8-item questionnaire twice to a population-based sample of 123 participants aged 15-79 years at a 30-day interval. Concurrent (inter-method) validity was examined in 140 participants by comparisons with self-report (International Physical Activity Questionnaire-Long Form (IPAQ-LF), 7-day Physical Activity Record (PAR), and objective criterion measures (GT3X+ accelerometer, physical work capacity at 75% (PWC(75%)) from submaximal cycle ergometer test, hand grip strength). The EHIS-PAQ showed acceptable reliability, with a median intraclass correlation coefficient across PA domains of 0.55 (range 0.43-0.73). Compared to the GT3X+ (counts/minutes/day), the EHIS-PAQ underestimated moderate-to-vigorous PA (median difference -11.7, p-value = 0.054). Spearman correlation coefficients (ρ) for validity were moderate-to-strong (ρ's > 0.41) for work-related PA (IPAQ = 0.64, GT3X + =0.43, grip strength = 0.48), transportation-related PA (IPAQ = 0.62, GT3X + =0.43), walking (IPAQ = 0.58), and health-enhancing PA (IPAQ = 0.58, PAR = 0.64, GT3X + =0.44, PWC(75%) = 0.48), and fair-to-poor (ρ's < 0.41) for moderate-to-vigorous aerobic recreational and muscle-strengthening PA. The EHIS-PAQ showed good evidence for reliability and validity for the measurement of PA levels at work, during transportation and health-enhancing PA.",Baumeister SE; Ricci C; Kohler S; Fischer B; Töpfer C; Finger JD; Leitzmann MF,The international journal of behavioral nutrition and physical activity,2016,"Journal Article; Research Support, Non-U.S. Gov't; Validation Study",https://pubmed.ncbi.nlm.nih.gov/27215626/,2026-08-20,10.1186/s12966-016-0386-6,"Physical activity surveillance in the European Union: reliability and validity of the European Health Interview Survey-Physical Activity Questionnaire (EHIS-PAQ). The current study examined the reliability and validity of the European Health Interview Survey-Physical Activity Questionnaire (EHIS-PAQ), a novel questionnaire for the surveillance of physical activity (PA) during work, transportation, leisure time, sports, health-enhancing and muscle-strengthening activities over a typical week. Reliability was assessed by administering the 8-item questionnaire twice to a population-based sample of 123 participants aged 15-79 years at a 30-day interval. Concurrent (inter-method) validity was examined in 140 participants by comparisons with self-report (International Physical Activity Questionnaire-Long Form (IPAQ-LF), 7-day Physical Activity Record (PAR), and objective criterion measures (GT3X+ accelerometer, physical work capacity at 75% (PWC(75%)) from submaximal cycle ergometer test, hand grip strength). The EHIS-PAQ showed acceptable reliability, with a median intraclass correlation coefficient across PA domains of 0.55 (range 0.43-0.73). Compared to the GT3X+ (counts/minutes/day), the EHIS-PAQ underestimated moderate-to-vigorous PA (median difference -11.7, p-value = 0.054). Spearman correlation coefficients (ρ) for validity were moderate-to-strong (ρ's > 0.41) for work-related PA (IPAQ = 0.64, GT3X + =0.43, grip strength = 0.48), transportation-related PA (IPAQ = 0.62, GT3X + =0.43), walking (IPAQ = 0.58), and health-enhancing PA (IPAQ = 0.58, PAR = 0.64, GT3X + =0.44, PWC(75%) = 0.48), and fair-to-poor (ρ's < 0.41) for moderate-to-vigorous aerobic recreational and muscle-strengthening PA. The EHIS-PAQ showed good evidence for reliability and validity for the measurement of PA levels at work, during transportation and health-enhancing PA.",16,PMID-27215626,PubMed,title_abstract,PENDING_HUMAN_REVIEW,Machine-ranked candidate; no inclusion decision,,,Transparent relevance score: 16
NR-PUBMED-03,16043316,10.1016/j.maturitas.2005.06.009,Prevalence and correlates of hormonal therapy among Israeli women in the post-WHI era.,"Following the results of recent randomized controlled trials on the risks and benefits of the long-term use of hormonal therapy (HT), practice guidelines regarding HT use have been revised. The aim of the study is to assess the prevalence and the correlates of HT use in Israel in 2003. This is a cross-sectional study, conducted on a representative sample of the general population in Israel aged 21 years and over. The study questionnaire is based on the European Health Interview Survey (EUROHIS) project, aimed to develop uniform study tools, to enable international comparisons. The current module of the survey focused on women's health, and telephone interviews were conducted with 1396 women by trained interviewers in the year 2003. Out of a total of 1396 participants, 535 were defined as peri- or postmenopausal (38%). Of them, 9.9% were currently using HT (11.7% and 2.9% among the Jewish and Arab participants, respectively), and their mean age (S.D.) was 57.7 (6.5) years. Mean duration of HT use was 8.0 (5.5) years. Treatment of menopausal symptoms was the most common reason for HT use (69.2%). Significant correlates of HT use were age, being secular and having seen a gynecologist in the previous 12 months. Current HT use rates reported are lower than those reported 3 years ago for Israeli women. Awareness of both physicians and patients to the WHI results (2002), may have accounted for this trend, at least partially.",Keinan-Boker L; Dictiar R; Garty N; Green MS,Maturitas,2005,Journal Article,https://pubmed.ncbi.nlm.nih.gov/16043316/,2026-08-20,10.1016/j.maturitas.2005.06.009,"Prevalence and correlates of hormonal therapy among Israeli women in the post-WHI era. Following the results of recent randomized controlled trials on the risks and benefits of the long-term use of hormonal therapy (HT), practice guidelines regarding HT use have been revised. The aim of the study is to assess the prevalence and the correlates of HT use in Israel in 2003. This is a cross-sectional study, conducted on a representative sample of the general population in Israel aged 21 years and over. The study questionnaire is based on the European Health Interview Survey (EUROHIS) project, aimed to develop uniform study tools, to enable international comparisons. The current module of the survey focused on women's health, and telephone interviews were conducted with 1396 women by trained interviewers in the year 2003. Out of a total of 1396 participants, 535 were defined as peri- or postmenopausal (38%). Of them, 9.9% were currently using HT (11.7% and 2.9% among the Jewish and Arab participants, respectively), and their mean age (S.D.) was 57.7 (6.5) years. Mean duration of HT use was 8.0 (5.5) years. Treatment of menopausal symptoms was the most common reason for HT use (69.2%). Significant correlates of HT use were age, being secular and having seen a gynecologist in the previous 12 months. Current HT use rates reported are lower than those reported 3 years ago for Israeli women. Awareness of both physicians and patients to the WHI results (2002), may have accounted for this trend, at least partially.",16,PMID-16043316,PubMed,title_abstract,PENDING_HUMAN_REVIEW,Machine-ranked candidate; no inclusion decision,,,Transparent relevance score: 16
NR-PUBMED-01,39494216,10.1007/s12561-023-09410-9,Applying Latent Variable Models to Estimate Cumulative Exposure Burden to Chemical Mixtures and Identify Latent Exposure Subgroups: A Critical Review and Future Directions.,"Environmental mixtures, which reflect joint exposure to multiple environmental agents, are a major focus of environmental health and risk assessment research. Advancements in latent variable modeling and psychometrics can be used to address contemporary questions in environmental mixtures research. In particular, latent variable models can quantify an individual's cumulative exposure burden to mixtures and identify hidden subpopulations with distinct exposure patterns. Here, we first provide a review of measurement approaches from the psychometrics field, including structural equation modeling and latent class/profile analysis, and discuss their prior environmental epidemiologic applications. Then, we discuss additional, underutilized opportunities to leverage the strengths of psychometric approaches. This includes using item response theory to create a common scale for comparing exposure burden scores across studies; facilitating data harmonization through the use of anchors. We also discuss studying fairness or appropriateness of measurement models to quantify exposure burden across diverse populations, through the use of mixture item response theory and through evaluation of measurement invariance and differential item functioning. Multi-dimensional models to quantify correlated exposure burden sub-scores, and methods to adjust for imprecision of chemical exposure data, are also discussed. We show that there is great potential to address pressing environmental epidemiology and exposure science questions using latent variable methods.",Liu SH; Chen Y; Kuiper JR; Ho E; Buckley JP; Feuerstahler L,Statistics in biosciences,2024,Journal Article,https://pubmed.ncbi.nlm.nih.gov/39494216/,2026-08-20,10.1007/s12561-023-09410-9,"Applying Latent Variable Models to Estimate Cumulative Exposure Burden to Chemical Mixtures and Identify Latent Exposure Subgroups: A Critical Review and Future Directions. Environmental mixtures, which reflect joint exposure to multiple environmental agents, are a major focus of environmental health and risk assessment research. Advancements in latent variable modeling and psychometrics can be used to address contemporary questions in environmental mixtures research. In particular, latent variable models can quantify an individual's cumulative exposure burden to mixtures and identify hidden subpopulations with distinct exposure patterns. Here, we first provide a review of measurement approaches from the psychometrics field, including structural equation modeling and latent class/profile analysis, and discuss their prior environmental epidemiologic applications. Then, we discuss additional, underutilized opportunities to leverage the strengths of psychometric approaches. This includes using item response theory to create a common scale for comparing exposure burden scores across studies; facilitating data harmonization through the use of anchors. We also discuss studying fairness or appropriateness of measurement models to quantify exposure burden across diverse populations, through the use of mixture item response theory and through evaluation of measurement invariance and differential item functioning. Multi-dimensional models to quantify correlated exposure burden sub-scores, and methods to adjust for imprecision of chemical exposure data, are also discussed. We show that there is great potential to address pressing environmental epidemiology and exposure science questions using latent variable methods.",15,PMID-39494216,PubMed,title_abstract,PENDING_HUMAN_REVIEW,Machine-ranked candidate; no inclusion decision,,,Transparent relevance score: 15
NR-PUBMED-02,42221536,10.1177/27536130261453376,Assessing the Structural Validity and Measurement Invariance of the Whole Person Health Index.,"The emergence of ""whole person health"" presents valuable opportunities for understanding and treating individuals as their complete selves. At the same time, holistic approaches to health introduce measurement challenges, highlighting the need for expansive yet manageable instruments to capture a broader concept of health. The Whole Person Health Index (WPHI) is a nine-item question set that asks respondents to rate their overall general health as well as their quality of life, social and family connections, diet, physical activity, stress, sleep, existential wellbeing, and ability to manage their health. It has been suggested for use in clinical settings and population surveys, and it has shown good promise in an initial evaluation study. The present study offers an exploratory look at the psychometric properties of the WPHI. The WPHI items were included on the 11th round of the National Center for Health Statistics Research and Development Survey (RANDS 11), conducted January-March 2025, which used samples of adults from commercially available survey panels. Descriptive and psychometric analyses were applied to explore the factor structure and functioning of the WPHI overall and across different population subgroups. The WPHI demonstrated strong internal consistency and generally favorable measurement properties. Exploratory and confirmatory factor and bifactor analyses with split-half samples provided evidence that responses are largely driven by a dominant general factor, although model fit met some but not all conventional benchmarks for a strict single-factor model. Differential item functioning was detected for self-rated health by age, but not for other items or subgroups. Overall, the WPHI's subjective ratings appear to reflect a common underlying construct, supporting its utility as a broad measure of health and well-being consistent with the whole person health concept. Differences in item interpretation may suggest caution making direct comparisons of index scores across age groups.",Cibelli Hibben K; Ryan VM; Nadreau R; Lamoreaux C; Forrest SE; Scanlon PJ; Earp M; Blumberg SJ,Global advances in integrative medicine and health,2026,Journal Article,https://pubmed.ncbi.nlm.nih.gov/42221536/,2026-08-20,10.1177/27536130261453376,"Assessing the Structural Validity and Measurement Invariance of the Whole Person Health Index. The emergence of ""whole person health"" presents valuable opportunities for understanding and treating individuals as their complete selves. At the same time, holistic approaches to health introduce measurement challenges, highlighting the need for expansive yet manageable instruments to capture a broader concept of health. The Whole Person Health Index (WPHI) is a nine-item question set that asks respondents to rate their overall general health as well as their quality of life, social and family connections, diet, physical activity, stress, sleep, existential wellbeing, and ability to manage their health. It has been suggested for use in clinical settings and population surveys, and it has shown good promise in an initial evaluation study. The present study offers an exploratory look at the psychometric properties of the WPHI. The WPHI items were included on the 11th round of the National Center for Health Statistics Research and Development Survey (RANDS 11), conducted January-March 2025, which used samples of adults from commercially available survey panels. Descriptive and psychometric analyses were applied to explore the factor structure and functioning of the WPHI overall and across different population subgroups. The WPHI demonstrated strong internal consistency and generally favorable measurement properties. Exploratory and confirmatory factor and bifactor analyses with split-half samples provided evidence that responses are largely driven by a dominant general factor, although model fit met some but not all conventional benchmarks for a strict single-factor model. Differential item functioning was detected for self-rated health by age, but not for other items or subgroups. Overall, the WPHI's subjective ratings appear to reflect a common underlying construct, supporting its utility as a broad measure of health and well-being consistent with the whole person health concept. Differences in item interpretation may suggest caution making direct comparisons of index scores across age groups.",14,PMID-42221536,PubMed,title_abstract,PENDING_HUMAN_REVIEW,Machine-ranked candidate; no inclusion decision,,,Transparent relevance score: 14
NR-PUBMED-03,42113613,10.48095/cccg2026116,Epidemiology of obesity in pregnancy in the Czech Republic - demographic context and clinical implications.,"To describe the current epidemiology of overweight and obesity among pregnant women in Czechia in the context of demographic trends and basic perinatal outcomes. The analysis was based on data from the National Reproductive Health Registry (NRRZ) from April 1 to September 30, 2025, focusing on 1st trimester BMI. Since April 1, 2025, the new Registry Report systematically records women's height and weight at the beginning and the end of pregnancy. First-trimester BMI and its associations with selected demographic characteristics (particularly age, education, and parity) and selected clinical indicators of pregnancy and delivery outcomes were evaluated. For comparison, data from the European Union Statistics on Income and Living Conditions (EU-SILC) and European Health Interview Survey (EHIS) were also used. A total of 23,573 women with complete 1st trimester BMI data were included in the analysis. Among the 23,573 pregnant women with available BMI data, 53.4% were normal weight, 24.3% were overweight, and 17.7% were obese. Overweight and obesity were more frequent among older women, had lower educational attainment, and higher parity. Higher BMI was associated with an increased risk of preterm birth, foetal macrosomia, caesarean section, gestational hypertension, preeclampsia, and gestational diabetes. Overweight and obesity affect more than 40% of pregnant women in Czechia representing a significant risk factor for adverse perinatal outcomes. Systematic data collection allows, for the first time, a detailed national analysis and provides a basis for preventive interventions.",Jírová J; Szczuková L; Jarkovský J; Pařízek A,Ceska gynekologie,2026,Journal Article,https://pubmed.ncbi.nlm.nih.gov/42113613/,2026-08-20,10.48095/cccg2026116,"Epidemiology of obesity in pregnancy in the Czech Republic - demographic context and clinical implications. To describe the current epidemiology of overweight and obesity among pregnant women in Czechia in the context of demographic trends and basic perinatal outcomes. The analysis was based on data from the National Reproductive Health Registry (NRRZ) from April 1 to September 30, 2025, focusing on 1st trimester BMI. Since April 1, 2025, the new Registry Report systematically records women's height and weight at the beginning and the end of pregnancy. First-trimester BMI and its associations with selected demographic characteristics (particularly age, education, and parity) and selected clinical indicators of pregnancy and delivery outcomes were evaluated. For comparison, data from the European Union Statistics on Income and Living Conditions (EU-SILC) and European Health Interview Survey (EHIS) were also used. A total of 23,573 women with complete 1st trimester BMI data were included in the analysis. Among the 23,573 pregnant women with available BMI data, 53.4% were normal weight, 24.3% were overweight, and 17.7% were obese. Overweight and obesity were more frequent among older women, had lower educational attainment, and higher parity. Higher BMI was associated with an increased risk of preterm birth, foetal macrosomia, caesarean section, gestational hypertension, preeclampsia, and gestational diabetes. Overweight and obesity affect more than 40% of pregnant women in Czechia representing a significant risk factor for adverse perinatal outcomes. Systematic data collection allows, for the first time, a detailed national analysis and provides a basis for preventive interventions.",14,PMID-42113613,PubMed,title_abstract,PENDING_HUMAN_REVIEW,Machine-ranked candidate; no inclusion decision,,,Transparent relevance score: 14
NR-PUBMED-01,40762058,10.1161/CIRCOUTCOMES.124.011754,Core Outcome Set for Studies on Cardiac Disease in Pregnancy (COSCarP): An International Delphi Consensus Study.,"Outcome reporting in cardio-obstetrics studies is inconsistent. The objective of the COSCarP (Core Outcome Set on Cardiac Diseases in Pregnancy) study was to develop a core outcome set through international consensus and harmonize outcome reporting in cardio-obstetrics studies. We conducted a multimethod study between February 2021 and April 2023 that included an online 2-round Delphi survey, 3 small group discussions and a consensus meeting with health service users (people with lived experience of pregnancy and heart disease) and health care professionals. A total of 110 participants (22 health service users and 88 health care professionals) from 13 countries in Africa, Asia, Europe, and North America scored 71 candidate items obtained through literature reviews and qualitative interviews. Participants identified 12 core outcomes and 12 core reporting checklist items (which may not always represent outcomes) for inclusion in all cardio-obstetrics studies. Core outcomes included: maternal mortality, cardiac arrest, cerebrovascular events, heart failure, arrhythmias requiring treatment or change in treatment, thromboembolism, syncope, maternal intensive care unit admission, cardiovascular interventions, fetal/neonatal loss (miscarriage, stillbirth, neonatal death), severe neonatal morbidity, and prolonged neonatal intensive care unit admission. Reporting checklist items included: hypertensive disorders, major bleeding, anesthetic complications, adverse reactions, labor and birth details, maternal hospitalization and re-admissions, treatment compliance, fetal growth restriction, congenital malformations, gestational age at birth, and nonsevere neonatal morbidity. Participants also identified 7 condition-specific outcomes and 7 other patient-important outcomes, which may be challenging to measure in all studies and should be reported when feasible and relevant. The COSCarP study has identified core outcomes, reporting checklist items, and patient-important outcomes, which researchers are encouraged to measure and report in future cardio-obstetrics studies. Widespread use of the COSCarP checklists could support data harmonization, enable meaningful comparisons between studies, facilitate meta-analyses, and ensure that future guidelines incorporate patient-important outcomes while making clinical practice recommendations.",Ashraf R; He YZ; Silversides CK; Siu SC; Sermer M; Keepanasseril A; Seyoum M; Malhamé I; D'Souza R,Circulation. Cardiovascular quality and outcomes,2025,Journal Article; Consensus Statement,https://pubmed.ncbi.nlm.nih.gov/40762058/,2026-08-20,10.1161/circoutcomes.124.011754,"Core Outcome Set for Studies on Cardiac Disease in Pregnancy (COSCarP): An International Delphi Consensus Study. Outcome reporting in cardio-obstetrics studies is inconsistent. The objective of the COSCarP (Core Outcome Set on Cardiac Diseases in Pregnancy) study was to develop a core outcome set through international consensus and harmonize outcome reporting in cardio-obstetrics studies. We conducted a multimethod study between February 2021 and April 2023 that included an online 2-round Delphi survey, 3 small group discussions and a consensus meeting with health service users (people with lived experience of pregnancy and heart disease) and health care professionals. A total of 110 participants (22 health service users and 88 health care professionals) from 13 countries in Africa, Asia, Europe, and North America scored 71 candidate items obtained through literature reviews and qualitative interviews. Participants identified 12 core outcomes and 12 core reporting checklist items (which may not always represent outcomes) for inclusion in all cardio-obstetrics studies. Core outcomes included: maternal mortality, cardiac arrest, cerebrovascular events, heart failure, arrhythmias requiring treatment or change in treatment, thromboembolism, syncope, maternal intensive care unit admission, cardiovascular interventions, fetal/neonatal loss (miscarriage, stillbirth, neonatal death), severe neonatal morbidity, and prolonged neonatal intensive care unit admission. Reporting checklist items included: hypertensive disorders, major bleeding, anesthetic complications, adverse reactions, labor and birth details, maternal hospitalization and re-admissions, treatment compliance, fetal growth restriction, congenital malformations, gestational age at birth, and nonsevere neonatal morbidity. Participants also identified 7 condition-specific outcomes and 7 other patient-important outcomes, which may be challenging to measure in all studies and should be reported when feasible and relevant. The COSCarP study has identified core outcomes, reporting checklist items, and patient-important outcomes, which researchers are encouraged to measure and report in future cardio-obstetrics studies. Widespread use of the COSCarP checklists could support data harmonization, enable meaningful comparisons between studies, facilitate meta-analyses, and ensure that future guidelines incorporate patient-important outcomes while making clinical practice recommendations.",14,PMID-40762058,PubMed,title_abstract,PENDING_HUMAN_REVIEW,Machine-ranked candidate; no inclusion decision,,,Transparent relevance score: 14
NR-PUBMED-01,37667811,10.1093/aje/kwad182,Experience and Reporting of Postnatal Depression Across Cultures: A Comparison Using Anchoring Vignettes of Mothers in the United Kingdom and India.,"Postnatal mental health is often assessed using self-assessment questionnaires in epidemiologic research. Differences in response style, influenced by language, culture, and experience, may mean that the same response may not have the same meaning in different settings. These differences need to be identified and accounted for in cross-cultural comparisons. Here we describe the development and application of anchoring vignettes to investigate the cross-cultural functioning of the Edinburgh Postnatal Depression Scale (EPDS) in urban community samples in India (n = 549) and the United Kingdom (n = 828), alongside a UK calibration sample (n = 226). Participants completed the EPDS and anchoring vignettes when their children were 12-24 months old. In an unadjusted item-response theory model, UK mothers reported higher depressive symptoms than Indian mothers (d = 0.48, 95% confidence interval: 0.358, 0.599). Following adjustment for differences in response style, these positions were reversed (d = -0.25, 95% confidence interval: -0.391, -0.103). Response styles vary between India and the United Kingdom, indicating a need to take these differences into account when making cross-cultural comparisons. Anchoring vignettes offer a valid and feasible method for global data harmonization.",Bluett-Duncan M; Pickles A; Chandra PS; Hill J; Kishore MT; Satyanarayana V; Sharp H,American journal of epidemiology,2024,"Journal Article; Research Support, Non-U.S. Gov't",https://pubmed.ncbi.nlm.nih.gov/37667811/,2026-08-20,10.1093/aje/kwad182,"Experience and Reporting of Postnatal Depression Across Cultures: A Comparison Using Anchoring Vignettes of Mothers in the United Kingdom and India. Postnatal mental health is often assessed using self-assessment questionnaires in epidemiologic research. Differences in response style, influenced by language, culture, and experience, may mean that the same response may not have the same meaning in different settings. These differences need to be identified and accounted for in cross-cultural comparisons. Here we describe the development and application of anchoring vignettes to investigate the cross-cultural functioning of the Edinburgh Postnatal Depression Scale (EPDS) in urban community samples in India (n = 549) and the United Kingdom (n = 828), alongside a UK calibration sample (n = 226). Participants completed the EPDS and anchoring vignettes when their children were 12-24 months old. In an unadjusted item-response theory model, UK mothers reported higher depressive symptoms than Indian mothers (d = 0.48, 95% confidence interval: 0.358, 0.599). Following adjustment for differences in response style, these positions were reversed (d = -0.25, 95% confidence interval: -0.391, -0.103). Response styles vary between India and the United Kingdom, indicating a need to take these differences into account when making cross-cultural comparisons. Anchoring vignettes offer a valid and feasible method for global data harmonization.",14,PMID-37667811,PubMed,title_abstract,PENDING_HUMAN_REVIEW,Machine-ranked candidate; no inclusion decision,,,Transparent relevance score: 14
NR-PUBMED-03,38639188,10.7416/ai.2024.2620,Injury Patterns and Gender in Italy.,"Globally, injuries pose significant public health challenges, with road traffic accidents in particular being responsible for considerable morbidity, mortality, and economic distress. Italy has been significantly impacted due to its high population density and frequency of road traffic and domestic incidents. This study set out to investigate the incidence of self-reported road traffic and home and leisure accidents in the Italian general population. A particular emphasis was placed on exploring possible gender differences across varying age groups. The data was obtained from the European Health Interview Survey and a representative sample of the Italian population was analyzed. The analysis revealed that regardless of age, women experienced a reduced risk of road traffic accidents compared to men. However, gender disparities in home-leisure accidents were observed to be age-dependent. Women under the age of 25 exhibited a lower likelihood of home-leisure accidents and serious accidents necessitating hospital admission in comparison to their male counterparts. In contrast, women aged 65 and above had an increased likelihood of home-leisure accidents as opposed to men in the same age category. The findings of this study highlight the importance of considering age and gender as significant factors in the occurrence of different types of accidents, offering insight into how injury rates vary between these demographic groups within Italy.",Maietti E; Capodici A; Sanmarchi F; Fantini MP; Nante N; Golinelli D,Annali di igiene : medicina preventiva e di comunita,2024,Evaluation Study; Journal Article,https://pubmed.ncbi.nlm.nih.gov/38639188/,2026-08-20,10.7416/ai.2024.2620,"Injury Patterns and Gender in Italy. Globally, injuries pose significant public health challenges, with road traffic accidents in particular being responsible for considerable morbidity, mortality, and economic distress. Italy has been significantly impacted due to its high population density and frequency of road traffic and domestic incidents. This study set out to investigate the incidence of self-reported road traffic and home and leisure accidents in the Italian general population. A particular emphasis was placed on exploring possible gender differences across varying age groups. The data was obtained from the European Health Interview Survey and a representative sample of the Italian population was analyzed. The analysis revealed that regardless of age, women experienced a reduced risk of road traffic accidents compared to men. However, gender disparities in home-leisure accidents were observed to be age-dependent. Women under the age of 25 exhibited a lower likelihood of home-leisure accidents and serious accidents necessitating hospital admission in comparison to their male counterparts. In contrast, women aged 65 and above had an increased likelihood of home-leisure accidents as opposed to men in the same age category. The findings of this study highlight the importance of considering age and gender as significant factors in the occurrence of different types of accidents, offering insight into how injury rates vary between these demographic groups within Italy.",14,PMID-38639188,PubMed,title_abstract,PENDING_HUMAN_REVIEW,Machine-ranked candidate; no inclusion decision,,,Transparent relevance score: 14
NR-PUBMED-02,38531091,10.1093/eurjcn/zvae041,Measuring up: the significance of measurement invariance in cardiovascular research.,"Cardiovascular research frequently involves comparing patient-reported outcomes across groups. These groups can include individuals from different countries or those have different cardiovascular conditions, and it is frequently assumed that their understanding of the assessed outcome is similar. However, to ascertain that this is indeed the case, measurement invariance needs to be evaluated. This psychometric property helps us understand whether a test measures the same underlying construct in the same way across different groups. In the absence of measurement invariance, conclusions regarding group comparisons of the construct at hand may be inappropriate. This Methods Corner paper provides an overview of measurement invariance and an example of how it can be evaluated.",Acuña Mora M; Raymaekers K,European journal of cardiovascular nursing,2024,Journal Article; Review,https://pubmed.ncbi.nlm.nih.gov/38531091/,2026-08-20,10.1093/eurjcn/zvae041,"Measuring up: the significance of measurement invariance in cardiovascular research. Cardiovascular research frequently involves comparing patient-reported outcomes across groups. These groups can include individuals from different countries or those have different cardiovascular conditions, and it is frequently assumed that their understanding of the assessed outcome is similar. However, to ascertain that this is indeed the case, measurement invariance needs to be evaluated. This psychometric property helps us understand whether a test measures the same underlying construct in the same way across different groups. In the absence of measurement invariance, conclusions regarding group comparisons of the construct at hand may be inappropriate. This Methods Corner paper provides an overview of measurement invariance and an example of how it can be evaluated.",14,PMID-38531091,PubMed,title_abstract,PENDING_HUMAN_REVIEW,Machine-ranked candidate; no inclusion decision,,,Transparent relevance score: 14
NR-PUBMED-03,38346607,10.1016/j.cpcardiol.2024.102459,Trends towards increase of Cardiovascular diseases mortality in USA: A comparison with Europe and the importance of preventive care.,"the aim of our study was to analyze exposure of the general population to established risk factors for cardiovascular disease (CVD), which might have determined the trend towards increased mortality rates related with CVD from 2015 to 2019 in USA. We Analyzed epidemiological of data from the US National Health and Nutrition Examination Survey and from the European Health Interview Survey to determine trends for exposure to several established risk factors for CVD from 2000 to 2018-2019. Trends of prevalence of obesity, arterial hypertension, cigarettes smoking, high cholesterol level, diabetes in the period 2000 to 2018-2019 in USA were correlated with age adjusted mortality and burden related with CVD. We correlated these trends also with educational attainment, family income and national expenditure for preventive care. Cardiovascular Diseases Related Mortality And Burden Decreased Significantly In Usa In The Period 2000-2015; In The Period 2015-2019 there was a trend towards increasing mortality rates. The trend in the period 2015-2019 was associated with increased exposure to several established risk factors for CVD: obesity, diabetes, cigarettes smoking and arterial hypertension. Level of education attainment and family income, and national health expenditure for information, education and counseling were statistically correlated with reduced exposure to established risk factors. Similar trends were present in Western European countries. Attention is required to improve education and communication, health access and care for people with poor economic conditions, homeless, minorities, to reduce CVD related mortality and burden.",Sterpetti AV; Gabriele R; Iannone I; Campagnol M; Borrelli V; Sapienza P; Dimarzo L,Current problems in cardiology,2024,Journal Article; Review,https://pubmed.ncbi.nlm.nih.gov/38346607/,2026-08-20,10.1016/j.cpcardiol.2024.102459,"Trends towards increase of Cardiovascular diseases mortality in USA: A comparison with Europe and the importance of preventive care. the aim of our study was to analyze exposure of the general population to established risk factors for cardiovascular disease (CVD), which might have determined the trend towards increased mortality rates related with CVD from 2015 to 2019 in USA. We Analyzed epidemiological of data from the US National Health and Nutrition Examination Survey and from the European Health Interview Survey to determine trends for exposure to several established risk factors for CVD from 2000 to 2018-2019. Trends of prevalence of obesity, arterial hypertension, cigarettes smoking, high cholesterol level, diabetes in the period 2000 to 2018-2019 in USA were correlated with age adjusted mortality and burden related with CVD. We correlated these trends also with educational attainment, family income and national expenditure for preventive care. Cardiovascular Diseases Related Mortality And Burden Decreased Significantly In Usa In The Period 2000-2015; In The Period 2015-2019 there was a trend towards increasing mortality rates. The trend in the period 2015-2019 was associated with increased exposure to several established risk factors for CVD: obesity, diabetes, cigarettes smoking and arterial hypertension. Level of education attainment and family income, and national health expenditure for information, education and counseling were statistically correlated with reduced exposure to established risk factors. Similar trends were present in Western European countries. Attention is required to improve education and communication, health access and care for people with poor economic conditions, homeless, minorities, to reduce CVD related mortality and burden.",14,PMID-38346607,PubMed,title_abstract,PENDING_HUMAN_REVIEW,Machine-ranked candidate; no inclusion decision,,,Transparent relevance score: 14
NR-PUBMED-01,39042420,10.2196/57005,Uncovering Harmonization Potential in Health Care Data Through Iterative Refinement of Fast Healthcare Interoperability Resources Profiles Based on Retrospective Discrepancy Analysis: Case Study.,"Cross-institutional interoperability between health care providers remains a recurring challenge worldwide. The German Medical Informatics Initiative, a collaboration of 37 university hospitals in Germany, aims to enable interoperability between partner sites by defining Fast Healthcare Interoperability Resources (FHIR) profiles for the cross-institutional exchange of health care data, the Core Data Set (CDS). The current CDS and its extension modules define elements representing patients' health care records. All university hospitals in Germany have made significant progress in providing routine data in a standardized format based on the CDS. In addition, the central research platform for health, the German Portal for Medical Research Data feasibility tool, allows medical researchers to query the available CDS data items across many participating hospitals. In this study, we aimed to evaluate a novel approach of combining the current top-down generated FHIR profiles with the bottom-up generated knowledge gained by the analysis of respective instance data. This allowed us to derive options for iteratively refining FHIR profiles using the information obtained from a discrepancy analysis. We developed an FHIR validation pipeline and opted to derive more restrictive profiles from the original CDS profiles. This decision was driven by the need to align more closely with the specific assumptions and requirements of the central feasibility platform's search ontology. While the original CDS profiles offer a generic framework adaptable for a broad spectrum of medical informatics use cases, they lack the specificity to model the nuanced criteria essential for medical researchers. A key example of this is the necessity to represent specific laboratory codings and values interdependencies accurately. The validation results allow us to identify discrepancies between the instance data at the clinical sites and the profiles specified by the feasibility platform and addressed in the future. A total of 20 university hospitals participated in this study. Historical factors, lack of harmonization, a wide range of source systems, and case sensitivity of coding are some of the causes for the discrepancies identified. While in our case study, Conditions, Procedures, and Medications have a high degree of uniformity in the coding of instance data due to legislative requirements for billing in Germany, we found that laboratory values pose a significant data harmonization challenge due to their interdependency between coding and value. While the CDS achieves interoperability, different challenges for federated data access arise, requiring more specificity in the profiles to make assumptions on the instance data. We further argue that further harmonization of the instance data can significantly lower required retrospective harmonization efforts. We recognize that discrepancies cannot be resolved solely at the clinical site; therefore, our findings have a wide range of implications and will require action on multiple levels and by various stakeholders.",Rosenau L; Behrend P; Wiedekopf J; Gruendner J; Ingenerf J,JMIR medical informatics,2024,Journal Article,https://pubmed.ncbi.nlm.nih.gov/39042420/,2026-08-20,10.2196/57005,"Uncovering Harmonization Potential in Health Care Data Through Iterative Refinement of Fast Healthcare Interoperability Resources Profiles Based on Retrospective Discrepancy Analysis: Case Study. Cross-institutional interoperability between health care providers remains a recurring challenge worldwide. The German Medical Informatics Initiative, a collaboration of 37 university hospitals in Germany, aims to enable interoperability between partner sites by defining Fast Healthcare Interoperability Resources (FHIR) profiles for the cross-institutional exchange of health care data, the Core Data Set (CDS). The current CDS and its extension modules define elements representing patients' health care records. All university hospitals in Germany have made significant progress in providing routine data in a standardized format based on the CDS. In addition, the central research platform for health, the German Portal for Medical Research Data feasibility tool, allows medical researchers to query the available CDS data items across many participating hospitals. In this study, we aimed to evaluate a novel approach of combining the current top-down generated FHIR profiles with the bottom-up generated knowledge gained by the analysis of respective instance data. This allowed us to derive options for iteratively refining FHIR profiles using the information obtained from a discrepancy analysis. We developed an FHIR validation pipeline and opted to derive more restrictive profiles from the original CDS profiles. This decision was driven by the need to align more closely with the specific assumptions and requirements of the central feasibility platform's search ontology. While the original CDS profiles offer a generic framework adaptable for a broad spectrum of medical informatics use cases, they lack the specificity to model the nuanced criteria essential for medical researchers. A key example of this is the necessity to represent specific laboratory codings and values interdependencies accurately. The validation results allow us to identify discrepancies between the instance data at the clinical sites and the profiles specified by the feasibility platform and addressed in the future. A total of 20 university hospitals participated in this study. Historical factors, lack of harmonization, a wide range of source systems, and case sensitivity of coding are some of the causes for the discrepancies identified. While in our case study, Conditions, Procedures, and Medications have a high degree of uniformity in the coding of instance data due to legislative requirements for billing in Germany, we found that laboratory values pose a significant data harmonization challenge due to their interdependency between coding and value. While the CDS achieves interoperability, different challenges for federated data access arise, requiring more specificity in the profiles to make assumptions on the instance data. We further argue that further harmonization of the instance data can significantly lower required retrospective harmonization efforts. We recognize that discrepancies cannot be resolved solely at the clinical site; therefore, our findings have a wide range of implications and will require action on multiple levels and by various stakeholders.",14,PMID-39042420,PubMed,title_abstract,PENDING_HUMAN_REVIEW,Machine-ranked candidate; no inclusion decision,,,Transparent relevance score: 14
NR-PUBMED-03,39742385,10.25646/12921,"Utilisation of medical services in Germany and Europe - Results of the European Health Interview Survey (EHIS 3, 2018 - 2020).","Needs-based care is a central concern of healthcare policy. A European comparison of the utilisation of medical services can help to assess national data and identify the need for action. This article describes indicators on the utilisation of outpatient and inpatient services, medical examinations and the use of medicines from the third wave of the European Health Interview Survey (EHIS 3) and compares the results from Germany with the European averages. Age-standardised, the utilisation of medical services in Germany was above the European average without exception, whereby demographic and social differences were similar. Almost all services were utilised more frequently by women and in older age groups. Exceptions are inpatient services and colonoscopy, where there was no difference between the sexes, and more frequent use of psychiatric and psychotherapeutic services and non-prescription medication among younger adults. Specialist medical and dental services were used more frequently in the high education group, psychiatric and psychotherapeutic services as well as inpatient services and prescription medication in the low education group. The European comparison requires a differentiated categorisation of the findings. While the high utilisation in Germany for some evidence-based services (e.g. colonoscopy, dentistry) indicates good access to care, the high inpatient utilisation, for example, is also the subject of critical discussion.",Krause L; Prütz F; Starker A; Du Y; Sarganas G; Kuhnert R; Thom J; Rommel A,Journal of health monitoring,2024,Journal Article,https://pubmed.ncbi.nlm.nih.gov/39742385/,2026-08-20,10.25646/12921,"Utilisation of medical services in Germany and Europe - Results of the European Health Interview Survey (EHIS 3, 2018 - 2020). Needs-based care is a central concern of healthcare policy. A European comparison of the utilisation of medical services can help to assess national data and identify the need for action. This article describes indicators on the utilisation of outpatient and inpatient services, medical examinations and the use of medicines from the third wave of the European Health Interview Survey (EHIS 3) and compares the results from Germany with the European averages. Age-standardised, the utilisation of medical services in Germany was above the European average without exception, whereby demographic and social differences were similar. Almost all services were utilised more frequently by women and in older age groups. Exceptions are inpatient services and colonoscopy, where there was no difference between the sexes, and more frequent use of psychiatric and psychotherapeutic services and non-prescription medication among younger adults. Specialist medical and dental services were used more frequently in the high education group, psychiatric and psychotherapeutic services as well as inpatient services and prescription medication in the low education group. The European comparison requires a differentiated categorisation of the findings. While the high utilisation in Germany for some evidence-based services (e.g. colonoscopy, dentistry) indicates good access to care, the high inpatient utilisation, for example, is also the subject of critical discussion.",14,PMID-39742385,PubMed,title_abstract,PENDING_HUMAN_REVIEW,Machine-ranked candidate; no inclusion decision,,,Transparent relevance score: 14
NR-PUBMED-03,37919706,10.1186/s12905-023-02718-0,"Quality of life, social support, and adherence in female patients with thyroid disorders.","According to the 2010 European Health Interview Survey, 51% of women in Hungary have a chronic disease, and is among the poorest quartile in the EU countries. Thyroid diseases affected more than 650,000 women in 2021 based on a recent report by the Hungarian Central Statistical Office. Despite the high prevalence rates, quality of life in these patients is scarcely researched in Hungary. To fill this gap, this study aims to explore the associations of the quality of life of thyroid patients in Hungary with social support and adherence. A cross-sectional study was conducted via an online questionnaire. Data from 885 female Hungarian thyroid patients with pharmacological treatment (M = 35.6 years, SD = 10.7, age range: 18-73 years) were analyzed. Participants were divided into two patient groups based on the type of thyroid disorder: hypothyroidism (n = 824; 93.1%) and hyperthyroidism (n = 61; 6.9%). Group comparisons, correlations, and a mediation model were performed to explore differences between thyroid patients. No differences were found between patients with different types of thyroid disorders in quality of life, adherence, and social support. Consistent, weak associations were found between quality of life and social support in both patient groups. Higher perceived social support partially explained the relationship between adherence and life quality in thyroid patients.  CONCLUSIONS: No substantial differences were found between patients with different types of thyroid disease in mental well-being indicators. These patients are psychologically more vulnerable and need a socially supportive environment to recover, because higher adherence is associated with a better quality of life, and social support can facilitate this process.",Kollerits E; Zsila Á; Matuszka B,BMC women's health,2023,"Journal Article; Research Support, Non-U.S. Gov't",https://pubmed.ncbi.nlm.nih.gov/37919706/,2026-08-20,10.1186/s12905-023-02718-0,"Quality of life, social support, and adherence in female patients with thyroid disorders. According to the 2010 European Health Interview Survey, 51% of women in Hungary have a chronic disease, and is among the poorest quartile in the EU countries. Thyroid diseases affected more than 650,000 women in 2021 based on a recent report by the Hungarian Central Statistical Office. Despite the high prevalence rates, quality of life in these patients is scarcely researched in Hungary. To fill this gap, this study aims to explore the associations of the quality of life of thyroid patients in Hungary with social support and adherence. A cross-sectional study was conducted via an online questionnaire. Data from 885 female Hungarian thyroid patients with pharmacological treatment (M = 35.6 years, SD = 10.7, age range: 18-73 years) were analyzed. Participants were divided into two patient groups based on the type of thyroid disorder: hypothyroidism (n = 824; 93.1%) and hyperthyroidism (n = 61; 6.9%). Group comparisons, correlations, and a mediation model were performed to explore differences between thyroid patients. No differences were found between patients with different types of thyroid disorders in quality of life, adherence, and social support. Consistent, weak associations were found between quality of life and social support in both patient groups. Higher perceived social support partially explained the relationship between adherence and life quality in thyroid patients.  CONCLUSIONS: No substantial differences were found between patients with different types of thyroid disease in mental well-being indicators. These patients are psychologically more vulnerable and need a socially supportive environment to recover, because higher adherence is associated with a better quality of life, and social support can facilitate this process.",14,PMID-37919706,PubMed,title_abstract,PENDING_HUMAN_REVIEW,Machine-ranked candidate; no inclusion decision,,,Transparent relevance score: 14
NR-PUBMED-03,36582668,10.1097/XCE.0000000000000275,Real-world demographic patterns of users of a digital primary prevention service for diabetes.,"Rapid urbanization has led to an exponential increase in lifestyle-associated metabolic disorders presenting a huge socioeconomic burden. Waya is a digital prevention program that guides overweight and obese individuals to maintain a healthy lifestyle through exercise, diet, and educational videos. We aimed to study the demographic patterns of the Waya cohort and examine the prevalence of diabetes (the most common lifestyle-associated metabolic disorder) and its risk factors in comparison to the GEDA 2014/2015-European Health Interview Survey population. Waya participants who registered by 1 October 2020 and who answered at least one health survey question were included in this study. Factors such as obesity, hypertension, and diabetes between the two populations were compared using Chi-square test. Of the 837 participants, 86.1% were women. The proportion of obese participants was higher in Waya than in the German Health Update (GEDA) cohort (women: 39.4% vs. 18%, P < 0.05; men: 37.1% vs. 18.3%, P < 0.05), whereas the proportion of participants with hypertension (women: 12.1% vs. 30.9% in GEDA, P < 0.05; men: 22.4% vs. 32.8% in GEDA, P < 0.05) was lower. The proportion of women with diabetes was low in our cohort (3.9% vs. 7% in GEDA, P < 0.05); however, the proportion of men with diabetes remained the same between the two groups. We observed significant differences between the GEDA and Waya cohorts due to changes in the prevalence pattern over time or target bias of the digital program. These findings showcase the usability of Waya in collecting real-world insights, which will be beneficial in monitoring the prevalence of chronic metabolic disorders and associated risk factors over time.",Balakrishnan P; Jacyshyn-Owen E; Eberl M; Friedrich B; Etter T,Cardiovascular endocrinology & metabolism,2023,Journal Article,https://pubmed.ncbi.nlm.nih.gov/36582668/,2026-08-20,10.1097/xce.0000000000000275,"Real-world demographic patterns of users of a digital primary prevention service for diabetes. Rapid urbanization has led to an exponential increase in lifestyle-associated metabolic disorders presenting a huge socioeconomic burden. Waya is a digital prevention program that guides overweight and obese individuals to maintain a healthy lifestyle through exercise, diet, and educational videos. We aimed to study the demographic patterns of the Waya cohort and examine the prevalence of diabetes (the most common lifestyle-associated metabolic disorder) and its risk factors in comparison to the GEDA 2014/2015-European Health Interview Survey population. Waya participants who registered by 1 October 2020 and who answered at least one health survey question were included in this study. Factors such as obesity, hypertension, and diabetes between the two populations were compared using Chi-square test. Of the 837 participants, 86.1% were women. The proportion of obese participants was higher in Waya than in the German Health Update (GEDA) cohort (women: 39.4% vs. 18%, P < 0.05; men: 37.1% vs. 18.3%, P < 0.05), whereas the proportion of participants with hypertension (women: 12.1% vs. 30.9% in GEDA, P < 0.05; men: 22.4% vs. 32.8% in GEDA, P < 0.05) was lower. The proportion of women with diabetes was low in our cohort (3.9% vs. 7% in GEDA, P < 0.05); however, the proportion of men with diabetes remained the same between the two groups. We observed significant differences between the GEDA and Waya cohorts due to changes in the prevalence pattern over time or target bias of the digital program. These findings showcase the usability of Waya in collecting real-world insights, which will be beneficial in monitoring the prevalence of chronic metabolic disorders and associated risk factors over time.",14,PMID-36582668,PubMed,title_abstract,PENDING_HUMAN_REVIEW,Machine-ranked candidate; no inclusion decision,,,Transparent relevance score: 14
NR-PUBMED-01,36637894,10.2196/34123,Trusted Data Spaces as a Viable and Sustainable Solution for Networks of Population-Based Patient Registries.,"Harmonization and integration of health data remain as the focus of many ongoing efforts toward the goal of optimizing health and health care policies. Population-based patient registries constitute a critical element of these endeavors. Although their main function is monitoring and surveillance of a particular disease within a given population, they are also an important data source for epidemiology. Comparing indicators across national boundaries brings an extra dimension to the use of registry data, especially in regions where supranational initiatives are or could be coordinated to leverage good practices; this is particularly relevant for the European Union. However, strict data protection laws can unintentionally hamper the efforts of data harmonization to ensure the removal of statistical bias in the individual data sets, thereby compromising the integrated value of registries' data. Consequently, there is the motivation for creating a new paradigm to ensure that registries can operate in an environment that is not unnecessarily restrictive and to allow accurate comparison of data to better ascertain the measures and practices that are most conducive to the public health of societies. The pan-European organizational model of cancer registries, owing to its long and successful establishment, was considered as a sound basis from which to proceed toward such a paradigm. However, it has certain drawbacks, particularly regarding governance, scalability, and resourcing, which are essential elements to consider for a generic patient registry model. These issues are addressed in a proposal of an adapted model that promises a valuable pan-European data resource for epidemiological research, while providing a closely regulated environment for the processing of pseudonymized patient summary data on a broader scale than has hitherto been possible.",Nicholson N; Caldeira S; Furtado A; Nicholl C,JMIR public health and surveillance,2023,Journal Article,https://pubmed.ncbi.nlm.nih.gov/36637894/,2026-08-20,10.2196/34123,"Trusted Data Spaces as a Viable and Sustainable Solution for Networks of Population-Based Patient Registries. Harmonization and integration of health data remain as the focus of many ongoing efforts toward the goal of optimizing health and health care policies. Population-based patient registries constitute a critical element of these endeavors. Although their main function is monitoring and surveillance of a particular disease within a given population, they are also an important data source for epidemiology. Comparing indicators across national boundaries brings an extra dimension to the use of registry data, especially in regions where supranational initiatives are or could be coordinated to leverage good practices; this is particularly relevant for the European Union. However, strict data protection laws can unintentionally hamper the efforts of data harmonization to ensure the removal of statistical bias in the individual data sets, thereby compromising the integrated value of registries' data. Consequently, there is the motivation for creating a new paradigm to ensure that registries can operate in an environment that is not unnecessarily restrictive and to allow accurate comparison of data to better ascertain the measures and practices that are most conducive to the public health of societies. The pan-European organizational model of cancer registries, owing to its long and successful establishment, was considered as a sound basis from which to proceed toward such a paradigm. However, it has certain drawbacks, particularly regarding governance, scalability, and resourcing, which are essential elements to consider for a generic patient registry model. These issues are addressed in a proposal of an adapted model that promises a valuable pan-European data resource for epidemiological research, while providing a closely regulated environment for the processing of pseudonymized patient summary data on a broader scale than has hitherto been possible.",14,PMID-36637894,PubMed,title_abstract,PENDING_HUMAN_REVIEW,Machine-ranked candidate; no inclusion decision,,,Transparent relevance score: 14
NR-PUBMED-02,36130141,10.1089/cyber.2022.0023,An Assessment of the Structural Validity and Measurement Invariance of the Web-Use Skills Scale for Aging Internet Users.,"Research on digital inequality has found that aging adults are often at risk of digital exclusion. Understanding the validity of survey measures assessing Internet skills in this population is critical to providing the high-quality data needed for effective digital inclusion policy interventions. This cross-validation study examines the structural validity and measurement invariance (across age, gender, and education groups) of the Web-Use Skills scale (WUS), which is commonly used as a proxy measure of Internet skills. We tested the 14-item version of the WUS. The scale was translated into the Slovenian language and pretested with older Internet users. Data were collected from two independent samples of Internet users aged 50+ years (N1 = 259 and N2 = 256) drawn from an online opt-in panel in Slovenia. The examination of structural validity confirmed that the WUS adequately reflects the one-factor structure of the web-use skills construct, although in a shorter six-item form. Moreover, the analysis confirmed strict measurement invariance between the two samples and, at least, scalar invariance between age, gender, and education groups. The results support the applicability of WUS in cross-group comparisons of Internet skills in the population of aging Internet users and point to several opportunities for future work.",Prevodnik K; Trkman M; Grošelj D; Bartol J; Petrovčič A,"Cyberpsychology, behavior and social networking",2022,Journal Article,https://pubmed.ncbi.nlm.nih.gov/36130141/,2026-08-20,10.1089/cyber.2022.0023,"An Assessment of the Structural Validity and Measurement Invariance of the Web-Use Skills Scale for Aging Internet Users. Research on digital inequality has found that aging adults are often at risk of digital exclusion. Understanding the validity of survey measures assessing Internet skills in this population is critical to providing the high-quality data needed for effective digital inclusion policy interventions. This cross-validation study examines the structural validity and measurement invariance (across age, gender, and education groups) of the Web-Use Skills scale (WUS), which is commonly used as a proxy measure of Internet skills. We tested the 14-item version of the WUS. The scale was translated into the Slovenian language and pretested with older Internet users. Data were collected from two independent samples of Internet users aged 50+ years (N1 = 259 and N2 = 256) drawn from an online opt-in panel in Slovenia. The examination of structural validity confirmed that the WUS adequately reflects the one-factor structure of the web-use skills construct, although in a shorter six-item form. Moreover, the analysis confirmed strict measurement invariance between the two samples and, at least, scalar invariance between age, gender, and education groups. The results support the applicability of WUS in cross-group comparisons of Internet skills in the population of aging Internet users and point to several opportunities for future work.",14,PMID-36130141,PubMed,title_abstract,PENDING_HUMAN_REVIEW,Machine-ranked candidate; no inclusion decision,,,Transparent relevance score: 14
NR-PUBMED-02,35081452,10.1016/j.joca.2022.01.004,Crosswalks between the Oxford hip and knee scores and the HOOS-12 and KOOS-12 instruments.,"To develop and validate bi-directional crosswalks between the Oxford Hip Score (OHS) and HOOS-12 summary impact score, and between the Oxford Knee Score (OKS) and KOOS-12 summary impact score. Data were sourced from the Australian Orthopaedic Association National Joint Replacement Registry Patient-Reported Outcome Measures Program. Patients undergoing primary joint replacement for osteoarthritis who completed the OHS and HOOS-12 or OKS and KOOS-12 instruments were included in the analysis. An equipercentile method was used to create four crosswalks, with the distribution of scores smoothed using log-linear models prior to equating. Crosswalk validity was assessed through comparison of actual vs derived scores, Pearson correlation coefficients, root mean square errors (RMSE) and Bland-Altman plots. Paired OHS/HOOS-12 data and paired OKS/KOOS-12 data were available for 4,513 patients undergoing total hip replacement and 5,942 patients undergoing total knee replacement, respectively. Minimal differences were observed between actual and crosswalk-derived mean scores (actual OHS 27.55 vs derived OHS 27.56; actual HOOS-12 53.28 vs derived HOOS-12 53.31; actual OKS 27.34 vs derived OKS 27.34; actual KOOS-12 50.51 vs derived KOOS-12 50.58). High correlation was observed between actual and derived scores (Pearson's r for hip-specific instruments: 0.943-0.946; Pearson's r for knee-specific instruments: 0.925-0.931). Plotted actual vs mean derived scores also indicated robust concordance across the breadth of the instrument scales. These crosswalks provide close approximations of actual OHS, OKS, HOOS-12 and KOOS-12 scores, as indicated by multiple validation metrics. They offer a resource for clinicians, researchers and arthroplasty registries to support PROMs score conversion and data harmonisation efforts.",Soh SE; Harris IA; Cashman K; Graves SE; Ackerman IN,Osteoarthritis and cartilage,2022,"Journal Article; Research Support, Non-U.S. Gov't",https://pubmed.ncbi.nlm.nih.gov/35081452/,2026-08-20,10.1016/j.joca.2022.01.004,"Crosswalks between the Oxford hip and knee scores and the HOOS-12 and KOOS-12 instruments. To develop and validate bi-directional crosswalks between the Oxford Hip Score (OHS) and HOOS-12 summary impact score, and between the Oxford Knee Score (OKS) and KOOS-12 summary impact score. Data were sourced from the Australian Orthopaedic Association National Joint Replacement Registry Patient-Reported Outcome Measures Program. Patients undergoing primary joint replacement for osteoarthritis who completed the OHS and HOOS-12 or OKS and KOOS-12 instruments were included in the analysis. An equipercentile method was used to create four crosswalks, with the distribution of scores smoothed using log-linear models prior to equating. Crosswalk validity was assessed through comparison of actual vs derived scores, Pearson correlation coefficients, root mean square errors (RMSE) and Bland-Altman plots. Paired OHS/HOOS-12 data and paired OKS/KOOS-12 data were available for 4,513 patients undergoing total hip replacement and 5,942 patients undergoing total knee replacement, respectively. Minimal differences were observed between actual and crosswalk-derived mean scores (actual OHS 27.55 vs derived OHS 27.56; actual HOOS-12 53.28 vs derived HOOS-12 53.31; actual OKS 27.34 vs derived OKS 27.34; actual KOOS-12 50.51 vs derived KOOS-12 50.58). High correlation was observed between actual and derived scores (Pearson's r for hip-specific instruments: 0.943-0.946; Pearson's r for knee-specific instruments: 0.925-0.931). Plotted actual vs mean derived scores also indicated robust concordance across the breadth of the instrument scales. These crosswalks provide close approximations of actual OHS, OKS, HOOS-12 and KOOS-12 scores, as indicated by multiple validation metrics. They offer a resource for clinicians, researchers and arthroplasty registries to support PROMs score conversion and data harmonisation efforts.",14,PMID-35081452,PubMed,title_abstract,PENDING_HUMAN_REVIEW,Machine-ranked candidate; no inclusion decision,,,Transparent relevance score: 14
NR-PUBMED-01,35411334,10.1007/s43477-022-00042-7,Harmonizing Implementation and Outcome Data Across HIV Prevention and Care Studies in Resource-Constrained Settings.,"Harmonizing measures across studies can facilitate comparisons and strengthen the science, but procedures for establishing common data elements are rarely documented. We detail a rigorous, 2-year process to harmonize measures across the Prevention And Treatment through a Comprehensive Care Continuum for HIV-affected Adolescents in Resource Constrained Settings (PATC3H) consortium, consisting of eight federally-funded studies. We created a repository of measured constructs from each study, classified and selected constructs for harmonization, and identified survey instruments. Measures were harmonized for implementation science, HIV prevention and care, demographics and sexual behavior, mental health and substance use, and economic assessment. Importantly, we present our harmonized implementation science constructs. A common set of implementation science constructs have yet to be recommended in the literature for low-to-middle-income countries despite increasing recognition of their importance to delivering and scaling up effective interventions. Drawing on RE-AIM (Reach Effectiveness Adoption Implementation Maintenance) and the Implementation Outcomes Framework, items were harmonized for staff/administrators and study participants to measure reach, adoption, implementation, maintenance, feasibility, acceptability, appropriateness, and fidelity. The process undertaken to harmonize measures and the codified set of implementation science measures developed by our consortium can inform future data harmonization efforts, critical to strengthening the replication and generalizability of findings while facilitating collaborative research-especially in resource-limited settings. We conclude with recommendations for research consortia, namely ensuring representation from all study teams and research priorities; adopting a flexible, transparent, and systematic approach; strengthening the literature on implementation science harmonization; and being responsive to life events (e.g., COVID-19). The online version contains supplementary material available at 10.1007/s43477-022-00042-7.",Donenberg GR; Merrill KG; Obiezu-Umeh C; Nwaozuru U; Blachman-Demner D; Subramanian S; Fournier A; Iwelunmor J,Global implementation research and applications,2022,Journal Article,https://pubmed.ncbi.nlm.nih.gov/35411334/,2026-08-20,10.1007/s43477-022-00042-7,"Harmonizing Implementation and Outcome Data Across HIV Prevention and Care Studies in Resource-Constrained Settings. Harmonizing measures across studies can facilitate comparisons and strengthen the science, but procedures for establishing common data elements are rarely documented. We detail a rigorous, 2-year process to harmonize measures across the Prevention And Treatment through a Comprehensive Care Continuum for HIV-affected Adolescents in Resource Constrained Settings (PATC3H) consortium, consisting of eight federally-funded studies. We created a repository of measured constructs from each study, classified and selected constructs for harmonization, and identified survey instruments. Measures were harmonized for implementation science, HIV prevention and care, demographics and sexual behavior, mental health and substance use, and economic assessment. Importantly, we present our harmonized implementation science constructs. A common set of implementation science constructs have yet to be recommended in the literature for low-to-middle-income countries despite increasing recognition of their importance to delivering and scaling up effective interventions. Drawing on RE-AIM (Reach Effectiveness Adoption Implementation Maintenance) and the Implementation Outcomes Framework, items were harmonized for staff/administrators and study participants to measure reach, adoption, implementation, maintenance, feasibility, acceptability, appropriateness, and fidelity. The process undertaken to harmonize measures and the codified set of implementation science measures developed by our consortium can inform future data harmonization efforts, critical to strengthening the replication and generalizability of findings while facilitating collaborative research-especially in resource-limited settings. We conclude with recommendations for research consortia, namely ensuring representation from all study teams and research priorities; adopting a flexible, transparent, and systematic approach; strengthening the literature on implementation science harmonization; and being responsive to life events (e.g., COVID-19). The online version contains supplementary material available at 10.1007/s43477-022-00042-7.",14,PMID-35411334,PubMed,title_abstract,PENDING_HUMAN_REVIEW,Machine-ranked candidate; no inclusion decision,,,Transparent relevance score: 14
NR-PUBMED-02,36011429,10.3390/ijerph19169798,Measurement Invariance of the WHO-5 Well-Being Index: Evidence from 15 European Countries.,"(1) Background: The World Health Organization (WHO)-5 Well-Being Index has been used in many epidemiological studies to assess adolescent mental well-being. However, cross-country comparisons of this instrument among adolescents are scarce and, so far, no good-fitting, common invariant measurement model across countries has been reported. The present study aims to evaluate and establish a version of the WHO-5 Well-Being Index that allows for a valid cross-country comparison of adolescent self-reported mental well-being. (2) Methods: Using data from the 2018 Health Behaviour in School-aged Children study, we evaluated the measurement model and measurement invariance of the five items of the WHO-5 Well-Being Index. We used nationally representative samples of 11-, 13-, and 15-year-old adolescents (N = 74,071) from fifteen countries and regions in Europe. Measurement invariance of the WHO-5 was assessed using a series (country, gender, and age) of multi-group confirmatory factor analyses. In addition, we evaluated the convergent validity of the measure by testing its correlations with psychosomatic complaints, life satisfaction, and self-rated health. (3) Results: We found that WHO-5 does not show good psychometric properties or good measurement invariance fit. However, by excluding the first item of the scale (""I have felt cheerful and in good spirits""), the WHO-4, consisting of the other four original items, had good psychometric properties, and demonstrated good suitability for cross-national comparisons (as well as age and gender) in adolescent mental well-being. (4) Conclusions: The present study introduces the WHO-4-a revised version of the WHO-5-, that allows for a valid comparison of mental well-being across fifteen countries and regions in Europe. The WHO-4 proved to be a reliable and valid instrument to assess mental well-being in the adolescent population.",Cosma A; Költő A; Chzhen Y; Kleszczewska D; Kalman M; Martin G,International journal of environmental research and public health,2022,"Journal Article; Research Support, Non-U.S. Gov't",https://pubmed.ncbi.nlm.nih.gov/36011429/,2026-08-20,10.3390/ijerph19169798,"Measurement Invariance of the WHO-5 Well-Being Index: Evidence from 15 European Countries. (1) Background: The World Health Organization (WHO)-5 Well-Being Index has been used in many epidemiological studies to assess adolescent mental well-being. However, cross-country comparisons of this instrument among adolescents are scarce and, so far, no good-fitting, common invariant measurement model across countries has been reported. The present study aims to evaluate and establish a version of the WHO-5 Well-Being Index that allows for a valid cross-country comparison of adolescent self-reported mental well-being. (2) Methods: Using data from the 2018 Health Behaviour in School-aged Children study, we evaluated the measurement model and measurement invariance of the five items of the WHO-5 Well-Being Index. We used nationally representative samples of 11-, 13-, and 15-year-old adolescents (N = 74,071) from fifteen countries and regions in Europe. Measurement invariance of the WHO-5 was assessed using a series (country, gender, and age) of multi-group confirmatory factor analyses. In addition, we evaluated the convergent validity of the measure by testing its correlations with psychosomatic complaints, life satisfaction, and self-rated health. (3) Results: We found that WHO-5 does not show good psychometric properties or good measurement invariance fit. However, by excluding the first item of the scale (""I have felt cheerful and in good spirits""), the WHO-4, consisting of the other four original items, had good psychometric properties, and demonstrated good suitability for cross-national comparisons (as well as age and gender) in adolescent mental well-being. (4) Conclusions: The present study introduces the WHO-4-a revised version of the WHO-5-, that allows for a valid comparison of mental well-being across fifteen countries and regions in Europe. The WHO-4 proved to be a reliable and valid instrument to assess mental well-being in the adolescent population.",14,PMID-36011429,PubMed,title_abstract,PENDING_HUMAN_REVIEW,Machine-ranked candidate; no inclusion decision,,,Transparent relevance score: 14
NR-PUBMED-02,34495443,10.1007/s11136-021-02987-y,Measurement invariance of the Seattle Angina Questionnaire in coronary artery disease.,"The Seattle Angina Questionnaire (SAQ) is a widely used patient-reported measure of health status in patients with coronary artery disease. Comparisons of SAQ scores amongst population groups and over time rely on the assumption that its factorial structure is invariant. This study evaluates the measurement invariance of the SAQ across different demographic and clinical groups and over time. Data were obtained from the Alberta Provincial Project on Outcome Assessment in Coronary Heart Disease registry, a registry of patients who received coronary angiogram in Alberta, Canada. The study cohort consists of adult patients who completed the paper-based version of the 16-item Canadian version of the SAQ (SAQ-CAN) 2 weeks and 1-year post-coronary angiogram between 2009 and 2016. Multi-group confirmatory factor analysis was used to assess configural, weak, strong, and strict measurement invariance across age groups, sex, angina type, treatment, and over time. Model fit was assessed using the comparative fit index and root mean square error of approximation. Of the 8101 patients included in these analysis, 1300 (16.1%) were at least 75 years old, while 1755 (21.7%) were female, 5154 (63.6%) were diagnosed with acute coronary syndrome, 1177 (14.5%) received coronary artery bypass graft treatment, and 3279 had complete data on the SAQ-CAN at both occasions. There was evidence of strict invariance across age, sex, and angina type, and treatment groups, but partial strict invariance was established over time. SAQ-CAN can be used to compare the health status of coronary artery disease patients across population groups and over time.",Lawal OA; Awosoga O; Santana MJ; James MT; Wilton SB; Norris CM; Lix LM; Sajobi TT; APPROACH Investigators,"Quality of life research : an international journal of quality of life aspects of treatment, care and rehabilitation",2022,Journal Article,https://pubmed.ncbi.nlm.nih.gov/34495443/,2026-08-20,10.1007/s11136-021-02987-y,"Measurement invariance of the Seattle Angina Questionnaire in coronary artery disease. The Seattle Angina Questionnaire (SAQ) is a widely used patient-reported measure of health status in patients with coronary artery disease. Comparisons of SAQ scores amongst population groups and over time rely on the assumption that its factorial structure is invariant. This study evaluates the measurement invariance of the SAQ across different demographic and clinical groups and over time. Data were obtained from the Alberta Provincial Project on Outcome Assessment in Coronary Heart Disease registry, a registry of patients who received coronary angiogram in Alberta, Canada. The study cohort consists of adult patients who completed the paper-based version of the 16-item Canadian version of the SAQ (SAQ-CAN) 2 weeks and 1-year post-coronary angiogram between 2009 and 2016. Multi-group confirmatory factor analysis was used to assess configural, weak, strong, and strict measurement invariance across age groups, sex, angina type, treatment, and over time. Model fit was assessed using the comparative fit index and root mean square error of approximation. Of the 8101 patients included in these analysis, 1300 (16.1%) were at least 75 years old, while 1755 (21.7%) were female, 5154 (63.6%) were diagnosed with acute coronary syndrome, 1177 (14.5%) received coronary artery bypass graft treatment, and 3279 had complete data on the SAQ-CAN at both occasions. There was evidence of strict invariance across age, sex, and angina type, and treatment groups, but partial strict invariance was established over time. SAQ-CAN can be used to compare the health status of coronary artery disease patients across population groups and over time.",14,PMID-34495443,PubMed,title_abstract,PENDING_HUMAN_REVIEW,Machine-ranked candidate; no inclusion decision,,,Transparent relevance score: 14
NR-PUBMED-02,34372892,10.1186/s13023-021-01944-9,A rare disease patient-reported outcome measure: revision and validation of the German version of the Systemic Sclerosis Quality of Life Questionnaire (SScQoL) using the Rasch model.,"Rare disease patient-reported outcome measures (PROMs) require linguistic adaptation to overcome the challenge of geographically dispersed patient populations. Importantly, PROMs such as health-related quality of life (HRQoL) should accurately capture responses to patient-identified concerns. The Systemic Sclerosis Quality of Life Questionnaire (SScQoL) is a 29-item tool validated in six languages. Previous evaluation of the German version revealed problems with dichotomous responses. This study aimed to revise the German SScQoL, extend the response structure, and evaluate content and construct validity, reliability and unidimensionality. The instrument validation study involved revising the German SScQoL response structure, cognitive debriefing with patients and validation using Rasch analysis. The revised SScQoL was completed by Swiss-German-speaking patients with SSc within the Swiss MANagement Of Systemic Sclerosis (MANOSS) study. Rasch analysis was employed to test the validity, reliability and unidimensionality of the revised instrument. Based on cognitive debriefing with patients (n = 6) dichotomous items were extended to a polytomous 4-point response structure. A total of 78 patients completed the revised SScQoL. Initial analysis of the 29 items suggested the scale lacked fit to the model (χ2 = 51.224, df = 29, p = 0.007). Grouping items into five domains resulted in an adequate fit to the Rasch model (χ2 = 5.343, df = 5, p = 0.376) and unidimensionality (proportion of significant independent t tests: 0.045, 95% CI 0.016-0.114). Overall, the scale was well targeted, had high internal consistency (Person Separation Index, PSI = 0.931) and worked consistently in patients with different demographic and clinical characteristics. The revised German SScQoL has a 4-point response structure and is a valid, reliable measure. Rasch analysis is useful for validating continuous response structure of quality of life measures. Further evaluation of measurement equivalence with other German-speaking cultures is required for multinational comparisons and data pooling.",Kocher A; Ndosi M; Denhaerynck K; Simon M; Dwyer AA; Distler O; Hoeper K; Künzler-Heule P; Redmond AC; Villiger PM; Walker UA; Nicca D,Orphanet journal of rare diseases,2021,"Journal Article; Research Support, Non-U.S. Gov't",https://pubmed.ncbi.nlm.nih.gov/34372892/,2026-08-20,10.1186/s13023-021-01944-9,"A rare disease patient-reported outcome measure: revision and validation of the German version of the Systemic Sclerosis Quality of Life Questionnaire (SScQoL) using the Rasch model. Rare disease patient-reported outcome measures (PROMs) require linguistic adaptation to overcome the challenge of geographically dispersed patient populations. Importantly, PROMs such as health-related quality of life (HRQoL) should accurately capture responses to patient-identified concerns. The Systemic Sclerosis Quality of Life Questionnaire (SScQoL) is a 29-item tool validated in six languages. Previous evaluation of the German version revealed problems with dichotomous responses. This study aimed to revise the German SScQoL, extend the response structure, and evaluate content and construct validity, reliability and unidimensionality. The instrument validation study involved revising the German SScQoL response structure, cognitive debriefing with patients and validation using Rasch analysis. The revised SScQoL was completed by Swiss-German-speaking patients with SSc within the Swiss MANagement Of Systemic Sclerosis (MANOSS) study. Rasch analysis was employed to test the validity, reliability and unidimensionality of the revised instrument. Based on cognitive debriefing with patients (n = 6) dichotomous items were extended to a polytomous 4-point response structure. A total of 78 patients completed the revised SScQoL. Initial analysis of the 29 items suggested the scale lacked fit to the model (χ2 = 51.224, df = 29, p = 0.007). Grouping items into five domains resulted in an adequate fit to the Rasch model (χ2 = 5.343, df = 5, p = 0.376) and unidimensionality (proportion of significant independent t tests: 0.045, 95% CI 0.016-0.114). Overall, the scale was well targeted, had high internal consistency (Person Separation Index, PSI = 0.931) and worked consistently in patients with different demographic and clinical characteristics. The revised German SScQoL has a 4-point response structure and is a valid, reliable measure. Rasch analysis is useful for validating continuous response structure of quality of life measures. Further evaluation of measurement equivalence with other German-speaking cultures is required for multinational comparisons and data pooling.",14,PMID-34372892,PubMed,title_abstract,PENDING_HUMAN_REVIEW,Machine-ranked candidate; no inclusion decision,,,Transparent relevance score: 14
NR-PUBMED-03,33352669,10.3390/ijerph17249531,How Many Older Informal Caregivers Are There in Europe? Comparison of Estimates of Their Prevalence from Three European Surveys.,"Informal caregivers are people providing some type of unpaid, ongoing assistance to a person with a chronic illness or disability. Long-term care measures and policies cannot take place without taking into account the quantitatively crucial role played by informal caregivers. We use the European Health Interview Survey (EHIS), the European Quality of Life Survey (EQLS), and the Study on Health and Ageing in Europe (SHARE) to measure the prevalence of informal caregivers in the European population, and analyze associated socio-demographic factors. This rate ranges between about 13 percent in Portugal and Spain, and more than 22 percent in Luxembourg, Belgium, and Denmark. It declines in older age groups and, on average, is lower in men than in women in all countries studied, and lower among the poorly educated compared to those with higher levels of education. However, large variance was observed in the average share of informal caregivers for most countries between the three surveys. Our findings, estimated through the three surveys, reveal common trends, but also a series of disparities. Additional research will be needed to enable policy makers to access a richer and more harmonized body of data, allowing them to adopt truly evidence-based and targeted policies and interventions in this field.",Tur-Sinai A; Teti A; Rommel A; Hlebec V; Lamura G,International journal of environmental research and public health,2020,"Journal Article; Research Support, N.I.H., Extramural; Research Support, Non-U.S. Gov't",https://pubmed.ncbi.nlm.nih.gov/33352669/,2026-08-20,10.3390/ijerph17249531,"How Many Older Informal Caregivers Are There in Europe? Comparison of Estimates of Their Prevalence from Three European Surveys. Informal caregivers are people providing some type of unpaid, ongoing assistance to a person with a chronic illness or disability. Long-term care measures and policies cannot take place without taking into account the quantitatively crucial role played by informal caregivers. We use the European Health Interview Survey (EHIS), the European Quality of Life Survey (EQLS), and the Study on Health and Ageing in Europe (SHARE) to measure the prevalence of informal caregivers in the European population, and analyze associated socio-demographic factors. This rate ranges between about 13 percent in Portugal and Spain, and more than 22 percent in Luxembourg, Belgium, and Denmark. It declines in older age groups and, on average, is lower in men than in women in all countries studied, and lower among the poorly educated compared to those with higher levels of education. However, large variance was observed in the average share of informal caregivers for most countries between the three surveys. Our findings, estimated through the three surveys, reveal common trends, but also a series of disparities. Additional research will be needed to enable policy makers to access a richer and more harmonized body of data, allowing them to adopt truly evidence-based and targeted policies and interventions in this field.",14,PMID-33352669,PubMed,title_abstract,PENDING_HUMAN_REVIEW,Machine-ranked candidate; no inclusion decision,,,Transparent relevance score: 14
NR-PUBMED-03,30478617,10.1007/s00038-018-1174-7,Educational inequalities in Global Activity Limitation Indicator disability in 28 European Countries: Does the choice of survey matter?,"To assess the sensitivity of prevalence and inequality estimates of Global Activity Limitation Indicator (GALI) to the choice of survey in European countries. We use logistic regression to estimate adjusted risk ratios, quantifying differences in prevalence and educational inequalities, the impact of survey characteristics and Kendall's tau to assess similarity in country rankings between surveys. We include the European Health Interview Survey (EHIS), European Social Survey (ESS) and European Union Statistics on Income and Living Conditions (EU-SILC). EHIS estimates higher prevalence than EU-SILC 17% (men) and 23% (women), and ESS 24% (men) and 29% (women). Prevalence does not differ significantly between EU-SILC and ESS. EU-SILC estimates 52.5% (men) and 28.1% (women) higher inequalities than EHIS and 63.2% (men) and 32.7% (women) higher inequalities than ESS. Survey characteristics do not account for differences in prevalence or inequalities. Country rankings do not agree for prevalence or inequalities. Survey choice strongly impacts estimates of GALI prevalence and educational inequalities. Further study is necessary to understand these discrepancies. Caution is required when using these surveys for cross-country comparisons of (educational inequalities in) GALI disability.",Rubio-Valverde JR; Nusselder WJ; Mackenbach JP,International journal of public health,2019,Comparative Study; Journal Article,https://pubmed.ncbi.nlm.nih.gov/30478617/,2026-08-20,10.1007/s00038-018-1174-7,"Educational inequalities in Global Activity Limitation Indicator disability in 28 European Countries: Does the choice of survey matter? To assess the sensitivity of prevalence and inequality estimates of Global Activity Limitation Indicator (GALI) to the choice of survey in European countries. We use logistic regression to estimate adjusted risk ratios, quantifying differences in prevalence and educational inequalities, the impact of survey characteristics and Kendall's tau to assess similarity in country rankings between surveys. We include the European Health Interview Survey (EHIS), European Social Survey (ESS) and European Union Statistics on Income and Living Conditions (EU-SILC). EHIS estimates higher prevalence than EU-SILC 17% (men) and 23% (women), and ESS 24% (men) and 29% (women). Prevalence does not differ significantly between EU-SILC and ESS. EU-SILC estimates 52.5% (men) and 28.1% (women) higher inequalities than EHIS and 63.2% (men) and 32.7% (women) higher inequalities than ESS. Survey characteristics do not account for differences in prevalence or inequalities. Country rankings do not agree for prevalence or inequalities. Survey choice strongly impacts estimates of GALI prevalence and educational inequalities. Further study is necessary to understand these discrepancies. Caution is required when using these surveys for cross-country comparisons of (educational inequalities in) GALI disability.",14,PMID-30478617,PubMed,title_abstract,PENDING_HUMAN_REVIEW,Machine-ranked candidate; no inclusion decision,,,Transparent relevance score: 14
NR-PUBMED-02,30530137,10.1016/j.yebeh.2018.11.024,Measurement equivalence of the short-form Quality of Life in Childhood Epilepsy Questionnaire (QOLCE-16).,"The aim of this study was to assess measurement equivalence in the 16-item short-form Quality of Life in Childhood Epilepsy Questionnaire (QOLCE-16) across age, sex, and time in a sample of children with newly diagnosed epilepsy. Data came from 373 children participating in the Health-related Quality of Life in Children with Epilepsy Study (HERQULES), a multicenter prospective cohort study. Measurement equivalence was assessed using multigroup confirmatory factor analysis methods. Comparison groups were stratified by age (4-7 years vs. 8-12 years), sex (male vs. female), and time (at diagnosis vs. 24 months postdiagnosis). The QOLCE-16 demonstrated measurement equivalence at the level of strict invariance for each comparison group tested - age: χ2 (3, 274) = 429.6, p < 0.001; comparative fit index (CFI) = 0.985; root mean square error of approximation (RMSEA) = 0.056 (0.046, 0.066); sex: χ2 (3, 271) = 430.5, p < 0.001; CFI = 0.984; RMSEA = 0.057 (0.047, 0.067); and time: χ2 (3, 269) = 566.4, p < 0.001; CFI = 0.985; RMSEA = 0.059 (0.052, 0.066). The findings provide support for the robust psychometric profile of the QOLCE-16 as a reliable and valid measure of health-related quality of life for children with epilepsy. Demonstrating good properties and a multidimensional structure, the QOLCE-16 is an appropriate short measure for both clinicians and researchers wanting to obtain health-related quality of life information on children with epilepsy.",Goodwin SW; Ferro MA; Speechley KN,Epilepsy & behavior : E&B,2019,"Journal Article; Multicenter Study; Research Support, Non-U.S. Gov't",https://pubmed.ncbi.nlm.nih.gov/30530137/,2026-08-20,10.1016/j.yebeh.2018.11.024,"Measurement equivalence of the short-form Quality of Life in Childhood Epilepsy Questionnaire (QOLCE-16). The aim of this study was to assess measurement equivalence in the 16-item short-form Quality of Life in Childhood Epilepsy Questionnaire (QOLCE-16) across age, sex, and time in a sample of children with newly diagnosed epilepsy. Data came from 373 children participating in the Health-related Quality of Life in Children with Epilepsy Study (HERQULES), a multicenter prospective cohort study. Measurement equivalence was assessed using multigroup confirmatory factor analysis methods. Comparison groups were stratified by age (4-7 years vs. 8-12 years), sex (male vs. female), and time (at diagnosis vs. 24 months postdiagnosis). The QOLCE-16 demonstrated measurement equivalence at the level of strict invariance for each comparison group tested - age: χ2 (3, 274) = 429.6, p < 0.001; comparative fit index (CFI) = 0.985; root mean square error of approximation (RMSEA) = 0.056 (0.046, 0.066); sex: χ2 (3, 271) = 430.5, p < 0.001; CFI = 0.984; RMSEA = 0.057 (0.047, 0.067); and time: χ2 (3, 269) = 566.4, p < 0.001; CFI = 0.985; RMSEA = 0.059 (0.052, 0.066). The findings provide support for the robust psychometric profile of the QOLCE-16 as a reliable and valid measure of health-related quality of life for children with epilepsy. Demonstrating good properties and a multidimensional structure, the QOLCE-16 is an appropriate short measure for both clinicians and researchers wanting to obtain health-related quality of life information on children with epilepsy.",14,PMID-30530137,PubMed,title_abstract,PENDING_HUMAN_REVIEW,Machine-ranked candidate; no inclusion decision,,,Transparent relevance score: 14
NR-PUBMED-02,25627670,10.1007/s11136-015-0927-5,Assessing measurement invariance of three depression scales between neurologic samples and community samples.,"Measurement invariance is necessary for meaningful group comparisons. The purpose of this study was to test measurement invariance of three patient-reported measures of depressive symptoms between neurologic and community samples. The instruments tested included the center for epidemiologic studies depression scale (CESD-20), the patient health questionnaire-9 (PHQ-9), and the patient-reported outcome measurement information system depression short form (PROMIS-D-8). Responses from a community sample were compared to responses from samples with two neurologic conditions: multiple sclerosis and spinal cord injury. Multi-group confirmatory factor analysis was used to evaluate successive levels of measurement invariance: (a) configural invariance, i.e., equivalent item factor structure between groups; (b) metric invariance, i.e., equivalent unstandardized factor loadings between groups; and (c) scalar invariance, i.e., equivalent item intercepts between groups. Results of this study supported metric invariance for the CESD-20, PHQ-9, and PROMIS-D-8 scores between the community sample and the samples with neurologic conditions. The most rigorous form of invariance (i.e., scalar) also holds for the CESD-20 and the PROMIS-D-8. The current study suggests that depressive symptoms as measured by three different outcome measures have the same meaning across clinical and community samples. Thus, the use of these measures for group comparisons is supported.",Chung H; Kim J; Askew RL; Jones SM; Cook KF; Amtmann D,"Quality of life research : an international journal of quality of life aspects of treatment, care and rehabilitation",2015,"Journal Article; Research Support, N.I.H., Extramural",https://pubmed.ncbi.nlm.nih.gov/25627670/,2026-08-20,10.1007/s11136-015-0927-5,"Assessing measurement invariance of three depression scales between neurologic samples and community samples. Measurement invariance is necessary for meaningful group comparisons. The purpose of this study was to test measurement invariance of three patient-reported measures of depressive symptoms between neurologic and community samples. The instruments tested included the center for epidemiologic studies depression scale (CESD-20), the patient health questionnaire-9 (PHQ-9), and the patient-reported outcome measurement information system depression short form (PROMIS-D-8). Responses from a community sample were compared to responses from samples with two neurologic conditions: multiple sclerosis and spinal cord injury. Multi-group confirmatory factor analysis was used to evaluate successive levels of measurement invariance: (a) configural invariance, i.e., equivalent item factor structure between groups; (b) metric invariance, i.e., equivalent unstandardized factor loadings between groups; and (c) scalar invariance, i.e., equivalent item intercepts between groups. Results of this study supported metric invariance for the CESD-20, PHQ-9, and PROMIS-D-8 scores between the community sample and the samples with neurologic conditions. The most rigorous form of invariance (i.e., scalar) also holds for the CESD-20 and the PROMIS-D-8. The current study suggests that depressive symptoms as measured by three different outcome measures have the same meaning across clinical and community samples. Thus, the use of these measures for group comparisons is supported.",14,PMID-25627670,PubMed,title_abstract,PENDING_HUMAN_REVIEW,Machine-ranked candidate; no inclusion decision,,,Transparent relevance score: 14
NR-PUBMED-03,22835634,10.1556/OH.2012.29379,[Hungarian Diet and Nutritional Status Survey -- the OTAP2009 study. V. Intake of microelements in the Hungarian population].,"For a healthy status the adequate intake of microelements is vital. The Hungarian Diet and Nutritional Status Survey - joining to the European Health Interview Survey - studied the dietary habits of the Hungarian population. The present paper demonstrates the microelement intake. While the intake of iron, copper and zinc was sufficient in males, it was deficient in females according to the Hungarian recommendations. Especially women in their reproductive age ingested iron below the recommendation, thus representing a health risk. In comparison to earlier Hungarian data, zinc and chromium intake decreased unfavorable. Since in Hungary the consumption of the whole grain products with high trace element content is traditionally low, as also reflected in the present study, it would be desirable to increase the contribution of these foods in the diet in order to enhance the intake of microelements.",Lugasi A; Sarkadi Nagy E; Zentai A; Bakacs M; Illés E; Baldauf Z; Martos E,Orvosi hetilap,2012,Journal Article,https://pubmed.ncbi.nlm.nih.gov/22835634/,2026-08-20,10.1556/oh.2012.29379,"[Hungarian Diet and Nutritional Status Survey -- the OTAP2009 study. V. Intake of microelements in the Hungarian population]. For a healthy status the adequate intake of microelements is vital. The Hungarian Diet and Nutritional Status Survey - joining to the European Health Interview Survey - studied the dietary habits of the Hungarian population. The present paper demonstrates the microelement intake. While the intake of iron, copper and zinc was sufficient in males, it was deficient in females according to the Hungarian recommendations. Especially women in their reproductive age ingested iron below the recommendation, thus representing a health risk. In comparison to earlier Hungarian data, zinc and chromium intake decreased unfavorable. Since in Hungary the consumption of the whole grain products with high trace element content is traditionally low, as also reflected in the present study, it would be desirable to increase the contribution of these foods in the diet in order to enhance the intake of microelements.",14,PMID-22835634,PubMed,title_abstract,PENDING_HUMAN_REVIEW,Machine-ranked candidate; no inclusion decision,,,Transparent relevance score: 14
NR-PUBMED-03,21657110,10.1017/s2045796011000060,European comparisons between mental health services.,"When developing accessible, affordable and effective mental health systems, exchange of data between countries is an important moving force towards better mental health care. Unfortunately, health information systems in most countries are weak in the field of mental health, and comparability of data is low. Special international data collection exercises, such as the World Health Organization (WHO) Atlas Project and the WHO Baseline Project have provided valuable insights in the state of mental health systems in countries, but such single-standing data collections are not sustainable solutions. Improvements in routine data collection are urgently needed. The European Commission has initiated major improvements to ensure harmonized and comprehensive health data collection, by introducing the European Community Health Indicators set and the European Health Interview Survey. However, both of these initiatives lack strength in the field of mental health. The neglect of the need for relevant and valid comparable data on mental health systems is in conflict with the importance of mental health for European countries and the objectives of the 'Europe 2020' strategy. The need for valid and comparable mental health services data is today addressed only by single initiatives, such as the Organisation for Economic Co-operation and Development work to establish quality indicators for mental health care. Real leadership in developing harmonized mental health data across Europe is lacking. A European Mental Health Observatory is urgently needed to lead development and implementation of monitoring of mental health and mental health service provision in Europe.",Wahlbeck K,Epidemiology and psychiatric sciences,2011,Comparative Study; Editorial,https://pubmed.ncbi.nlm.nih.gov/21657110/,2026-08-20,10.1017/s2045796011000060,"European comparisons between mental health services. When developing accessible, affordable and effective mental health systems, exchange of data between countries is an important moving force towards better mental health care. Unfortunately, health information systems in most countries are weak in the field of mental health, and comparability of data is low. Special international data collection exercises, such as the World Health Organization (WHO) Atlas Project and the WHO Baseline Project have provided valuable insights in the state of mental health systems in countries, but such single-standing data collections are not sustainable solutions. Improvements in routine data collection are urgently needed. The European Commission has initiated major improvements to ensure harmonized and comprehensive health data collection, by introducing the European Community Health Indicators set and the European Health Interview Survey. However, both of these initiatives lack strength in the field of mental health. The neglect of the need for relevant and valid comparable data on mental health systems is in conflict with the importance of mental health for European countries and the objectives of the 'Europe 2020' strategy. The need for valid and comparable mental health services data is today addressed only by single initiatives, such as the Organisation for Economic Co-operation and Development work to establish quality indicators for mental health care. Real leadership in developing harmonized mental health data across Europe is lacking. A European Mental Health Observatory is urgently needed to lead development and implementation of monitoring of mental health and mental health service provision in Europe.",14,PMID-21657110,PubMed,title_abstract,PENDING_HUMAN_REVIEW,Machine-ranked candidate; no inclusion decision,,,Transparent relevance score: 14
NR-PUBMED-02,33152178,10.1002/acr.24503,Scale Banking for Patient-Reported Outcome Measures That Measure Functioning in Rheumatoid Arthritis: A Daily Activities Metric.,"Functioning is an important outcome for the management of rheumatoid arthritis (RA). Heterogeneity of respective patient-reported outcome measures (PROMs) challenges direct comparisons between their results. This study aimed to standardize reporting of such PROMs measuring functioning in RA to facilitate comparability. Common-item nonequivalent group design with the Health Assessment Questionnaire (HAQ) as a common scale across data sets from various countries (including the UK, Turkey, and Germany) to establish a common metric was used. Other PROMs included are the physical function items of the Multidimensional HAQ (MDHAQ), the Disabilities of the Arm, Shoulder, and Hand questionnaire, the Western Ontario and McMaster Universities Osteoarthritis Index (WOMAC), the World Health Organization Disability Assessment Schedule II (WHODAS II), the Medical Outcomes Study Short Form 36 (SF-36) health survey, and 4 short forms (20, 10, 6, and 4 physical function items) from the Patient-Reported Outcomes Measurement Information System. As the HAQ includes mobility, self-care, and domestic life items, this study focuses on these 3 domains. PROMs were described using standard error of measurement (SEM) and smallest detectable difference (SDD). A Rasch measurement model was used to create the common metric. The range of the SEM was 0.2 (MDHAQ) to 7.4 (SF-36 health survey physical functioning domain). The SDD revealed a range from 9.7% (WOMAC rating scale) to 33.5% (WHODAS physical functioning domain). PROMs co-calibration revealed fit to the Rasch measurement model. A transformation table was developed to allow exchange between PROM scores. Scores between the daily activity PROMs commonly used in RA can now be compared. Factors such as SEM and SDD help to determine the choice of a PROM in clinical practice and research.",Prodinger B; Coenen M; Hammond A; Küçükdeveci AA; Tennant A,Arthritis care & research,2022,"Journal Article; Research Support, Non-U.S. Gov't",https://pubmed.ncbi.nlm.nih.gov/33152178/,2026-08-20,10.1002/acr.24503,"Scale Banking for Patient-Reported Outcome Measures That Measure Functioning in Rheumatoid Arthritis: A Daily Activities Metric. Functioning is an important outcome for the management of rheumatoid arthritis (RA). Heterogeneity of respective patient-reported outcome measures (PROMs) challenges direct comparisons between their results. This study aimed to standardize reporting of such PROMs measuring functioning in RA to facilitate comparability. Common-item nonequivalent group design with the Health Assessment Questionnaire (HAQ) as a common scale across data sets from various countries (including the UK, Turkey, and Germany) to establish a common metric was used. Other PROMs included are the physical function items of the Multidimensional HAQ (MDHAQ), the Disabilities of the Arm, Shoulder, and Hand questionnaire, the Western Ontario and McMaster Universities Osteoarthritis Index (WOMAC), the World Health Organization Disability Assessment Schedule II (WHODAS II), the Medical Outcomes Study Short Form 36 (SF-36) health survey, and 4 short forms (20, 10, 6, and 4 physical function items) from the Patient-Reported Outcomes Measurement Information System. As the HAQ includes mobility, self-care, and domestic life items, this study focuses on these 3 domains. PROMs were described using standard error of measurement (SEM) and smallest detectable difference (SDD). A Rasch measurement model was used to create the common metric. The range of the SEM was 0.2 (MDHAQ) to 7.4 (SF-36 health survey physical functioning domain). The SDD revealed a range from 9.7% (WOMAC rating scale) to 33.5% (WHODAS physical functioning domain). PROMs co-calibration revealed fit to the Rasch measurement model. A transformation table was developed to allow exchange between PROM scores. Scores between the daily activity PROMs commonly used in RA can now be compared. Factors such as SEM and SDD help to determine the choice of a PROM in clinical practice and research.",13,PMID-33152178,PubMed,title_abstract,PENDING_HUMAN_REVIEW,Machine-ranked candidate; no inclusion decision,,,Transparent relevance score: 13
NR-PUBMED-02,33610807,10.1016/j.spinee.2021.02.012,Linking Oswestry Disability Index to the PROMIS pain interference CAT with equipercentile methods.,"When different health care providers use different patient-reported outcome (PRO) instruments, it is challenging to integrate findings that describe particular patient groups or to establish treatment effectiveness across studies. It is therefore critical to develop accurate ways to convert scores between various instruments for clinicians and researchers to make comparisons across health outcomes. To develop a common metric so that scores on the Oswestry Disability Index (ODI) and scores on the PROMIS Physical Function can be converted interchangeably. Data were collected from a prospective study. A single-group linking design was used. The study population included 9020 patients presented to an orthopedic spine clinic from November 2013 to March 2019. Patients completed the ODI and the PROMIS Pain Interference scale delivered by Computerized Adaptive Testing (CAT) at the same time prior to their visit with a spine clinician. Equipercentile linking methods based on log-linear smoothing approach and non-smoothing approach were used to establish a common metric across the two measures. The two measures assess the similar contruct of pain. The correlation between the scores of the ODI and the PROMIS PI was 0.81. The standardized Root Expected Mean Square Difference (REMSD) values for gender, ethnic, and racial groups ranged from 3.55% to 4.81%. Hence, the assumptions for the equipercentile linking method were met. The crosswalk derived linked scores based on the log-linear smoothing method yielded small deviations (Δ = 0.09) from the observed scores. We then identified linked PROMIS-PI scores corresponding to the benchmark ODI scores for the five disability levels and for various categories of patients. This study is the first to create crosswalks to interchangeably convert scores between the ODI to the PROMIS-PI in a large population of spine patients using the equipercentile linking method. The results of this study provide confidence in the validity and usefulness of the derived crosswalks based on the equipercentile linking approach. The crosswalks are helpful for comparing new and old studies on the two measures and identifying benchmark scores for various diseases and disability levels.",Tang X; Schalet BD; Hung M; Brodke DS; Saltzman CL; Cella D,The spine journal : official journal of the North American Spine Society,2021,"Journal Article; Research Support, N.I.H., Extramural",https://pubmed.ncbi.nlm.nih.gov/33610807/,2026-08-20,10.1016/j.spinee.2021.02.012,"Linking Oswestry Disability Index to the PROMIS pain interference CAT with equipercentile methods. When different health care providers use different patient-reported outcome (PRO) instruments, it is challenging to integrate findings that describe particular patient groups or to establish treatment effectiveness across studies. It is therefore critical to develop accurate ways to convert scores between various instruments for clinicians and researchers to make comparisons across health outcomes. To develop a common metric so that scores on the Oswestry Disability Index (ODI) and scores on the PROMIS Physical Function can be converted interchangeably. Data were collected from a prospective study. A single-group linking design was used. The study population included 9020 patients presented to an orthopedic spine clinic from November 2013 to March 2019. Patients completed the ODI and the PROMIS Pain Interference scale delivered by Computerized Adaptive Testing (CAT) at the same time prior to their visit with a spine clinician. Equipercentile linking methods based on log-linear smoothing approach and non-smoothing approach were used to establish a common metric across the two measures. The two measures assess the similar contruct of pain. The correlation between the scores of the ODI and the PROMIS PI was 0.81. The standardized Root Expected Mean Square Difference (REMSD) values for gender, ethnic, and racial groups ranged from 3.55% to 4.81%. Hence, the assumptions for the equipercentile linking method were met. The crosswalk derived linked scores based on the log-linear smoothing method yielded small deviations (Δ = 0.09) from the observed scores. We then identified linked PROMIS-PI scores corresponding to the benchmark ODI scores for the five disability levels and for various categories of patients. This study is the first to create crosswalks to interchangeably convert scores between the ODI to the PROMIS-PI in a large population of spine patients using the equipercentile linking method. The results of this study provide confidence in the validity and usefulness of the derived crosswalks based on the equipercentile linking approach. The crosswalks are helpful for comparing new and old studies on the two measures and identifying benchmark scores for various diseases and disability levels.",13,PMID-33610807,PubMed,title_abstract,PENDING_HUMAN_REVIEW,Machine-ranked candidate; no inclusion decision,,,Transparent relevance score: 13
NR-PUBMED-02,30235003,10.1080/00273171.2018.1491381,"Scoring Depression on a Common Metric: A Comparison of EAP Estimation, Plausible Value Imputation, and Full Bayesian IRT Modeling.","There are a growing number of item response theory (IRT) studies that calibrate different patient-reported outcome (PRO) measures, such as anxiety, depression, physical function, and pain, on common, instrument-independent metrics. In the case of depression, it has been reported that there are considerable mean score differences when scoring on a common metric from different, previously linked instruments. Ideally, those estimates should be the same. We investigated to what extent those differences are influenced by different scoring methods that take into account several levels of uncertainty, such as measurement error (through plausible value imputation) and item parameter uncertainty (through full Bayesian IRT modeling). Depression estimates from different instruments were more similar, and their corresponding confidence/credible intervals were larger when plausible value imputation or Bayesian modeling was used, compared to the direct use of expected a posteriori (EAP) estimates. Furthermore, we explored the use of Bayesian IRT models to update item parameters based on newly collected data.",Fischer HF; Rose M,Multivariate behavioral research,2019,Comparative Study; Journal Article,https://pubmed.ncbi.nlm.nih.gov/30235003/,2026-08-20,10.1080/00273171.2018.1491381,"Scoring Depression on a Common Metric: A Comparison of EAP Estimation, Plausible Value Imputation, and Full Bayesian IRT Modeling. There are a growing number of item response theory (IRT) studies that calibrate different patient-reported outcome (PRO) measures, such as anxiety, depression, physical function, and pain, on common, instrument-independent metrics. In the case of depression, it has been reported that there are considerable mean score differences when scoring on a common metric from different, previously linked instruments. Ideally, those estimates should be the same. We investigated to what extent those differences are influenced by different scoring methods that take into account several levels of uncertainty, such as measurement error (through plausible value imputation) and item parameter uncertainty (through full Bayesian IRT modeling). Depression estimates from different instruments were more similar, and their corresponding confidence/credible intervals were larger when plausible value imputation or Bayesian modeling was used, compared to the direct use of expected a posteriori (EAP) estimates. Furthermore, we explored the use of Bayesian IRT models to update item parameters based on newly collected data.",13,PMID-30235003,PubMed,title_abstract,PENDING_HUMAN_REVIEW,Machine-ranked candidate; no inclusion decision,,,Transparent relevance score: 13
NR-PUBMED-02,24262771,10.1016/j.jclinepi.2013.04.019,Standardization of depression measurement: a common metric was developed for 11 self-report depression measures.,"To provide a standardized metric for the assessment of depression severity to enable comparability among results of established depression measures. A common metric for 11 depression questionnaires was developed applying item response theory (IRT) methods. Data of 33,844 adults were used for secondary analysis including routine assessments of 23,817 in- and outpatients with mental and/or medical conditions (46% with depressive disorders) and a general population sample of 10,027 randomly selected participants from three representative German household surveys. A standardized metric for depression severity was defined by 143 items, and scores were normed to a general population mean of 50 (standard deviation = 10) for easy interpretability. It covers the entire range of depression severity assessed by established instruments. The metric allows comparisons among included measures. Large differences were found in their measurement precision and range, providing a rationale for instrument selection. Published scale-specific threshold scores of depression severity showed remarkable consistencies across different questionnaires. An IRT-based instrument-independent metric for depression severity enables direct comparisons among established measures. The ""common ruler"" simplifies the interpretation of depression assessment by identifying key thresholds for clinical and epidemiologic decision making and facilitates integrative psychometric research across studies, including meta-analysis.",Wahl I; Löwe B; Bjorner JB; Fischer F; Langs G; Voderholzer U; Aita SA; Bergemann N; Brähler E; Rose M,Journal of clinical epidemiology,2014,Journal Article,https://pubmed.ncbi.nlm.nih.gov/24262771/,2026-08-20,10.1016/j.jclinepi.2013.04.019,"Standardization of depression measurement: a common metric was developed for 11 self-report depression measures. To provide a standardized metric for the assessment of depression severity to enable comparability among results of established depression measures. A common metric for 11 depression questionnaires was developed applying item response theory (IRT) methods. Data of 33,844 adults were used for secondary analysis including routine assessments of 23,817 in- and outpatients with mental and/or medical conditions (46% with depressive disorders) and a general population sample of 10,027 randomly selected participants from three representative German household surveys. A standardized metric for depression severity was defined by 143 items, and scores were normed to a general population mean of 50 (standard deviation = 10) for easy interpretability. It covers the entire range of depression severity assessed by established instruments. The metric allows comparisons among included measures. Large differences were found in their measurement precision and range, providing a rationale for instrument selection. Published scale-specific threshold scores of depression severity showed remarkable consistencies across different questionnaires. An IRT-based instrument-independent metric for depression severity enables direct comparisons among established measures. The ""common ruler"" simplifies the interpretation of depression assessment by identifying key thresholds for clinical and epidemiologic decision making and facilitates integrative psychometric research across studies, including meta-analysis.",13,PMID-24262771,PubMed,title_abstract,PENDING_HUMAN_REVIEW,Machine-ranked candidate; no inclusion decision,,,Transparent relevance score: 13
NR-PUBMED-02,17060838,10.1097/01.mlr.0000245438.73837.89,An essay on measurement and factorial invariance.,"Analysis of subgroups such as different ethnic, language, or education groups selected from among a parent population is common in health disparities research. One goal of such analyses is to examine measurement equivalence, which includes both qualitative review of the meaning of items as well as quantitative examination of different levels of factorial invariance and differential item functioning. The purpose of this essay is to review the definitions and assumptions associated with factorial invariance, placing this formulation in the context of bias, fairness, and equity. The connection between the concepts of factorial invariance and item bias (differential item functioning) using a variant of item response theory is discussed. The situations under which different forms of invariance (weak, strong, and strict) are required are discussed. Establishing factorial invariance involves a hierarchy of levels that include tests of weak, strong, and strict invariance. Pattern (metric or weak) factorial invariance implies that the regression slopes are invariant across groups. Pattern invariance requires only invariant factor loadings. Strong factorial invariance implies that the conditional expectation of the response, given the common and specific factors, is invariant across groups. Strong factorial invariance requires that specific factor means (represented as invariant intercepts) also be identical across groups. Strict factorial invariance implies that, in addition, the conditional variance of the response, given the common and specific factors, is invariant across groups. Strict factorial invariance requires that, in addition to equal factor loadings and intercepts, the residual (specific factor plus error variable) variances are equivalent across groups. The concept of measurement invariance that is most closely aligned to that of item response theory considers the latent variable as a common factor measured by manifest variables; the specific factors can be characterized as nuisance variables. Invariance of factor loadings across studied groups is required for valid comparisons of scale score or latent variable means. Strong and strict invariance may be less important in the context of basic research in which group differences in specific factors are indicative of individual differences that are important for scientific exploration. However, for most applications in which the aim is to ensure fairness and equity, strict factorial invariance is required. Health disparities research often focuses on self-reported clinical outcomes such as quality of life that are not observed directly. Latent variable models such as factor analyses are central to establishing valid assessment of such outcomes.",Meredith W; Teresi JA,Medical care,2006,Journal Article; Review,https://pubmed.ncbi.nlm.nih.gov/17060838/,2026-08-20,10.1097/01.mlr.0000245438.73837.89,"An essay on measurement and factorial invariance. Analysis of subgroups such as different ethnic, language, or education groups selected from among a parent population is common in health disparities research. One goal of such analyses is to examine measurement equivalence, which includes both qualitative review of the meaning of items as well as quantitative examination of different levels of factorial invariance and differential item functioning. The purpose of this essay is to review the definitions and assumptions associated with factorial invariance, placing this formulation in the context of bias, fairness, and equity. The connection between the concepts of factorial invariance and item bias (differential item functioning) using a variant of item response theory is discussed. The situations under which different forms of invariance (weak, strong, and strict) are required are discussed. Establishing factorial invariance involves a hierarchy of levels that include tests of weak, strong, and strict invariance. Pattern (metric or weak) factorial invariance implies that the regression slopes are invariant across groups. Pattern invariance requires only invariant factor loadings. Strong factorial invariance implies that the conditional expectation of the response, given the common and specific factors, is invariant across groups. Strong factorial invariance requires that specific factor means (represented as invariant intercepts) also be identical across groups. Strict factorial invariance implies that, in addition, the conditional variance of the response, given the common and specific factors, is invariant across groups. Strict factorial invariance requires that, in addition to equal factor loadings and intercepts, the residual (specific factor plus error variable) variances are equivalent across groups. The concept of measurement invariance that is most closely aligned to that of item response theory considers the latent variable as a common factor measured by manifest variables; the specific factors can be characterized as nuisance variables. Invariance of factor loadings across studied groups is required for valid comparisons of scale score or latent variable means. Strong and strict invariance may be less important in the context of basic research in which group differences in specific factors are indicative of individual differences that are important for scientific exploration. However, for most applications in which the aim is to ensure fairness and equity, strict factorial invariance is required. Health disparities research often focuses on self-reported clinical outcomes such as quality of life that are not observed directly. Latent variable models such as factor analyses are central to establishing valid assessment of such outcomes.",13,PMID-17060838,PubMed,title_abstract,PENDING_HUMAN_REVIEW,Machine-ranked candidate; no inclusion decision,,,Transparent relevance score: 13
NR-PUBMED-01,42362693,10.1038/s44161-026-00831-5,An integrated cell atlas of 2.4 million cardiac cells across 209 individuals in health and disease.,"Cardiovascular disease remains the leading cause of global mortality. Understanding its complexity requires dissecting the heart's cellular landscape. Here we present HeartMap, a comprehensive single-nucleus RNA sequencing atlas of the adult human heart. This resource integrates data from nine studies, encompassing over 2.4 million nuclei, 209 individuals, eight anatomical regions and seven disease and healthy states. After rigorous data harmonization and method comparison of batch correction methods, we characterized transcriptional diversity across 14 cell types. To demonstrate the utility of HeartMap, we identified robust disease-associated gene signatures in dilated cardiomyopathy by comparing multiple studies. Notably, we identified distinct activated fibroblast populations, enriched for COL22A1 or TNC, that display variable prevalence across cardiomyopathies. HeartMap provides a valuable tool for exploring cardiac disease at the single-cell level, facilitating both fundamental research and potential therapeutic development.",Datar Y; Chaffin M; Simonson B; Mandia A; Ellinor PT,Nature cardiovascular research,2026,Journal Article,https://pubmed.ncbi.nlm.nih.gov/42362693/,2026-08-20,10.1038/s44161-026-00831-5,"An integrated cell atlas of 2.4 million cardiac cells across 209 individuals in health and disease. Cardiovascular disease remains the leading cause of global mortality. Understanding its complexity requires dissecting the heart's cellular landscape. Here we present HeartMap, a comprehensive single-nucleus RNA sequencing atlas of the adult human heart. This resource integrates data from nine studies, encompassing over 2.4 million nuclei, 209 individuals, eight anatomical regions and seven disease and healthy states. After rigorous data harmonization and method comparison of batch correction methods, we characterized transcriptional diversity across 14 cell types. To demonstrate the utility of HeartMap, we identified robust disease-associated gene signatures in dilated cardiomyopathy by comparing multiple studies. Notably, we identified distinct activated fibroblast populations, enriched for COL22A1 or TNC, that display variable prevalence across cardiomyopathies. HeartMap provides a valuable tool for exploring cardiac disease at the single-cell level, facilitating both fundamental research and potential therapeutic development.",12,PMID-42362693,PubMed,title_abstract,PENDING_HUMAN_REVIEW,Machine-ranked candidate; no inclusion decision,,,Transparent relevance score: 12
NR-PUBMED-03,41813166,10.2196/67088,Design and Performance of an Email-Based Patient Recruitment Campaign in Primary Care Research: Formative Secondary Analysis.,"Recruiting patients in primary care research remains challenging due to clinical workload, staffing constraints, and the need to limit disruption to routine care. Traditional recruitment methods often place a substantial burden on clinics, prompting research teams to adopt low-burden and scalable approaches such as email-based recruitment. Despite its growing use, limited empirical evidence describes how email recruitment campaigns are designed and how they perform when targeting primary care patients in real-world settings. This study aims to descriptively examine engagement metrics from an email recruitment campaign targeting primary care patients. We conducted a formative, descriptive secondary analysis of engagement metrics generated during a large-scale email recruitment campaign conducted as part of the Quebec component of the Patient-Reported Indicator Survey-Organisation for Economic Co-operation and Development survey. Between June 2023 and January 2024, a total of 12 primary care clinics invited eligible adult patients (aged ≥45 years) to complete an online survey using a standardized email template distributed via an email marketing platform. Collected engagement metrics included delivery rates, open rates, click-through rates, conversion rates, and device type. Analyses were descriptive and conducted at the clinic level. For 15,277 patients, invitations were successfully delivered to 14,758 (96.6%). The mean open rate for the initial invitation was 73.4% (10,828/14,757; range 57%-88%), decreasing with reminders. Most emails were opened on computers (25,868/30,279, 85.4%). Out of a total of 445 emails, 42 (9.4%) were undelivered due to technical issues, and 403 (90.6%) were undelivered due to incorrect email addresses. The overall conversion rate was 9.7% (1430/14,758). Click-through rates varied by content, with the highest engagement observed for the survey link and lower engagement for supplementary video materials. Reminder emails substantially increased survey participation across clinics (759/1138, 66.7%). Participants who completed the questionnaire were predominantly aged 60 to 69 years, identified as female, and had completed postsecondary education. This formative analysis suggests that email-based recruitment is a feasible and low-burden approach for engaging primary care patients in research. Engagement metrics offer valuable insights at the implementation level to inform the design, adaptation, and monitoring of digital recruitment strategies in real-world primary care settings. These findings provide practical, implementation-oriented insights to inform the design, refinement, and evaluation of email recruitment campaigns in primary care research.",Vaillancourt VT; Poirier MD; Fournier A; Wong ST; Poitras ME,JMIR human factors,2026,Journal Article,https://pubmed.ncbi.nlm.nih.gov/41813166/,2026-08-20,10.2196/67088,"Design and Performance of an Email-Based Patient Recruitment Campaign in Primary Care Research: Formative Secondary Analysis. Recruiting patients in primary care research remains challenging due to clinical workload, staffing constraints, and the need to limit disruption to routine care. Traditional recruitment methods often place a substantial burden on clinics, prompting research teams to adopt low-burden and scalable approaches such as email-based recruitment. Despite its growing use, limited empirical evidence describes how email recruitment campaigns are designed and how they perform when targeting primary care patients in real-world settings. This study aims to descriptively examine engagement metrics from an email recruitment campaign targeting primary care patients. We conducted a formative, descriptive secondary analysis of engagement metrics generated during a large-scale email recruitment campaign conducted as part of the Quebec component of the Patient-Reported Indicator Survey-Organisation for Economic Co-operation and Development survey. Between June 2023 and January 2024, a total of 12 primary care clinics invited eligible adult patients (aged ≥45 years) to complete an online survey using a standardized email template distributed via an email marketing platform. Collected engagement metrics included delivery rates, open rates, click-through rates, conversion rates, and device type. Analyses were descriptive and conducted at the clinic level. For 15,277 patients, invitations were successfully delivered to 14,758 (96.6%). The mean open rate for the initial invitation was 73.4% (10,828/14,757; range 57%-88%), decreasing with reminders. Most emails were opened on computers (25,868/30,279, 85.4%). Out of a total of 445 emails, 42 (9.4%) were undelivered due to technical issues, and 403 (90.6%) were undelivered due to incorrect email addresses. The overall conversion rate was 9.7% (1430/14,758). Click-through rates varied by content, with the highest engagement observed for the survey link and lower engagement for supplementary video materials. Reminder emails substantially increased survey participation across clinics (759/1138, 66.7%). Participants who completed the questionnaire were predominantly aged 60 to 69 years, identified as female, and had completed postsecondary education. This formative analysis suggests that email-based recruitment is a feasible and low-burden approach for engaging primary care patients in research. Engagement metrics offer valuable insights at the implementation level to inform the design, adaptation, and monitoring of digital recruitment strategies in real-world primary care settings. These findings provide practical, implementation-oriented insights to inform the design, refinement, and evaluation of email recruitment campaigns in primary care research.",12,PMID-41813166,PubMed,title_abstract,PENDING_HUMAN_REVIEW,Machine-ranked candidate; no inclusion decision,,,Transparent relevance score: 12
NR-PUBMED-03,41515275,10.3390/nu18010159,Dietary Patterns and Depressive Symptom Severity in the Hungarian Adult Population: Evidence from a Nationally Representative Survey.,"Background: Depression represents a major public health burden in Hungary, where prevalence remains higher than the global average. Although diet is an increasingly studied factor associated with mental health, evidence from Central and Eastern Europe is scarce. Methods: This cross-sectional study analyzed data from the Hungarian wave of the European Health Interview Survey (EHIS) 2019, a nationally representative sample of 5603 adults aged ≥15 years. Depressive symptom severity was assessed using the Patient Health Questionnaire-8 (PHQ-8) and categorized as none (0-4), mild (5-9), and moderate-to-severe (≥10). Self-reported frequency of consumption of fruits, vegetables, fruit juice, dairy products, fish, processed meat, sweetened beverages, coffee, and sweeteners was examined. Multivariable ordinal logistic regression models, adjusted for gender, age, education, income, physical activity, smoking, and alcohol consumption, were used to estimate associations with depressive symptom severity. Results: Overall, 77.9% of participants had no depression, 17.0% mild, and 5.1% moderate-to-severe symptoms. After full adjustment, lower consumption of fruits and vegetables, less frequent fruit juice intake, and lower processed meat consumption were associated with higher odds of more severe depressive symptoms. Moderate coffee intake (1-2 cups/day) was associated with lower odds than heavier consumption. Conclusions: In the Hungarian adult population, poorer dietary patterns, particularly low intake of fruits, vegetables, and paradoxically lower processed meat consumption, are significantly associated with greater depressive symptom severity, independent of major sociodemographic and lifestyle factors. These findings underscore the potential role of diet quality in mental health and support public health efforts to promote nutrient-rich dietary patterns in Hungary.",Ulambayar B; Nagy AC,Nutrients,2026,Journal Article,https://pubmed.ncbi.nlm.nih.gov/41515275/,2026-08-20,10.3390/nu18010159,"Dietary Patterns and Depressive Symptom Severity in the Hungarian Adult Population: Evidence from a Nationally Representative Survey. Background: Depression represents a major public health burden in Hungary, where prevalence remains higher than the global average. Although diet is an increasingly studied factor associated with mental health, evidence from Central and Eastern Europe is scarce. Methods: This cross-sectional study analyzed data from the Hungarian wave of the European Health Interview Survey (EHIS) 2019, a nationally representative sample of 5603 adults aged ≥15 years. Depressive symptom severity was assessed using the Patient Health Questionnaire-8 (PHQ-8) and categorized as none (0-4), mild (5-9), and moderate-to-severe (≥10). Self-reported frequency of consumption of fruits, vegetables, fruit juice, dairy products, fish, processed meat, sweetened beverages, coffee, and sweeteners was examined. Multivariable ordinal logistic regression models, adjusted for gender, age, education, income, physical activity, smoking, and alcohol consumption, were used to estimate associations with depressive symptom severity. Results: Overall, 77.9% of participants had no depression, 17.0% mild, and 5.1% moderate-to-severe symptoms. After full adjustment, lower consumption of fruits and vegetables, less frequent fruit juice intake, and lower processed meat consumption were associated with higher odds of more severe depressive symptoms. Moderate coffee intake (1-2 cups/day) was associated with lower odds than heavier consumption. Conclusions: In the Hungarian adult population, poorer dietary patterns, particularly low intake of fruits, vegetables, and paradoxically lower processed meat consumption, are significantly associated with greater depressive symptom severity, independent of major sociodemographic and lifestyle factors. These findings underscore the potential role of diet quality in mental health and support public health efforts to promote nutrient-rich dietary patterns in Hungary.",12,PMID-41515275,PubMed,title_abstract,PENDING_HUMAN_REVIEW,Machine-ranked candidate; no inclusion decision,,,Transparent relevance score: 12
NR-PUBMED-03,41808055,10.1186/s12889-026-26705-w,Estimating the hospitalisation burden of obesity in Europe: evidence from the European health interview survey (EHIS) wave 3.,"BACKGROUND: Obesity represents a significant public health and economic challenge across Europe, driving an increased chronic disease burden and increased hospital utilisation. Despite this impact, cross-national evidence quantifying obesity’s hospitalisation burden remains sparse, and there is only a limited understanding of the potential cost savings achievable through obesity prevalence reduction. METHODS: We analysed European Health Interview Survey (EHIS) Wave 3 (2019) data, encompassing adults aged 18 years and older across eight countries (Belgium, the Netherlands, Germany, Luxembourg, Spain, Italy, Portugal and Denmark). Our primary outcome was the number of hospital nights in the preceding 12 months. We employed negative binomial regression models with zero-inflated specifications to estimate the associations between hospitalisation and body mass index (BMI), alongside sociodemographic, health and lifestyle factors. Simulations were used to project the impacts of a 1% obesity prevalence reduction on hospital expenditures. RESULTS: Compared to normal weight, obesity and underweight were strongly associated with increased hospital nights (IRR = 1.19 and 1.92, respectively), while pre-obesity showed no such association. Hospitalisation increased markedly with age, whereas higher education and income provided protective effects in this regard, reducing stays by 7% and 8%, respectively. Hypertension, diabetes and depressive symptoms substantially elevated hospital utilisation, while physical activity reduced it by 28%. Regional variation emerged, with Southern and Northern Europe reporting lower rates than Western Europe. A 1% obesity prevalence reduction would yield €4.27 billion in annual savings, representing 1.71% of combined hospital budgets. CONCLUSIONS: Obesity and underweight significantly increase hospitalisation across Europe, placing substantial strain on health systems. Preventive strategies that promote healthy weight, physical activity and mental health could markedly reduce hospital demand and generate major economic savings. Even modest reductions in obesity prevalence offer strong health and fiscal benefits, underscoring the importance of sustained investment in prevention-focused public health policies intended to increase equity and healthcare sustainability across European countries.",Mustapa MAC; Larvoe N; El Ghoch M; Kallas Z,BMC public health,2026,Journal Article,https://pubmed.ncbi.nlm.nih.gov/41808055/,2026-08-20,10.1186/s12889-026-26705-w,"Estimating the hospitalisation burden of obesity in Europe: evidence from the European health interview survey (EHIS) wave 3. BACKGROUND: Obesity represents a significant public health and economic challenge across Europe, driving an increased chronic disease burden and increased hospital utilisation. Despite this impact, cross-national evidence quantifying obesity’s hospitalisation burden remains sparse, and there is only a limited understanding of the potential cost savings achievable through obesity prevalence reduction. METHODS: We analysed European Health Interview Survey (EHIS) Wave 3 (2019) data, encompassing adults aged 18 years and older across eight countries (Belgium, the Netherlands, Germany, Luxembourg, Spain, Italy, Portugal and Denmark). Our primary outcome was the number of hospital nights in the preceding 12 months. We employed negative binomial regression models with zero-inflated specifications to estimate the associations between hospitalisation and body mass index (BMI), alongside sociodemographic, health and lifestyle factors. Simulations were used to project the impacts of a 1% obesity prevalence reduction on hospital expenditures. RESULTS: Compared to normal weight, obesity and underweight were strongly associated with increased hospital nights (IRR = 1.19 and 1.92, respectively), while pre-obesity showed no such association. Hospitalisation increased markedly with age, whereas higher education and income provided protective effects in this regard, reducing stays by 7% and 8%, respectively. Hypertension, diabetes and depressive symptoms substantially elevated hospital utilisation, while physical activity reduced it by 28%. Regional variation emerged, with Southern and Northern Europe reporting lower rates than Western Europe. A 1% obesity prevalence reduction would yield €4.27 billion in annual savings, representing 1.71% of combined hospital budgets. CONCLUSIONS: Obesity and underweight significantly increase hospitalisation across Europe, placing substantial strain on health systems. Preventive strategies that promote healthy weight, physical activity and mental health could markedly reduce hospital demand and generate major economic savings. Even modest reductions in obesity prevalence offer strong health and fiscal benefits, underscoring the importance of sustained investment in prevention-focused public health policies intended to increase equity and healthcare sustainability across European countries.",12,PMID-41808055,PubMed,title_abstract,PENDING_HUMAN_REVIEW,Machine-ranked candidate; no inclusion decision,,,Transparent relevance score: 12
NR-PUBMED-03,41923015,10.1186/s12875-026-03288-4,Evaluating the participatory processes within the OECD PaRIS project in Saskatchewan: lessons learned about recruitment and engagement.,"OBJECTIVES: To evaluate the participatory recruitment and engagement processes used in the implementation of the Organisation for Economic Co-operation and Development (OECD) Patient-Reported Indicator Surveys (PaRIS) Project in Saskatchewan, Canada, and to identify lessons to inform future primary care data initiatives. DESIGN: Participatory evaluation using a qualitative, interpretive descriptive approach, guided by a participatory evaluation framework grounded in relational equity. SETTING: Ten purposively selected primary care clinics across Saskatchewan, including academic family medicine units, community health centres, a nurse practitioner–led clinic, and a northern group physician practice, representing urban, rural, remote, and Indigenous-serving areas in the province. PARTICIPANTS: Primary care practitioners (family physicians and nurse practitioners), clinic administrators and medical office assistants, and people with lived experience who were involved in PaRIS survey implementation and interpretation of clinic-level dashboards. INTERVENTION: Clinic-level engagement with OECD PaRIS dashboards presenting aggregated patient-reported experience measures (PREMs) and patient-reported outcome measures (PROMs), supported through relational, trust-based engagement, feedback sessions, and participatory interpretation. PRIMARY AND SECONDARY OUTCOME MEASURES: Perceived effectiveness of recruitment and engagement strategies; experiences of dashboard interpretation and use; identified facilitators, challenges, and opportunities for improvement in participatory primary care data initiatives. RESULTS: Early, trust-based engagement fostered strong clinic participation, a sense of co-ownership of data, and increased willingness to use findings for reflection and quality improvement. Participants described the dashboards as validating and empowering, particularly when supported by contextualized narratives. Key facilitators included relational transparency, clinic-specific feedback, and iterative feedback loops. Challenges included visual complexity of dashboards, limited access to comparative data due to embargoes, time constraints for team-based reflection, and reduced accessibility for some digitally underserved patient groups. Participants identified opportunities to simplify data visualizations, tailor dissemination formats, and extend engagement timelines, particularly when working with Indigenous communities. CONCLUSIONS: Relationship-driven, participatory approaches can meaningfully enhance engagement with PREMs and PROMs in primary care. Embedding relational equity throughout recruitment, data interpretation, and feedback processes supports co-ownership of data and strengthens its relevance for local quality improvement. Our findings offer practical guidance for designing inclusive, culturally responsive primary care data initiatives.",Okpalauwaekwe U; Vanneste R; Andreas B; Lees M; Martin D; Clatney L; Lendzyk P; Tollefson A; Kuzmicz J; Foy K; Muhajarine N; Ramsden VR; PaRIS Saskatchewan Research Team,BMC primary care,2026,Journal Article,https://pubmed.ncbi.nlm.nih.gov/41923015/,2026-08-20,10.1186/s12875-026-03288-4,"Evaluating the participatory processes within the OECD PaRIS project in Saskatchewan: lessons learned about recruitment and engagement. OBJECTIVES: To evaluate the participatory recruitment and engagement processes used in the implementation of the Organisation for Economic Co-operation and Development (OECD) Patient-Reported Indicator Surveys (PaRIS) Project in Saskatchewan, Canada, and to identify lessons to inform future primary care data initiatives. DESIGN: Participatory evaluation using a qualitative, interpretive descriptive approach, guided by a participatory evaluation framework grounded in relational equity. SETTING: Ten purposively selected primary care clinics across Saskatchewan, including academic family medicine units, community health centres, a nurse practitioner–led clinic, and a northern group physician practice, representing urban, rural, remote, and Indigenous-serving areas in the province. PARTICIPANTS: Primary care practitioners (family physicians and nurse practitioners), clinic administrators and medical office assistants, and people with lived experience who were involved in PaRIS survey implementation and interpretation of clinic-level dashboards. INTERVENTION: Clinic-level engagement with OECD PaRIS dashboards presenting aggregated patient-reported experience measures (PREMs) and patient-reported outcome measures (PROMs), supported through relational, trust-based engagement, feedback sessions, and participatory interpretation. PRIMARY AND SECONDARY OUTCOME MEASURES: Perceived effectiveness of recruitment and engagement strategies; experiences of dashboard interpretation and use; identified facilitators, challenges, and opportunities for improvement in participatory primary care data initiatives. RESULTS: Early, trust-based engagement fostered strong clinic participation, a sense of co-ownership of data, and increased willingness to use findings for reflection and quality improvement. Participants described the dashboards as validating and empowering, particularly when supported by contextualized narratives. Key facilitators included relational transparency, clinic-specific feedback, and iterative feedback loops. Challenges included visual complexity of dashboards, limited access to comparative data due to embargoes, time constraints for team-based reflection, and reduced accessibility for some digitally underserved patient groups. Participants identified opportunities to simplify data visualizations, tailor dissemination formats, and extend engagement timelines, particularly when working with Indigenous communities. CONCLUSIONS: Relationship-driven, participatory approaches can meaningfully enhance engagement with PREMs and PROMs in primary care. Embedding relational equity throughout recruitment, data interpretation, and feedback processes supports co-ownership of data and strengthens its relevance for local quality improvement. Our findings offer practical guidance for designing inclusive, culturally responsive primary care data initiatives.",12,PMID-41923015,PubMed,title_abstract,PENDING_HUMAN_REVIEW,Machine-ranked candidate; no inclusion decision,,,Transparent relevance score: 12
NR-PUBMED-01,41167399,10.1016/j.ajcnut.2025.10.016,Insulinemic and inflammatory dietary patterns and colorectal cancer risk: a dietary data harmonization study of one million participants in the Consortium of Metabolomics Studies (COMETS).,"Inflammatory and insulinemic dietary patterns have been associated with colorectal cancer (CRC) risk, but generalizability across diverse populations with heterogeneous food supplies and dietary behaviors has not been established. We harmonized disparate dietary and covariate data on a large scale to compute the reverse Empirical Dietary Index for Hyperinsulinemia (rEDIH), reverse Empirical Dietary Inflammatory Pattern (rEDIP), and Healthy Eating Index (HEI)-2015 scores, and tested their associations with CRC risk. We leveraged data among 501,892 women and 407,390 men from 6 cohorts across the United States (NIH-AARP, Multi-Ethnic Study of Atherosclerosis, Prostate, Lung, Colorectal, and Ovarian, SCCS) and Europe (EPIC, ATBC) with varying sociodemographic characteristics, participating in the Consortium of Metabolomics Studies. We harmonized nomenclature and nutritional information of >800 unique food items across cohorts. We used multivariable-adjusted Cox regression, adjusting for demographic, clinical, and lifestyle factors, to calculate hazard ratios (HRs) and 95% confidence intervals (CIs) for the associations between the dietary indices and CRC risk per cohort, then meta-analyzed the estimates. During a median follow-up of 14.9 y, 16,525 incident CRC cases were diagnosed. Participants in the highest quintile of rEDIH (low-insulinemic diet) had an 18% reduced risk of CRC (HR: 0.82; 95% CI: 0.78, 0.86) compared with those in the lowest quintile. For the same comparison, similar risk reductions were observed for rEDIP (anti-inflammatory diet) (HR: 0.84; 95% CI: 0.80, 0.89) and HEI-2015 (overall dietary quality) (HR: 0.80; 95% CI: 0.76, 0.85). Heterogeneity between cohorts in the meta-analyzed estimates was low for rEDIH (I2 = 22.3%) compared with rEDIP (I2 = 62.5%) and HEI-2015 (I2=83.9%). Using carefully harmonized data from nearly 1 million individuals in the United States and Europe, we observed significant CRC risk reduction with habitual intake of low-insulinemic and anti-inflammatory dietary patterns, comparable with higher overall dietary quality. Study findings underscore the utility of these dietary patterns for global cancer prevention efforts.",Shi N; Hoobler R; Harewood R; Toland AE; Albanes D; Bouras E; Gunter MJ; Liao LM; Moore SC; Ricceri F; Rotter JI; Sinha R; Stolzenberg-Solomon R; Tjønneland A; Wood AC; Yu D; Playdon MC; Tabung FK,The American journal of clinical nutrition,2026,Journal Article,https://pubmed.ncbi.nlm.nih.gov/41167399/,2026-08-20,10.1016/j.ajcnut.2025.10.016,"Insulinemic and inflammatory dietary patterns and colorectal cancer risk: a dietary data harmonization study of one million participants in the Consortium of Metabolomics Studies (COMETS). Inflammatory and insulinemic dietary patterns have been associated with colorectal cancer (CRC) risk, but generalizability across diverse populations with heterogeneous food supplies and dietary behaviors has not been established. We harmonized disparate dietary and covariate data on a large scale to compute the reverse Empirical Dietary Index for Hyperinsulinemia (rEDIH), reverse Empirical Dietary Inflammatory Pattern (rEDIP), and Healthy Eating Index (HEI)-2015 scores, and tested their associations with CRC risk. We leveraged data among 501,892 women and 407,390 men from 6 cohorts across the United States (NIH-AARP, Multi-Ethnic Study of Atherosclerosis, Prostate, Lung, Colorectal, and Ovarian, SCCS) and Europe (EPIC, ATBC) with varying sociodemographic characteristics, participating in the Consortium of Metabolomics Studies. We harmonized nomenclature and nutritional information of >800 unique food items across cohorts. We used multivariable-adjusted Cox regression, adjusting for demographic, clinical, and lifestyle factors, to calculate hazard ratios (HRs) and 95% confidence intervals (CIs) for the associations between the dietary indices and CRC risk per cohort, then meta-analyzed the estimates. During a median follow-up of 14.9 y, 16,525 incident CRC cases were diagnosed. Participants in the highest quintile of rEDIH (low-insulinemic diet) had an 18% reduced risk of CRC (HR: 0.82; 95% CI: 0.78, 0.86) compared with those in the lowest quintile. For the same comparison, similar risk reductions were observed for rEDIP (anti-inflammatory diet) (HR: 0.84; 95% CI: 0.80, 0.89) and HEI-2015 (overall dietary quality) (HR: 0.80; 95% CI: 0.76, 0.85). Heterogeneity between cohorts in the meta-analyzed estimates was low for rEDIH (I2 = 22.3%) compared with rEDIP (I2 = 62.5%) and HEI-2015 (I2=83.9%). Using carefully harmonized data from nearly 1 million individuals in the United States and Europe, we observed significant CRC risk reduction with habitual intake of low-insulinemic and anti-inflammatory dietary patterns, comparable with higher overall dietary quality. Study findings underscore the utility of these dietary patterns for global cancer prevention efforts.",12,PMID-41167399,PubMed,title_abstract,PENDING_HUMAN_REVIEW,Machine-ranked candidate; no inclusion decision,,,Transparent relevance score: 12
NR-PUBMED-03,42075612,10.3390/medicina62040740,Lifestyle and Health Characteristics of the Adult Population of Serbia with Type 2 Diabetes Mellitus.,"Background and Objectives: Diabetes is one of the most common chronic non-communicable diseases and represents a major public health problem. At the global level, the epidemic character of diabetes mellitus can be attributed to an extended life expectancy but also to lifestyle. The aim of this study was to examine the sociodemographic, health, and lifestyle characteristics of adults with type 2 diabetes mellitus in Serbia. Materials and Methods: The research is part of the Serbian Population Health Survey conducted in the period from October to December 2019 by the Republic Statistical Office, in cooperation with the Institute of Public Health of Serbia ""Dr Milan Jovanović Batut"" and the Ministry of Health of the Republic of Serbia. The research instrument was standardized questionnaires constructed in accordance with the European Health Interview Survey (EHIS-European Health Interview Survey, wave 3) questionnaire, which were adapted to the specifics of our area. The research was conducted as a cross-sectional study on a representative sample of the adult population of Serbia. Results: Among 1138 adults with type 2 diabetes in Serbia (52.8% female; mean age 66.0 ± 11.9 years), overweight and obesity were highly prevalent (40.1% and 34.4%, respectively), with Obesity I predominating. Significant gender differences were observed: female more often reported obesity, multimorbidity, and depressive symptoms, whereas men were more physically active and more frequently overweight. Most participants were physically inactive, consumed breakfast and bread daily, and had low engagement in cycling and sports. Alcohol consumption was significantly higher in men, while dietary habits differed by gender for bread intake. These findings highlight substantial gender- and lifestyle-related disparities among adults with type 2 diabetes in Serbia. Conclusions: Targeted interventions promoting healthy lifestyle, physical activity, psychosocial support, and chronic disease management are urgently needed to address gender- and lifestyle-related disparities in adults with type 2 diabetes in Serbia.",Toroitich EK; Mihaljevic O; Radovanovic S; Simic Vukomanovic I; Selakovic JR; Selakovic V; Zdravkovic M; Zdravkovic N; Stojic V; Radevic S; Janicijevic K; Stepovic M; Tepavcevic M; Delic S; Jeremic D,"Medicina (Kaunas, Lithuania)",2026,Journal Article,https://pubmed.ncbi.nlm.nih.gov/42075612/,2026-08-20,10.3390/medicina62040740,"Lifestyle and Health Characteristics of the Adult Population of Serbia with Type 2 Diabetes Mellitus. Background and Objectives: Diabetes is one of the most common chronic non-communicable diseases and represents a major public health problem. At the global level, the epidemic character of diabetes mellitus can be attributed to an extended life expectancy but also to lifestyle. The aim of this study was to examine the sociodemographic, health, and lifestyle characteristics of adults with type 2 diabetes mellitus in Serbia. Materials and Methods: The research is part of the Serbian Population Health Survey conducted in the period from October to December 2019 by the Republic Statistical Office, in cooperation with the Institute of Public Health of Serbia ""Dr Milan Jovanović Batut"" and the Ministry of Health of the Republic of Serbia. The research instrument was standardized questionnaires constructed in accordance with the European Health Interview Survey (EHIS-European Health Interview Survey, wave 3) questionnaire, which were adapted to the specifics of our area. The research was conducted as a cross-sectional study on a representative sample of the adult population of Serbia. Results: Among 1138 adults with type 2 diabetes in Serbia (52.8% female; mean age 66.0 ± 11.9 years), overweight and obesity were highly prevalent (40.1% and 34.4%, respectively), with Obesity I predominating. Significant gender differences were observed: female more often reported obesity, multimorbidity, and depressive symptoms, whereas men were more physically active and more frequently overweight. Most participants were physically inactive, consumed breakfast and bread daily, and had low engagement in cycling and sports. Alcohol consumption was significantly higher in men, while dietary habits differed by gender for bread intake. These findings highlight substantial gender- and lifestyle-related disparities among adults with type 2 diabetes in Serbia. Conclusions: Targeted interventions promoting healthy lifestyle, physical activity, psychosocial support, and chronic disease management are urgently needed to address gender- and lifestyle-related disparities in adults with type 2 diabetes in Serbia.",12,PMID-42075612,PubMed,title_abstract,PENDING_HUMAN_REVIEW,Machine-ranked candidate; no inclusion decision,,,Transparent relevance score: 12
NR-PUBMED-02,40958450,10.1177/10731911251367122,Personal Recovery in the General Population: Comparison of Psychometric Properties of the Brief INSPIRE-O in Those With and Without Common Mental Disorders.,"The 5-item Brief INSPIRE-O instrument, based on the Connectedness, Hope, Identity, Meaning in Life, and Empowerment framework, is a novel tool to assess personal recovery. Although initially developed for clinical populations, its conceptual alignment with core dimensions of psychological well-being suggests its potential applicability to a broader audience. The current study aimed to examine its validity, reliability, and measurement invariance across people with and without common mental disorders (CMDs). The scale was administered in a Dutch general population sample (n = 5,451). Confirmatory factor analyses supported a unidimensional structure with robust factor loadings and scalar invariance across individuals with and without CMDs in the past year. In addition, the Brief INPSIRE-O showed acceptable reliability (ω = .71-.78) and the expected pattern of correlations with other health indicators supported its construct validity. In conclusion, the Brief INSPIRE-O appears to be a psychometrically sound measure of positive psychological functioning that can be validly used and compared across people with and without CMDs.",Ruan X; Vergeer-Hagoort F; Ten Have M; Luik AI; Tuithof M; Bohlmeijer E; Ten Klooster PM,Assessment,2026,Journal Article; Comparative Study; Validation Study,https://pubmed.ncbi.nlm.nih.gov/40958450/,2026-08-20,10.1177/10731911251367122,"Personal Recovery in the General Population: Comparison of Psychometric Properties of the Brief INSPIRE-O in Those With and Without Common Mental Disorders. The 5-item Brief INSPIRE-O instrument, based on the Connectedness, Hope, Identity, Meaning in Life, and Empowerment framework, is a novel tool to assess personal recovery. Although initially developed for clinical populations, its conceptual alignment with core dimensions of psychological well-being suggests its potential applicability to a broader audience. The current study aimed to examine its validity, reliability, and measurement invariance across people with and without common mental disorders (CMDs). The scale was administered in a Dutch general population sample (n = 5,451). Confirmatory factor analyses supported a unidimensional structure with robust factor loadings and scalar invariance across individuals with and without CMDs in the past year. In addition, the Brief INPSIRE-O showed acceptable reliability (ω = .71-.78) and the expected pattern of correlations with other health indicators supported its construct validity. In conclusion, the Brief INSPIRE-O appears to be a psychometrically sound measure of positive psychological functioning that can be validly used and compared across people with and without CMDs.",12,PMID-40958450,PubMed,title_abstract,PENDING_HUMAN_REVIEW,Machine-ranked candidate; no inclusion decision,,,Transparent relevance score: 12
NR-PUBMED-01,42208539,10.1016/j.medj.2026.101146,Rethinking healthcare data interoperability in the age of large language models.,"Electronic health records contain extensive real-world clinical data, but their effective use is hindered by data heterogeneity and interoperability challenges. Traditional post hoc standardization is costly and labor-intensive and reduces data granularity. Large language models enable analysis of unstructured data without full harmonization but lack precision for some tasks. We propose a hybrid strategy that combines large-language-model-based analysis of legacy data with prospectively standardized data, offering a scalable alternative that challenges the need for retrospective data harmonization and improves interoperability.",von Arnim G; Kohler S; Hegselmann S; Marschollek M; Eils R; Wild B,"Med (New York, N.Y.)",2026,Journal Article; Review,https://pubmed.ncbi.nlm.nih.gov/42208539/,2026-08-20,10.1016/j.medj.2026.101146,"Rethinking healthcare data interoperability in the age of large language models. Electronic health records contain extensive real-world clinical data, but their effective use is hindered by data heterogeneity and interoperability challenges. Traditional post hoc standardization is costly and labor-intensive and reduces data granularity. Large language models enable analysis of unstructured data without full harmonization but lack precision for some tasks. We propose a hybrid strategy that combines large-language-model-based analysis of legacy data with prospectively standardized data, offering a scalable alternative that challenges the need for retrospective data harmonization and improves interoperability.",12,PMID-42208539,PubMed,title_abstract,PENDING_HUMAN_REVIEW,Machine-ranked candidate; no inclusion decision,,,Transparent relevance score: 12
NR-PUBMED-03,42568083,10.1186/s13690-026-02023-w,Social support and country-level factors associated with cancer screening participation in 18 European countries: a multilevel analysis of the European Health Interview Survey.,"Amid the rising burden of cancer in Europe, participation in colorectal, breast, and cervical cancer screening programmes remains inadequate. The potential role of social support in increasing screening uptake across different types of cancer screening and within multinational contexts remains underexplored. Two-level multilevel analyses were conducted using data from the European Health Interview Survey Wave 3 in 18 European countries. We analysed data from subsamples of participants who responded to the questions for colorectal (n = 65,089), breast (n = 35,281), and cervical (n = 36,763) cancer screening. Social support was measured using the Oslo-3 Social Support Scale. Participants were classified as overdue for screening according to cancer-specific guidelines for different target age groups. The overall prevalence of being overdue was 43% for colorectal, 31% for breast, and 19% for cervical tests; however, substantial variation was observed between countries (i.e., from 22% in Denmark to 72% in Greece for colorectal, 4% in Sweden to 57% in Estonia for breast, and 6% in Sweden to 43% in the Netherlands for cervical screenings). Stronger social support was associated with a greater likelihood of being up to date with cancer screening, with stronger associations observed for breast and cervical cancers than for colorectal cancer. Country-level factors, including screening programme availability, social progress, out-of-pocket payments, and general practitioner density, explained nearly half of the variation in breast and colorectal cancer screening uptake, but less so for cervical cancer. Interventions promoting screening uptake should consider strengthening individual-level social support and addressing contextual-level structural barriers.",Armstrong MC; Johansson M; Rosenberg M; Ng N,Archives of public health = Archives belges de sante publique,2026,Journal Article,https://pubmed.ncbi.nlm.nih.gov/42568083/,2026-08-20,10.1186/s13690-026-02023-w,"Social support and country-level factors associated with cancer screening participation in 18 European countries: a multilevel analysis of the European Health Interview Survey. Amid the rising burden of cancer in Europe, participation in colorectal, breast, and cervical cancer screening programmes remains inadequate. The potential role of social support in increasing screening uptake across different types of cancer screening and within multinational contexts remains underexplored. Two-level multilevel analyses were conducted using data from the European Health Interview Survey Wave 3 in 18 European countries. We analysed data from subsamples of participants who responded to the questions for colorectal (n = 65,089), breast (n = 35,281), and cervical (n = 36,763) cancer screening. Social support was measured using the Oslo-3 Social Support Scale. Participants were classified as overdue for screening according to cancer-specific guidelines for different target age groups. The overall prevalence of being overdue was 43% for colorectal, 31% for breast, and 19% for cervical tests; however, substantial variation was observed between countries (i.e., from 22% in Denmark to 72% in Greece for colorectal, 4% in Sweden to 57% in Estonia for breast, and 6% in Sweden to 43% in the Netherlands for cervical screenings). Stronger social support was associated with a greater likelihood of being up to date with cancer screening, with stronger associations observed for breast and cervical cancers than for colorectal cancer. Country-level factors, including screening programme availability, social progress, out-of-pocket payments, and general practitioner density, explained nearly half of the variation in breast and colorectal cancer screening uptake, but less so for cervical cancer. Interventions promoting screening uptake should consider strengthening individual-level social support and addressing contextual-level structural barriers.",12,PMID-42568083,PubMed,title_abstract,PENDING_HUMAN_REVIEW,Machine-ranked candidate; no inclusion decision,,,Transparent relevance score: 12
NR-PUBMED-03,40649013,10.3390/jcm14134641,Artificial Sweeteners and Cardiovascular Risk in Hungary: Beyond Traditional Risk Factors.,"Background/Objectives: Cardiovascular disease (CVD) remains a leading cause of mortality in Hungary, with rising obesity and diabetes rates exacerbating the burden. Artificial sweeteners, promoted as healthier alternatives to sugar, have been linked to CVD risk in other populations, but evidence in Hungary is limited. This study aims to investigate the association between artificial sweetener use and CVD prevalence in a Hungarian population, independent of traditional risk factors, using data from the 2019 European Health Interview Survey (EHIS). Methods: This cross-sectional study analyzed EHIS data (n = 5603), categorizing participants by self-reported CVD diagnoses (hypertension, coronary artery disease, myocardial infarction, or stroke). Variables included artificial sweetener use, age, sex, education, income, smoking, alcohol consumption, physical activity, diabetes, and body mass index (BMI). Chi-square tests and multivariate logistic regression, adjusted for sampling weights, were employed to assess associations. Results: Of 5603 participants, 38.7% had CVD and 16.4% used artificial sweeteners. Older age, female sex, lower education, long-term smoking cessation, obesity, diabetes, and physical inactivity increased CVD risk, while moderate alcohol consumption and sports were protective. Artificial sweetener use was significantly associated with higher CVD prevalence (OR: 1.21, 95% CI: 1.01-1.46, p = 0.01), independent of other risk factors. Conclusions: Artificial sweetener use is associated with increased CVD risk in Hungary, suggesting a need for further research and public health strategies to address this potential risk.",Ulambayar B; Nagy AC,Journal of clinical medicine,2025,Journal Article,https://pubmed.ncbi.nlm.nih.gov/40649013/,2026-08-20,10.3390/jcm14134641,"Artificial Sweeteners and Cardiovascular Risk in Hungary: Beyond Traditional Risk Factors. Background/Objectives: Cardiovascular disease (CVD) remains a leading cause of mortality in Hungary, with rising obesity and diabetes rates exacerbating the burden. Artificial sweeteners, promoted as healthier alternatives to sugar, have been linked to CVD risk in other populations, but evidence in Hungary is limited. This study aims to investigate the association between artificial sweetener use and CVD prevalence in a Hungarian population, independent of traditional risk factors, using data from the 2019 European Health Interview Survey (EHIS). Methods: This cross-sectional study analyzed EHIS data (n = 5603), categorizing participants by self-reported CVD diagnoses (hypertension, coronary artery disease, myocardial infarction, or stroke). Variables included artificial sweetener use, age, sex, education, income, smoking, alcohol consumption, physical activity, diabetes, and body mass index (BMI). Chi-square tests and multivariate logistic regression, adjusted for sampling weights, were employed to assess associations. Results: Of 5603 participants, 38.7% had CVD and 16.4% used artificial sweeteners. Older age, female sex, lower education, long-term smoking cessation, obesity, diabetes, and physical inactivity increased CVD risk, while moderate alcohol consumption and sports were protective. Artificial sweetener use was significantly associated with higher CVD prevalence (OR: 1.21, 95% CI: 1.01-1.46, p = 0.01), independent of other risk factors. Conclusions: Artificial sweetener use is associated with increased CVD risk in Hungary, suggesting a need for further research and public health strategies to address this potential risk.",12,PMID-40649013,PubMed,title_abstract,PENDING_HUMAN_REVIEW,Machine-ranked candidate; no inclusion decision,,,Transparent relevance score: 12
NR-PUBMED-02,41039292,10.1186/s12888-025-07463-2,Assessing evidence of measurement invariance of the Mental Health Inventory (MHI-5) by gender in a German adult sample.,"BACKGROUND: The Mental Health Inventory-5 (MHI-5) is an internationally used screening measure for assessing mental health, with evidence supporting validity and reliability in different settings. So far, measurement invariance of the MHI-5, especially regarding gender, has rarely been investigated. Therefore, the aim of this study was to examine measurement invariance of the MHI-5 between men and women in a German population sample to enable valid and generalizable group comparisons. METHODS: A total of 2075 participants (52.5% women) aged 18–64 years (M = 32.7, SD = 11.7) were proactively recruited at a municipal registry office in Germany and completed the MHI-5. The underlying factor structure was examined by comparing a one-factor model to a two-factor model. Multiple group confirmatory factor analysis was used to investigate measurement invariance between men and women. RESULTS: A two-factor structure showed better model fit (χ2(4) = 106.388, Comparative Fit Index, CFI = 0.986) compared to a one-factor structure (χ2(5) = 193.652, CFI = 0.974). Constraining thresholds to equality did not lead to a significant loss of fit (χ2(10) = 9.370; p = .497, ΔCFI = .005). Further constraining loadings also did not reduce model fit (Δχ2(3) = 2.036; p = .565, ΔCFI = .001). CONCLUSION: The results demonstrated threshold and loading invariance for the MHI-5 between men and women. These findings suggest that the MHI-5 can be used for meaningful comparisons of latent means between men and women in the German population. TRIAL REGISTRATION: German Clinical Trials Register (trial registration number: DRKS00014274, date of registration: 12 March 2018).",Savic B; Staudt A; Moehring A; Guertler D; Rumpf HJ; John U; Baumann S,BMC psychiatry,2025,Journal Article,https://pubmed.ncbi.nlm.nih.gov/41039292/,2026-08-20,10.1186/s12888-025-07463-2,"Assessing evidence of measurement invariance of the Mental Health Inventory (MHI-5) by gender in a German adult sample. BACKGROUND: The Mental Health Inventory-5 (MHI-5) is an internationally used screening measure for assessing mental health, with evidence supporting validity and reliability in different settings. So far, measurement invariance of the MHI-5, especially regarding gender, has rarely been investigated. Therefore, the aim of this study was to examine measurement invariance of the MHI-5 between men and women in a German population sample to enable valid and generalizable group comparisons. METHODS: A total of 2075 participants (52.5% women) aged 18–64 years (M = 32.7, SD = 11.7) were proactively recruited at a municipal registry office in Germany and completed the MHI-5. The underlying factor structure was examined by comparing a one-factor model to a two-factor model. Multiple group confirmatory factor analysis was used to investigate measurement invariance between men and women. RESULTS: A two-factor structure showed better model fit (χ2(4) = 106.388, Comparative Fit Index, CFI = 0.986) compared to a one-factor structure (χ2(5) = 193.652, CFI = 0.974). Constraining thresholds to equality did not lead to a significant loss of fit (χ2(10) = 9.370; p = .497, ΔCFI = .005). Further constraining loadings also did not reduce model fit (Δχ2(3) = 2.036; p = .565, ΔCFI = .001). CONCLUSION: The results demonstrated threshold and loading invariance for the MHI-5 between men and women. These findings suggest that the MHI-5 can be used for meaningful comparisons of latent means between men and women in the German population. TRIAL REGISTRATION: German Clinical Trials Register (trial registration number: DRKS00014274, date of registration: 12 March 2018).",12,PMID-41039292,PubMed,title_abstract,PENDING_HUMAN_REVIEW,Machine-ranked candidate; no inclusion decision,,,Transparent relevance score: 12
NR-PUBMED-01,40573146,10.3390/nu17122035,Comparison of Preconception Diet Scores Across Studies: The PrePARED Consortium.,"Preconception diet and nutritional status are important determinants of reproductive and pregnancy health. As a comprehensive evaluation, this paper describes harmonization of diet data across multiple cohorts including over 50,000 participants and the differences between them. This information may be useful for developing targeted strategies to improve women's diet prior to pregnancy for optimal prenatal health outcomes. The Preconception Period Analysis of Risks and Exposures influencing health and Development (PrePARED) consortium incorporates studies covering the preconception period and includes both couples planning pregnancy and studies covering the reproductive period but not focused on pregnancy. We harmonized data on 56,520 participants from seven cohort studies that collected data during the preconception period. We generated data on diet quality according to the International Federation of Gynecology and Obstetrics (FIGO) nutrition checklist to examine diet quality measures across the cohorts and compare estimates of diet quality across studies. Four studies used food frequency questionnaires; one used a study-specific diet history; one used two 24 h dietary recalls; and one used a short series of general diet questions. Positive responses on the six FIGO questions were tallied to calculate a total diet quality score. Cohort samples varied in terms of age; socioeconomic status; race; ethnicity; and geographic region. Across the cohorts, participants met a median of three or four of the FIGO criteria for diet quality; those most commonly met were recommendations for consumption of meat and protein, while those least commonly met were recommendations for limiting consumption of processed foods and snacks. There was greater variation in meeting recommendations for the consumption of fruits and vegetables; dairy; fish; and whole grains. The percentage meeting ≤ 2 criteria ranged from 6.4% (Coronary Artery Risk Development in Young Adults) to 40.4% (Bogalusa Heart Study). There was wide variability across preconception cohort studies in the extent to which participants met FIGO dietary guidelines. Although studies were conducted in populations that were not likely to be malnourished, it was rare for women to meet all the preconception dietary recommendations. These findings illustrate a need for strategies to promote meeting dietary guidelines prior to conception to improve health outcomes.",Ji L; Sundaresan J; Cranny C; Pan K; Downs DS; Gunderson EP; Mishra G; Pauley A; Potts KS; Shikany JM; Sotres-Alvarez D; Wise LA; Harville EW,Nutrients,2025,Journal Article; Comparative Study,https://pubmed.ncbi.nlm.nih.gov/40573146/,2026-08-20,10.3390/nu17122035,"Comparison of Preconception Diet Scores Across Studies: The PrePARED Consortium. Preconception diet and nutritional status are important determinants of reproductive and pregnancy health. As a comprehensive evaluation, this paper describes harmonization of diet data across multiple cohorts including over 50,000 participants and the differences between them. This information may be useful for developing targeted strategies to improve women's diet prior to pregnancy for optimal prenatal health outcomes. The Preconception Period Analysis of Risks and Exposures influencing health and Development (PrePARED) consortium incorporates studies covering the preconception period and includes both couples planning pregnancy and studies covering the reproductive period but not focused on pregnancy. We harmonized data on 56,520 participants from seven cohort studies that collected data during the preconception period. We generated data on diet quality according to the International Federation of Gynecology and Obstetrics (FIGO) nutrition checklist to examine diet quality measures across the cohorts and compare estimates of diet quality across studies. Four studies used food frequency questionnaires; one used a study-specific diet history; one used two 24 h dietary recalls; and one used a short series of general diet questions. Positive responses on the six FIGO questions were tallied to calculate a total diet quality score. Cohort samples varied in terms of age; socioeconomic status; race; ethnicity; and geographic region. Across the cohorts, participants met a median of three or four of the FIGO criteria for diet quality; those most commonly met were recommendations for consumption of meat and protein, while those least commonly met were recommendations for limiting consumption of processed foods and snacks. There was greater variation in meeting recommendations for the consumption of fruits and vegetables; dairy; fish; and whole grains. The percentage meeting ≤ 2 criteria ranged from 6.4% (Coronary Artery Risk Development in Young Adults) to 40.4% (Bogalusa Heart Study). There was wide variability across preconception cohort studies in the extent to which participants met FIGO dietary guidelines. Although studies were conducted in populations that were not likely to be malnourished, it was rare for women to meet all the preconception dietary recommendations. These findings illustrate a need for strategies to promote meeting dietary guidelines prior to conception to improve health outcomes.",12,PMID-40573146,PubMed,title_abstract,PENDING_HUMAN_REVIEW,Machine-ranked candidate; no inclusion decision,,,Transparent relevance score: 12
NR-PUBMED-03,39174334,10.1136/bmjqs-2024-017301,Development of the Patient-Reported Indicator Surveys (PaRIS) conceptual framework to monitor and improve the performance of primary care for people living with chronic conditions.,"BackgroundThe Organisation for Economic Co-operation and Development (OECD) Patient-Reported Indicator Surveys (PaRIS) initiative aims to support countries in improving care for people living with chronic conditions by collecting information on how people experience the quality and performance of primary and (generalist) ambulatory care services. This paper presents the development of the conceptual framework that underpins the rationale for and the instrumentation of the PaRIS survey. The guidance of an international expert taskforce and the OECD Health Care Quality Indicators framework (2015) provided initial specifications for the framework. Relevant conceptual models and frameworks were then identified from searches in bibliographic databases (Medline, EMBASE and the Health Management Information Consortium). A draft framework was developed through narrative review. The final version was codeveloped following the participation of an international Patient advisory Panel, an international Technical Advisory Community and online international workshops with patient representatives. 85 conceptual models and frameworks were identified through searches. The final framework maps relationships between the following domains (and subdomains): patient-reported outcomes (symptoms, functioning, self-reported health status, health-related quality of life); patient-reported experiences of care (access, comprehensiveness, continuity, coordination, patient safety, person centeredness, self-management support, trust, overall perceived quality of care); health and care capabilities; health behaviours (physical activity, diet, tobacco and alcohol consumption), sociodemographic characteristics and self-reported chronic conditions; delivery system characteristics (clinic, main healthcare professional); health system, policy and context. The PaRIS conceptual framework has been developed through a systematic, accountable and inclusive process. It serves as the basis for the development of the indicators and survey instruments as well as for the generation of specific hypotheses to guide the analysis and interpretation of the findings.",Valderas JM; Porter I; Martin-Delgado J; Rijken M; de Jong J; Groene O; Bloemeke-Cammin J; Sunol R; Williams R; Ballester M; de Bienassis K; Kendir C; Guanais F; de Boer D; van den Berg M,BMJ quality & safety,2025,Journal Article,https://pubmed.ncbi.nlm.nih.gov/39174334/,2026-08-20,10.1136/bmjqs-2024-017301,"Development of the Patient-Reported Indicator Surveys (PaRIS) conceptual framework to monitor and improve the performance of primary care for people living with chronic conditions. BackgroundThe Organisation for Economic Co-operation and Development (OECD) Patient-Reported Indicator Surveys (PaRIS) initiative aims to support countries in improving care for people living with chronic conditions by collecting information on how people experience the quality and performance of primary and (generalist) ambulatory care services. This paper presents the development of the conceptual framework that underpins the rationale for and the instrumentation of the PaRIS survey. The guidance of an international expert taskforce and the OECD Health Care Quality Indicators framework (2015) provided initial specifications for the framework. Relevant conceptual models and frameworks were then identified from searches in bibliographic databases (Medline, EMBASE and the Health Management Information Consortium). A draft framework was developed through narrative review. The final version was codeveloped following the participation of an international Patient advisory Panel, an international Technical Advisory Community and online international workshops with patient representatives. 85 conceptual models and frameworks were identified through searches. The final framework maps relationships between the following domains (and subdomains): patient-reported outcomes (symptoms, functioning, self-reported health status, health-related quality of life); patient-reported experiences of care (access, comprehensiveness, continuity, coordination, patient safety, person centeredness, self-management support, trust, overall perceived quality of care); health and care capabilities; health behaviours (physical activity, diet, tobacco and alcohol consumption), sociodemographic characteristics and self-reported chronic conditions; delivery system characteristics (clinic, main healthcare professional); health system, policy and context. The PaRIS conceptual framework has been developed through a systematic, accountable and inclusive process. It serves as the basis for the development of the indicators and survey instruments as well as for the generation of specific hypotheses to guide the analysis and interpretation of the findings.",12,PMID-39174334,PubMed,title_abstract,PENDING_HUMAN_REVIEW,Machine-ranked candidate; no inclusion decision,,,Transparent relevance score: 12
NR-PUBMED-03,41068859,10.1186/s12889-025-24631-x,Examining cervical cancer screening adherence: how does healthism influence participation?,"BACKGROUND: Cervical cancer is a major public health issue. While HPV screening and vaccination are crucial preventive measures, many countries still struggle to meet the WHO’s participation targets due to a range of systemic, socioeconomic, and psychological barriers. Recent studies suggest that beyond these factors, women’s decisions to attend screening are increasingly shaped by cultural norms that promote health as a personal responsibility, framing participation as both a moral obligation and an expression of a responsible lifestyle. METHODS: This study examines the relationship between a healthy lifestyle and HPV screening participation using data from the European Health Interview Survey (EHIS, 2019) for Italy. We use binomial logistic regression as statistical method, with regular screening attendance (versus irregular) as dependent variable. RESULTS: Our findings indicate that women who adopt healthier lifestyles—particularly in terms of physical activity and dietary habits—are more likely to participate in pap tests. Furthermore, younger women exhibit higher screening participation rates, with early screening initiation (before age 25) associated with greater long-term adherence. CONCLUSIONS: These results suggest that healthism, understood as the pursuit of a healthy lifestyle, plays a significant role in fostering engagement with preventive healthcare measures, although unmeasured confounders may influence both healthy behaviors and screening adherence, thereby limiting the causal interpretation of our findings. Adopting a sociological perspective on surveillance medicine, we argue that healthism is not merely a moral imperative but can serve as a mechanism for empowered agency, encouraging proactive health behaviours. Our findings may inform complementary public health strategies that promote voluntary screening participation by supporting health-oriented behaviours, rather than relying exclusively on top-down interventions. Recognising screening as a social intervention offers a broader analytical framework for addressing cultural and structural barriers to participation, ultimately contributing to more effective and inclusive public health policies.",Ciziceno M; Bertolazzi A; Quaglia V,BMC public health,2025,Journal Article,https://pubmed.ncbi.nlm.nih.gov/41068859/,2026-08-20,10.1186/s12889-025-24631-x,"Examining cervical cancer screening adherence: how does healthism influence participation? BACKGROUND: Cervical cancer is a major public health issue. While HPV screening and vaccination are crucial preventive measures, many countries still struggle to meet the WHO’s participation targets due to a range of systemic, socioeconomic, and psychological barriers. Recent studies suggest that beyond these factors, women’s decisions to attend screening are increasingly shaped by cultural norms that promote health as a personal responsibility, framing participation as both a moral obligation and an expression of a responsible lifestyle. METHODS: This study examines the relationship between a healthy lifestyle and HPV screening participation using data from the European Health Interview Survey (EHIS, 2019) for Italy. We use binomial logistic regression as statistical method, with regular screening attendance (versus irregular) as dependent variable. RESULTS: Our findings indicate that women who adopt healthier lifestyles—particularly in terms of physical activity and dietary habits—are more likely to participate in pap tests. Furthermore, younger women exhibit higher screening participation rates, with early screening initiation (before age 25) associated with greater long-term adherence. CONCLUSIONS: These results suggest that healthism, understood as the pursuit of a healthy lifestyle, plays a significant role in fostering engagement with preventive healthcare measures, although unmeasured confounders may influence both healthy behaviors and screening adherence, thereby limiting the causal interpretation of our findings. Adopting a sociological perspective on surveillance medicine, we argue that healthism is not merely a moral imperative but can serve as a mechanism for empowered agency, encouraging proactive health behaviours. Our findings may inform complementary public health strategies that promote voluntary screening participation by supporting health-oriented behaviours, rather than relying exclusively on top-down interventions. Recognising screening as a social intervention offers a broader analytical framework for addressing cultural and structural barriers to participation, ultimately contributing to more effective and inclusive public health policies.",12,PMID-41068859,PubMed,title_abstract,PENDING_HUMAN_REVIEW,Machine-ranked candidate; no inclusion decision,,,Transparent relevance score: 12
NR-PUBMED-02,40183494,10.1002/eat.24433,"Factor Structure, Internal Consistency, and Measurement Invariance of the Eating Pathology Symptoms Inventory (EPSI) in Transgender and Gender-Diverse Adults.","This study aimed to examine the psychometric properties, including factor structure, internal consistency, and measurement invariance of the Eating Pathology Symptoms Inventory (EPSI) in a large national sample of transgender and gender-diverse (TGD) adults. The sample consisted of 2098 TGD adults-including transgender men (n = 599), transgender women (n = 293), and gender-diverse individuals (n = 1206)-who completed online self-report surveys. Using a subset of the sample, exploratory factor analysis (EFA) was conducted to identify underlying factor structures, followed by confirmatory factor analysis (CFA) to confirm the model fit within each population in the remainder of the sample. Multi-group confirmatory factor analysis (MG-CFA) was used to assess measurement invariance across transgender men, transgender women, and gender-diverse individuals. The EPSI's eight-factor structure was supported across all three TGD groups with strong model fit: transgender men (CFI = 0.985, RMSEA = 0.047, SRMR = 0.078), transgender women (CFI = 0.948, RMSEA = 0.048, SRMR = 0.085), and gender-diverse individuals (CFI = 0.962, RMSEA = 0.040, SRMR = 0.060). Measurement invariance analyses supported that the EPSI was invariant across the groups, facilitating meaningful group comparisons using the inventory. Internal consistency, assessed using McDonald's omega, was acceptable for all subscales (ω = 0.74-0.94). This study provides psychometric support for the EPSI in TGD groups. The results indicate that the EPSI performs reliably and consistently across these groups for assessing eating pathology among gender minority people.",Nagata JM; Otmar CD; Lopez A; Compte EJ; Lavender JM; Brown TA; Forbush KT; Flentje A; Lubensky ME; Obedin-Maliver J; Lunn MR,The International journal of eating disorders,2025,Journal Article,https://pubmed.ncbi.nlm.nih.gov/40183494/,2026-08-20,10.1002/eat.24433,"Factor Structure, Internal Consistency, and Measurement Invariance of the Eating Pathology Symptoms Inventory (EPSI) in Transgender and Gender-Diverse Adults. This study aimed to examine the psychometric properties, including factor structure, internal consistency, and measurement invariance of the Eating Pathology Symptoms Inventory (EPSI) in a large national sample of transgender and gender-diverse (TGD) adults. The sample consisted of 2098 TGD adults-including transgender men (n = 599), transgender women (n = 293), and gender-diverse individuals (n = 1206)-who completed online self-report surveys. Using a subset of the sample, exploratory factor analysis (EFA) was conducted to identify underlying factor structures, followed by confirmatory factor analysis (CFA) to confirm the model fit within each population in the remainder of the sample. Multi-group confirmatory factor analysis (MG-CFA) was used to assess measurement invariance across transgender men, transgender women, and gender-diverse individuals. The EPSI's eight-factor structure was supported across all three TGD groups with strong model fit: transgender men (CFI = 0.985, RMSEA = 0.047, SRMR = 0.078), transgender women (CFI = 0.948, RMSEA = 0.048, SRMR = 0.085), and gender-diverse individuals (CFI = 0.962, RMSEA = 0.040, SRMR = 0.060). Measurement invariance analyses supported that the EPSI was invariant across the groups, facilitating meaningful group comparisons using the inventory. Internal consistency, assessed using McDonald's omega, was acceptable for all subscales (ω = 0.74-0.94). This study provides psychometric support for the EPSI in TGD groups. The results indicate that the EPSI performs reliably and consistently across these groups for assessing eating pathology among gender minority people.",12,PMID-40183494,PubMed,title_abstract,PENDING_HUMAN_REVIEW,Machine-ranked candidate; no inclusion decision,,,Transparent relevance score: 12
NR-PUBMED-03,40998583,10.1136/bmjqs-2025-018548,International survey of people living with chronic conditions: development and evaluation of the PaRIS Patient Questionnaire (PaRIS-PQ) in 18 countries.,"The Patient Reported Indicator Surveys (PaRIS) initiative of the Organisation for Economic Co-operation and Development aimed to develop a valid and reliable instrument for self-reported assessment of health outcomes and experiences in primary and ambulatory care for people living with chronic conditions. This paper reports on the development and evaluation of the PaRIS Patient Questionnaire (PaRIS-PQ) in an 18-country field trial. Following systematic reviews of instruments measuring core domains in the PaRIS conceptual framework (outcomes, experiences, health and healthcare capabilities and health behaviours), four instruments for each domain were shortlisted, and their psychometric performance was assessed using the Evaluating the Measurement of Patient-Reported Outcomes tool. In a modified Delphi procedure, one instrument was selected for each domain, along with additional relevant items. The preliminary English questionnaire was translated and cognitively tested. Psychometric evaluation was conducted on field trial data at item (missingness, distribution, ceiling/floor effects) and scale level (reliability, structure, construct validity). 217 instruments were identified measuring one or more of the domains of the conceptual framework. Following mapping and prioritisation, the first draft of the PaRIS-PQ included 118 items. In the field trial (18 countries, 10 894 patients) median completion time ranged 24-33 minutes. PaRIS-PQ performed well at item and scale level. Reliability was ≥0.70 for most relevant measures at patient level, but not at practice and country level. Validity was adequate overall. Removal of additional items (3) resulted in the final PaRIS-PQ (115 items). PaRIS-PQ demonstrates adequate psychometric performance for measuring experiences and outcomes of primary care for people living with chronic conditions. The instrument facilitates the collection of essential information for health policy and systems decision-making.",Valderas JM; Porter I; Evans JP; Heijmans M; Rijken M; Groene O; Bloemeke-Cammin J; Sunol R; Williams R; Ballester M; de Bienassis K; Kendir C; Guanais F; de Boer D; van den Berg M,BMJ quality & safety,2025,Journal Article,https://pubmed.ncbi.nlm.nih.gov/40998583/,2026-08-20,10.1136/bmjqs-2025-018548,"International survey of people living with chronic conditions: development and evaluation of the PaRIS Patient Questionnaire (PaRIS-PQ) in 18 countries. The Patient Reported Indicator Surveys (PaRIS) initiative of the Organisation for Economic Co-operation and Development aimed to develop a valid and reliable instrument for self-reported assessment of health outcomes and experiences in primary and ambulatory care for people living with chronic conditions. This paper reports on the development and evaluation of the PaRIS Patient Questionnaire (PaRIS-PQ) in an 18-country field trial. Following systematic reviews of instruments measuring core domains in the PaRIS conceptual framework (outcomes, experiences, health and healthcare capabilities and health behaviours), four instruments for each domain were shortlisted, and their psychometric performance was assessed using the Evaluating the Measurement of Patient-Reported Outcomes tool. In a modified Delphi procedure, one instrument was selected for each domain, along with additional relevant items. The preliminary English questionnaire was translated and cognitively tested. Psychometric evaluation was conducted on field trial data at item (missingness, distribution, ceiling/floor effects) and scale level (reliability, structure, construct validity). 217 instruments were identified measuring one or more of the domains of the conceptual framework. Following mapping and prioritisation, the first draft of the PaRIS-PQ included 118 items. In the field trial (18 countries, 10 894 patients) median completion time ranged 24-33 minutes. PaRIS-PQ performed well at item and scale level. Reliability was ≥0.70 for most relevant measures at patient level, but not at practice and country level. Validity was adequate overall. Removal of additional items (3) resulted in the final PaRIS-PQ (115 items). PaRIS-PQ demonstrates adequate psychometric performance for measuring experiences and outcomes of primary care for people living with chronic conditions. The instrument facilitates the collection of essential information for health policy and systems decision-making.",12,PMID-40998583,PubMed,title_abstract,PENDING_HUMAN_REVIEW,Machine-ranked candidate; no inclusion decision,,,Transparent relevance score: 12
NR-PUBMED-03,39915755,10.1186/s12889-025-21507-y,Physical activity and motivational readiness for physical activity behavior change in adults with non-communicable diseases in Germany: a trend analysis of two cross-sectional health surveys from the German GEDA study 2014/2015 and 2019/2020.,"Physical activity (PA) is a cornerstone in maintaining a healthy lifestyle as well as in the prevention and rehabilitation of non-communicable diseases (NCD). First analysis of PA showed lower activity rates in adults with NCD compared to the general population. To improve health monitoring and to address World Health Organization (WHO) recommendations to systematically identify and track efforts to reduce inequalities in PA participation, trend analysis of PA in adults with NCD was performed for the period 2014/15 to 2019/20 for Germany. Furthermore, motivational readiness for PA behavior change was analysed based on the transtheoretical model (TTM). Based on two population-based cross-sectional health surveys (GEDA 2014/15-EHIS and GEDA 2019/20-EHIS) for Germany (N = 46,724), the prevalence of meeting WHO PA guidelines was analysed for adults with certain NCD compared to the general population. PA was assessed by self-report via the European Health Interview Survey- Physical Activity Questionnaire (EHIS-PAQ). Trend analyses and logistic regression models were performed to calculate disease specific Odds Ratios (OR) for fulfilment of PA recommendations. Motivational readiness for PA was assessed with the stages of change according to the TTM with data of GEDA 2014/15-EHIS. Reporting any NCD is associated with lower fulfilment of health-enhancing aerobic PA in both surveys for almost all NCD, with lowest levels among adults reporting stroke, type 2 diabetes mellitus, chronic obstructive pulmonary disease, obesity and coronary heart disease. Sufficient muscle-strengthening was higher in adults with musculoskeletal diseases like osteoarthritis, lower back pain and neck pain compared to adults without these diseases. The prevalence of meeting WHO PA recommendations among adults with NCD remains at a low level. Sufficient health-enhancing aerobic PA tend to decrease in adults with NCD from 2014/15 to 2019/20, while sufficient muscle-strengthening increased in the same period. Motivational readiness for PA is lower for most adults with NCD, compared to the general adult population. Lower rates of WHO PA recommendation fulfilment is recognized for most NCD groups compared to the population without NCD for both surveys, but the proportion of adults with NCD who meet the WHO PA recommendations differ widely between NCD groups. A positive trend from 2014/15 to 2019/20 can only be seen for adults with osteoarthritis. Based on our findings the implementation of PA promotion particular with regards to motivational readiness and disease specific PA measures is strongly recommended to improve prevention and ambulatory health care for adults with NCD.",Wenz B; Graf J; Sudeck G; Geidl W; Manz K; Jordan S; Teti A; Gabrys L,BMC public health,2025,Journal Article,https://pubmed.ncbi.nlm.nih.gov/39915755/,2026-08-20,10.1186/s12889-025-21507-y,"Physical activity and motivational readiness for physical activity behavior change in adults with non-communicable diseases in Germany: a trend analysis of two cross-sectional health surveys from the German GEDA study 2014/2015 and 2019/2020. Physical activity (PA) is a cornerstone in maintaining a healthy lifestyle as well as in the prevention and rehabilitation of non-communicable diseases (NCD). First analysis of PA showed lower activity rates in adults with NCD compared to the general population. To improve health monitoring and to address World Health Organization (WHO) recommendations to systematically identify and track efforts to reduce inequalities in PA participation, trend analysis of PA in adults with NCD was performed for the period 2014/15 to 2019/20 for Germany. Furthermore, motivational readiness for PA behavior change was analysed based on the transtheoretical model (TTM). Based on two population-based cross-sectional health surveys (GEDA 2014/15-EHIS and GEDA 2019/20-EHIS) for Germany (N = 46,724), the prevalence of meeting WHO PA guidelines was analysed for adults with certain NCD compared to the general population. PA was assessed by self-report via the European Health Interview Survey- Physical Activity Questionnaire (EHIS-PAQ). Trend analyses and logistic regression models were performed to calculate disease specific Odds Ratios (OR) for fulfilment of PA recommendations. Motivational readiness for PA was assessed with the stages of change according to the TTM with data of GEDA 2014/15-EHIS. Reporting any NCD is associated with lower fulfilment of health-enhancing aerobic PA in both surveys for almost all NCD, with lowest levels among adults reporting stroke, type 2 diabetes mellitus, chronic obstructive pulmonary disease, obesity and coronary heart disease. Sufficient muscle-strengthening was higher in adults with musculoskeletal diseases like osteoarthritis, lower back pain and neck pain compared to adults without these diseases. The prevalence of meeting WHO PA recommendations among adults with NCD remains at a low level. Sufficient health-enhancing aerobic PA tend to decrease in adults with NCD from 2014/15 to 2019/20, while sufficient muscle-strengthening increased in the same period. Motivational readiness for PA is lower for most adults with NCD, compared to the general adult population. Lower rates of WHO PA recommendation fulfilment is recognized for most NCD groups compared to the population without NCD for both surveys, but the proportion of adults with NCD who meet the WHO PA recommendations differ widely between NCD groups. A positive trend from 2014/15 to 2019/20 can only be seen for adults with osteoarthritis. Based on our findings the implementation of PA promotion particular with regards to motivational readiness and disease specific PA measures is strongly recommended to improve prevention and ambulatory health care for adults with NCD.",12,PMID-39915755,PubMed,title_abstract,PENDING_HUMAN_REVIEW,Machine-ranked candidate; no inclusion decision,,,Transparent relevance score: 12
NR-PUBMED-02,40419590,10.1038/s41598-025-02998-6,"The sense of coherence scale and relationships between sense of coherence, sociodemographic variables and chronic disease.","Sense of coherence (SOC) is a global orientation that represents a core concept of the salutogenic model of health. No Polish version of the SOC questionnaire currently exists that has been validated on a representative sample. The aim of this study was to validate the Polish adaptation of the SOC-13 Scale, and to determine the role of sociodemographic variables and health situation on SOC. The study was cross-sectional with a longitudinal component. The sample comprised 1053 individuals and was representative of the Polish population with respect to age and sex. Confirmatory factor analysis and measurement equivalence analysis were conducted. The total group was divided into subgroups according to sex, age, marital status, occupational status, place of residence, and chronic condition for the sake of comparison. The time stability of the measurement was established using the test-retest method. The three-factor, nine-item version of the SOC-9-PL was found to exhibit the best psychometric properties. The analyses support the metric invariance of the scale structure across sex, age, education, and marital status. The SOC-9-PL achieves full measurement invariance across employment status, place of residence, time of measurement, and the presence of chronic disease. The overall measure is reliable (α = 0.82) and demonstrates high stability over a three-month interval (r = .69, p < .001). There is a positive correlation between SOC and age (r = .30, p < .001). Men have slightly stronger SOC than women (pdifference = 0.007, Cohen's d = 0.16), employed persons exhibited stronger SOC than unemployed persons (pdifference = 0.002, Cohen's d = 0.42), single persons declared weaker SOC than other marital groups (pdifference < 0.001, Cohen's d = 0.62). When controlling for the age and sex of respondents, presence of chronic disease (β = - 0.12, p < .001) and single status (β = - 0.15, p < .001) were negatively correlated with SOC. The SOC-9-PL scale is a valid and reliable method for measuring sense of coherence. It can be used in the adult population, including both healthy individuals and those with chronic illnesses, and it can be applicable regardless of the sociodemographic status. The application of calculated for sex- and age-specific sten norms can be useful in the interpretation of results.",Jasiński AM; Derbis R; Rakoczy J; Wrzesińska M,Scientific reports,2025,Journal Article,https://pubmed.ncbi.nlm.nih.gov/40419590/,2026-08-20,10.1038/s41598-025-02998-6,"The sense of coherence scale and relationships between sense of coherence, sociodemographic variables and chronic disease. Sense of coherence (SOC) is a global orientation that represents a core concept of the salutogenic model of health. No Polish version of the SOC questionnaire currently exists that has been validated on a representative sample. The aim of this study was to validate the Polish adaptation of the SOC-13 Scale, and to determine the role of sociodemographic variables and health situation on SOC. The study was cross-sectional with a longitudinal component. The sample comprised 1053 individuals and was representative of the Polish population with respect to age and sex. Confirmatory factor analysis and measurement equivalence analysis were conducted. The total group was divided into subgroups according to sex, age, marital status, occupational status, place of residence, and chronic condition for the sake of comparison. The time stability of the measurement was established using the test-retest method. The three-factor, nine-item version of the SOC-9-PL was found to exhibit the best psychometric properties. The analyses support the metric invariance of the scale structure across sex, age, education, and marital status. The SOC-9-PL achieves full measurement invariance across employment status, place of residence, time of measurement, and the presence of chronic disease. The overall measure is reliable (α = 0.82) and demonstrates high stability over a three-month interval (r = .69, p < .001). There is a positive correlation between SOC and age (r = .30, p < .001). Men have slightly stronger SOC than women (pdifference = 0.007, Cohen's d = 0.16), employed persons exhibited stronger SOC than unemployed persons (pdifference = 0.002, Cohen's d = 0.42), single persons declared weaker SOC than other marital groups (pdifference < 0.001, Cohen's d = 0.62). When controlling for the age and sex of respondents, presence of chronic disease (β = - 0.12, p < .001) and single status (β = - 0.15, p < .001) were negatively correlated with SOC. The SOC-9-PL scale is a valid and reliable method for measuring sense of coherence. It can be used in the adult population, including both healthy individuals and those with chronic illnesses, and it can be applicable regardless of the sociodemographic status. The application of calculated for sex- and age-specific sten norms can be useful in the interpretation of results.",12,PMID-40419590,PubMed,title_abstract,PENDING_HUMAN_REVIEW,Machine-ranked candidate; no inclusion decision,,,Transparent relevance score: 12
NR-PUBMED-01,38365871,10.1038/s41390-024-03039-0,Approaches to protocol standardization and data harmonization in the ECHO-wide cohort study.,"The United States (U.S.) National Institutes of Health-funded Environmental influences on Child Health Outcomes (ECHO)-wide Cohort was established to conduct high impact, transdisciplinary science to improve child health and development. The cohort is a collaborative research design in which both extant and new data are contributed by over 57,000 children across 69 cohorts. In this review article, we focus on two key challenging issues in the ECHO-wide Cohort: data collection standardization and data harmonization. Data standardization using a Common Data Model and derived analytical variables based on a team science approach should facilitate timely analyses and reduce errors due to data misuse. However, given the complexity of collaborative research designs, such as the ECHO-wide Cohort, dedicated time is needed for harmonization and derivation of analytic variables. These activities need to be done methodically and with transparency to enhance research reproducibility. IMPACT: Many collaborative research studies require data harmonization either prior to analyses or in the analyses of compiled data. The Environmental influences on Child Health Outcomes (ECHO) Cohort pools extant data with new data collection from over 57,000 children in 69 cohorts to conduct high-impact, transdisciplinary science to improve child health and development, and to provide a national database and biorepository for use by the scientific community at-large. We describe the tools, systems, and approaches we employed to facilitate harmonized data for impactful analyses of child health outcomes.",Jacobson LP; Parker CB; Cella D; Mroczek DK; Lester BM; program collaborators for Environmental influences on Child Health Outcomes,Pediatric research,2024,"Journal Article; Review; Research Support, N.I.H., Extramural",https://pubmed.ncbi.nlm.nih.gov/38365871/,2026-08-20,10.1038/s41390-024-03039-0,"Approaches to protocol standardization and data harmonization in the ECHO-wide cohort study. The United States (U.S.) National Institutes of Health-funded Environmental influences on Child Health Outcomes (ECHO)-wide Cohort was established to conduct high impact, transdisciplinary science to improve child health and development. The cohort is a collaborative research design in which both extant and new data are contributed by over 57,000 children across 69 cohorts. In this review article, we focus on two key challenging issues in the ECHO-wide Cohort: data collection standardization and data harmonization. Data standardization using a Common Data Model and derived analytical variables based on a team science approach should facilitate timely analyses and reduce errors due to data misuse. However, given the complexity of collaborative research designs, such as the ECHO-wide Cohort, dedicated time is needed for harmonization and derivation of analytic variables. These activities need to be done methodically and with transparency to enhance research reproducibility. IMPACT: Many collaborative research studies require data harmonization either prior to analyses or in the analyses of compiled data. The Environmental influences on Child Health Outcomes (ECHO) Cohort pools extant data with new data collection from over 57,000 children in 69 cohorts to conduct high-impact, transdisciplinary science to improve child health and development, and to provide a national database and biorepository for use by the scientific community at-large. We describe the tools, systems, and approaches we employed to facilitate harmonized data for impactful analyses of child health outcomes.",12,PMID-38365871,PubMed,title_abstract,PENDING_HUMAN_REVIEW,Machine-ranked candidate; no inclusion decision,,,Transparent relevance score: 12
NR-PUBMED-01,39281853,10.1016/j.ynpai.2024.100163,Clinical and biobehavioral phenotypic assessments and data harmonization for the RE-JOIN research consortium: Recommendations for common data element selection.,"The Restoring Joint Health and Function to Reduce Pain (RE-JOIN) Consortium is part of the Helping to End Addiction Long-term® (HEAL) Initiative. HEAL is an ambitious, NIH-wide initiative to speed scientific solutions to stem the national opioid public health crisis. The RE-JOIN consortium's over-arching goal is to define how chronic joint pain-mediating neurons innervate different articular and peri-articular tissues, with a focus on the knee and temporomandibular joints (TMJ) across species employing the latest neuroscience approaches. The aim of this manuscript is to elucidate the human data gathered by the RE-JOIN consortium, as well as to expound upon its underlying rationale and the methodologies and protocols for harmonization and standardization that have been instituted by the RE-JOIN Consortium. The consortium-wide human models working subgroup established the RE-JOIN minimal harmonized data elements that will be collected across all human studies and set the stage to develop parallel pre-clinical data collection standards. Data harmonization considerations included requirements from the HEAL program and recommendations from the consortium's researchers and experts on informatics, knowledge management, and data curation. Multidisciplinary experts - including preclinical and clinical researchers, with both clinician-scientists- developed the RE-JOIN's Minimal Human Data Standard with required domains and outcome measures to be collected across projects and institutions. The RE-JOIN minimal data standard will include HEAL Common Data Elements (CDEs) (e.g., standardized demographics, general pain, psychosocial and functional measures), and RE-JOIN common data elements (R-CDE) (i.e., both general and joint-specific standardized and clinically important self-reported pain and function measures, as well as pressure pain thresholds part of quantitative sensory testing). In addition, discretionary, site-specific measures will be collected by individual institutions (e.g., expanded quantitative sensory testing and gait biomechanical assessments), specific to the knee or TMJ. Research teams will submit datasets of standardized metadata to the RE-JOIN Data Coordinating Center (DCG) via a secure cloud-based central data repository and computing infrastructure for researchers to share and conduct analyses on data collected by or acquired for RE-JOIN. RE-JOIN datasets will have protected health information (PHI) removed and be publicly available on the SPARC portal and accessible through the HEAL Data Ecosystem. Data Harmonization efforts provide the multidisciplinary consortium with an opportunity to effectively collaborate across decentralized research teams, and data standardization sets the framework for efficient future analyses of RE-JOIN data collected by the consortium. The harmonized phenotypic information obtained will significantly enhance our understanding of the neurobiology of the pain-pathology relationships in humans, providing valuable insights for comparison with pre-clinical models.",Cruz-Almeida Y; Mehta B; Haelterman NA; Johnson AJ; Heiting C; Ernberg M; Orange D; Lotz M; Boccanfuso J; Smith SB; Pela M; Boline J; Otero M; Allen K; Perez D; Donnelly C; Almarza A; Olmer M; Balkhi H; Wagenaar J; Martone M; RE-JOIN Consortium Investigators,"Neurobiology of pain (Cambridge, Mass.)",2024,Journal Article,https://pubmed.ncbi.nlm.nih.gov/39281853/,2026-08-20,10.1016/j.ynpai.2024.100163,"Clinical and biobehavioral phenotypic assessments and data harmonization for the RE-JOIN research consortium: Recommendations for common data element selection. The Restoring Joint Health and Function to Reduce Pain (RE-JOIN) Consortium is part of the Helping to End Addiction Long-term® (HEAL) Initiative. HEAL is an ambitious, NIH-wide initiative to speed scientific solutions to stem the national opioid public health crisis. The RE-JOIN consortium's over-arching goal is to define how chronic joint pain-mediating neurons innervate different articular and peri-articular tissues, with a focus on the knee and temporomandibular joints (TMJ) across species employing the latest neuroscience approaches. The aim of this manuscript is to elucidate the human data gathered by the RE-JOIN consortium, as well as to expound upon its underlying rationale and the methodologies and protocols for harmonization and standardization that have been instituted by the RE-JOIN Consortium. The consortium-wide human models working subgroup established the RE-JOIN minimal harmonized data elements that will be collected across all human studies and set the stage to develop parallel pre-clinical data collection standards. Data harmonization considerations included requirements from the HEAL program and recommendations from the consortium's researchers and experts on informatics, knowledge management, and data curation. Multidisciplinary experts - including preclinical and clinical researchers, with both clinician-scientists- developed the RE-JOIN's Minimal Human Data Standard with required domains and outcome measures to be collected across projects and institutions. The RE-JOIN minimal data standard will include HEAL Common Data Elements (CDEs) (e.g., standardized demographics, general pain, psychosocial and functional measures), and RE-JOIN common data elements (R-CDE) (i.e., both general and joint-specific standardized and clinically important self-reported pain and function measures, as well as pressure pain thresholds part of quantitative sensory testing). In addition, discretionary, site-specific measures will be collected by individual institutions (e.g., expanded quantitative sensory testing and gait biomechanical assessments), specific to the knee or TMJ. Research teams will submit datasets of standardized metadata to the RE-JOIN Data Coordinating Center (DCG) via a secure cloud-based central data repository and computing infrastructure for researchers to share and conduct analyses on data collected by or acquired for RE-JOIN. RE-JOIN datasets will have protected health information (PHI) removed and be publicly available on the SPARC portal and accessible through the HEAL Data Ecosystem. Data Harmonization efforts provide the multidisciplinary consortium with an opportunity to effectively collaborate across decentralized research teams, and data standardization sets the framework for efficient future analyses of RE-JOIN data collected by the consortium. The harmonized phenotypic information obtained will significantly enhance our understanding of the neurobiology of the pain-pathology relationships in humans, providing valuable insights for comparison with pre-clinical models.",12,PMID-39281853,PubMed,title_abstract,PENDING_HUMAN_REVIEW,Machine-ranked candidate; no inclusion decision,,,Transparent relevance score: 12
NR-PUBMED-01,38577153,10.3389/fnut.2024.1379531,Diet patterns associated with cognitive decline: methods to harmonize data from European and US cohort studies.,"The impact of dietary intake on cognitive outcomes and dementia prevention is a topic of increasing interest. Meta-analyses of observational studies, mostly conducted within US and European populations, have reported benefits of healthy diet patterns on cognitive performance, but results from individual studies have been inconsistent. These inconsistencies are likely due to the diverse methodology used in studies, including different diet and cognitive function assessment instruments, follow-up periods, and analytical methods, which make drawing conclusions relevant to dietary guidance challenging. The objective of this project is to describe a protocol to conduct a retrospective harmonization study on dietary intake and cognitive health using data from European and US studies. The recommendations resulting from the project can be used to support evidence-based synthesis for future iterations of the Dietary Guidelines for Americans or other population-based dietary guidance. Additionally, this study will serve as a harmonization guide for future research on the relationship between diet patterns and cognition. The approach outlined ultimately aims to optimize resources and expedite research efforts for dementia prevention.",Ayala-Garcia A; Soldevila-Domenech N; Yi SY; de la Torre R; Steffen LM; IAFNS Retrospective Harmonization Expert Working Group,Frontiers in nutrition,2024,Journal Article; Review,https://pubmed.ncbi.nlm.nih.gov/38577153/,2026-08-20,10.3389/fnut.2024.1379531,"Diet patterns associated with cognitive decline: methods to harmonize data from European and US cohort studies. The impact of dietary intake on cognitive outcomes and dementia prevention is a topic of increasing interest. Meta-analyses of observational studies, mostly conducted within US and European populations, have reported benefits of healthy diet patterns on cognitive performance, but results from individual studies have been inconsistent. These inconsistencies are likely due to the diverse methodology used in studies, including different diet and cognitive function assessment instruments, follow-up periods, and analytical methods, which make drawing conclusions relevant to dietary guidance challenging. The objective of this project is to describe a protocol to conduct a retrospective harmonization study on dietary intake and cognitive health using data from European and US studies. The recommendations resulting from the project can be used to support evidence-based synthesis for future iterations of the Dietary Guidelines for Americans or other population-based dietary guidance. Additionally, this study will serve as a harmonization guide for future research on the relationship between diet patterns and cognition. The approach outlined ultimately aims to optimize resources and expedite research efforts for dementia prevention.",12,PMID-38577153,PubMed,title_abstract,PENDING_HUMAN_REVIEW,Machine-ranked candidate; no inclusion decision,,,Transparent relevance score: 12
NR-PUBMED-01,38953657,10.1111/jphd.12632,Evaluating the harmonization potential of oral health-related questionnaires in national longitudinal birth and child cohort surveys.,"Effective use of longitudinal study data is challenging because of divergences in the construct definitions and measurement approaches over time, between studies and across disciplines. One approach to overcome these challenges is data harmonization. Data harmonization is a practice used to improve variable comparability and reduce heterogeneity across studies. This study describes the process used to evaluate the harmonization potential of oral health-related variables across each survey wave. National child cohort surveys with similar themes/objectives conducted in the last two decades were selected. The Maelstrom Research Guidelines were followed for harmonization potential evaluation. Seven nationally representative child cohort surveys were included and questionnaires examined from 50 survey waves. Questionnaires were classified into three domains and fifteen constructs and summarized by age groups. A DataSchema (a list of core variables representing the suitable version of the oral health outcomes and risk factors) was compiled comprising 42 variables. For each study wave, the potential (or not) to generate each DataSchema variable was evaluated. Of the 2100 harmonization status assessments, 543 (26%) were complete. Approximately 50% of the DataSchema variables can be generated across at least four cohort surveys while only 10% (n = 4) variables can be generated across all surveys. For each survey, the DataSchema variables that can be generated ranged between 26% and 76%. Data harmonization can improve the comparability of variables both within and across surveys. For future cohort surveys, the authors advocate more consistency and standardization in survey questionnaires within and between surveys.",Sharma V; O'Sullivan M; Cassetti O; Winning L; O'Sullivan A; Crowe M,Journal of public health dentistry,2024,"Journal Article; Research Support, Non-U.S. Gov't",https://pubmed.ncbi.nlm.nih.gov/38953657/,2026-08-20,10.1111/jphd.12632,"Evaluating the harmonization potential of oral health-related questionnaires in national longitudinal birth and child cohort surveys. Effective use of longitudinal study data is challenging because of divergences in the construct definitions and measurement approaches over time, between studies and across disciplines. One approach to overcome these challenges is data harmonization. Data harmonization is a practice used to improve variable comparability and reduce heterogeneity across studies. This study describes the process used to evaluate the harmonization potential of oral health-related variables across each survey wave. National child cohort surveys with similar themes/objectives conducted in the last two decades were selected. The Maelstrom Research Guidelines were followed for harmonization potential evaluation. Seven nationally representative child cohort surveys were included and questionnaires examined from 50 survey waves. Questionnaires were classified into three domains and fifteen constructs and summarized by age groups. A DataSchema (a list of core variables representing the suitable version of the oral health outcomes and risk factors) was compiled comprising 42 variables. For each study wave, the potential (or not) to generate each DataSchema variable was evaluated. Of the 2100 harmonization status assessments, 543 (26%) were complete. Approximately 50% of the DataSchema variables can be generated across at least four cohort surveys while only 10% (n = 4) variables can be generated across all surveys. For each survey, the DataSchema variables that can be generated ranged between 26% and 76%. Data harmonization can improve the comparability of variables both within and across surveys. For future cohort surveys, the authors advocate more consistency and standardization in survey questionnaires within and between surveys.",12,PMID-38953657,PubMed,title_abstract,PENDING_HUMAN_REVIEW,Machine-ranked candidate; no inclusion decision,,,Transparent relevance score: 12
NR-PUBMED-02,39727906,10.3390/ebj5040030,"Measurement Equivalence and Feasibility of the Electronic and Paper Versions of the POSAS, EQ-5D, and DLQI: A Randomized Crossover Trial.","Patient-reported outcome measures (PROMs) are crucial within person-centered care. The use of electronic PROMs (ePROMs) is increasing and multiple advantages have been described. The Patient and Observer Scar Assessment Scale (POSAS) is a validated paper questionnaire to assess patient-reported scar quality in the burn and scar population. In burn and scar rehabilitation, quality of life questionnaires such as the Euroqol 5 Dimensions 5 level (EQ-5D-5L) and the Dermatology Life Quality Index (DLQI) allow us to measure physical and psychosocial impact. The goal of this research was to compare the equivalence of the electronic versions of the POSAS, the EQ-5D-5L, and the DLQI with their original paper counterparts. To ensure the psychometric properties of the electronic versions, we assessed the equivalence of scores, the differences in completion time, and patients' preferred mode and ease of use. We used a randomized crossover design using a within-subject comparison of the formats of the questionnaires. Participants aged over 18 with a scar were recruited from an outpatient after-care and research center for burns and scars in Antwerp, Belgium. The equivalence of the electronic questionnaires POSAS, EQ-5D-5L, and DLQI is assumed based on the findings of this study. Completion times were faster for all the electronic versions but only statistically different (p = 0.002) for the electronic version of the EQ-5D-5L. The number of missing answers could be reduced to 0. The electronic assessment was preferred in >75% of the cases and subjects found it easy to use, and a tool that could improve the quality of care. Our findings support the electronic delivery of POSAS, EQ-5D, and DLQI, within the burn and scar population.",Meirte J; Hellemans N; Van Daele U; Maertens K; Denteneer L; Anthonissen M; Moortgat P,European burn journal,2024,Journal Article,https://pubmed.ncbi.nlm.nih.gov/39727906/,2026-08-20,10.3390/ebj5040030,"Measurement Equivalence and Feasibility of the Electronic and Paper Versions of the POSAS, EQ-5D, and DLQI: A Randomized Crossover Trial. Patient-reported outcome measures (PROMs) are crucial within person-centered care. The use of electronic PROMs (ePROMs) is increasing and multiple advantages have been described. The Patient and Observer Scar Assessment Scale (POSAS) is a validated paper questionnaire to assess patient-reported scar quality in the burn and scar population. In burn and scar rehabilitation, quality of life questionnaires such as the Euroqol 5 Dimensions 5 level (EQ-5D-5L) and the Dermatology Life Quality Index (DLQI) allow us to measure physical and psychosocial impact. The goal of this research was to compare the equivalence of the electronic versions of the POSAS, the EQ-5D-5L, and the DLQI with their original paper counterparts. To ensure the psychometric properties of the electronic versions, we assessed the equivalence of scores, the differences in completion time, and patients' preferred mode and ease of use. We used a randomized crossover design using a within-subject comparison of the formats of the questionnaires. Participants aged over 18 with a scar were recruited from an outpatient after-care and research center for burns and scars in Antwerp, Belgium. The equivalence of the electronic questionnaires POSAS, EQ-5D-5L, and DLQI is assumed based on the findings of this study. Completion times were faster for all the electronic versions but only statistically different (p = 0.002) for the electronic version of the EQ-5D-5L. The number of missing answers could be reduced to 0. The electronic assessment was preferred in >75% of the cases and subjects found it easy to use, and a tool that could improve the quality of care. Our findings support the electronic delivery of POSAS, EQ-5D, and DLQI, within the burn and scar population.",12,PMID-39727906,PubMed,title_abstract,PENDING_HUMAN_REVIEW,Machine-ranked candidate; no inclusion decision,,,Transparent relevance score: 12
NR-PUBMED-02,39080090,10.1007/s11136-024-03742-9,Measurement invariance of the PROMIS emotional distress and subjective well-being domains among autistic and General Population adolescents.,"Quality of life (QoL) is identified as a clinical and research priority by the autistic community. Researchers have the responsibility to ensure that instruments used to measure QoL do so reliably and accurately among autistic participants. Our study evaluated measurement invariance of Emotional Distress (Depression, Anxiety, Anger, Psychological Stress) and Subjective Well-Being (Life Satisfaction, Positive Affect, and Meaning & Purpose) scales of the Patient-Reported Outcomes Measurement Information System (PROMIS) among groups of autistic (N=140, n per scale=132-140) and general population (N=1,224, n per scale=406-411) teenagers (14-17 years). These scales were included in the PROMIS Autism Battery-Lifespan, which uses PROMIS scales to measure QoL domains most relevant for autistic people. Multi-group confirmatory factor analyses using permutation tests demonstrated that Depression and Positive Affect scales exhibited scalar invariance between groups, indicating that scores can be meaningfully compared across autistic and general population teens. Anger and Psychological Stress scales demonstrated metric invariance between groups, indicating that these scales measure the same latent trait in both groups, but group comparisons are not supported. We provide guidance as to how these scales can be used in psychometrically supported ways to capture constructs relevant for understanding QoL among autistic teens.",Kaplan-Kahn EA; Benecke RM; Guthrie W; Yerys BE; Holmes LG; Miller JS,"Quality of life research : an international journal of quality of life aspects of treatment, care and rehabilitation",2024,Journal Article,https://pubmed.ncbi.nlm.nih.gov/39080090/,2026-08-20,10.1007/s11136-024-03742-9,"Measurement invariance of the PROMIS emotional distress and subjective well-being domains among autistic and General Population adolescents. Quality of life (QoL) is identified as a clinical and research priority by the autistic community. Researchers have the responsibility to ensure that instruments used to measure QoL do so reliably and accurately among autistic participants. Our study evaluated measurement invariance of Emotional Distress (Depression, Anxiety, Anger, Psychological Stress) and Subjective Well-Being (Life Satisfaction, Positive Affect, and Meaning & Purpose) scales of the Patient-Reported Outcomes Measurement Information System (PROMIS) among groups of autistic (N=140, n per scale=132-140) and general population (N=1,224, n per scale=406-411) teenagers (14-17 years). These scales were included in the PROMIS Autism Battery-Lifespan, which uses PROMIS scales to measure QoL domains most relevant for autistic people. Multi-group confirmatory factor analyses using permutation tests demonstrated that Depression and Positive Affect scales exhibited scalar invariance between groups, indicating that scores can be meaningfully compared across autistic and general population teens. Anger and Psychological Stress scales demonstrated metric invariance between groups, indicating that these scales measure the same latent trait in both groups, but group comparisons are not supported. We provide guidance as to how these scales can be used in psychometrically supported ways to capture constructs relevant for understanding QoL among autistic teens.",12,PMID-39080090,PubMed,title_abstract,PENDING_HUMAN_REVIEW,Machine-ranked candidate; no inclusion decision,,,Transparent relevance score: 12
NR-PUBMED-03,38892800,10.3390/jcm13113089,Musculoskeletal Diseases as the Most Prevalent Component of Multimorbidity: A Population-Based Study.,"Background/Objectives: Due to their high frequency, common risk factors, and similar pathogenic mechanisms, musculoskeletal disorders (MSDs) are more likely to occur with other chronic illnesses, making them a ""component disorder"" of multimorbidity. Our objective was to assess the prevalence of multimorbidity and to identify the most common clusters of diagnosis within multimorbidity states, with the primary hypothesis that the most common clusters of multimorbidity are MSDs. Methods: The current study employed data from a population-based 2019 European Health Interview Survey (EHIS). Multimorbidity was defined as a ≥2 diagnosis from the list of 17 chronic non-communicable diseases, and to define clusters, the statistical method of hierarchical cluster analysis (HCA) was performed. Results: Out of 13,178 respondents, multimorbidity was present among 4398 (33.4%). The HCA method yielded six multimorbidity clusters representing the most common diagnoses. The primary multimorbidity cluster, which was prevalent among both genders, age groups, incomes per capita, and statistical regions, consisted of three diagnoses: (1) lower spine deformity or other chronic back problem (back pain), (2) cervical deformity or other chronic problem with the cervical spine, and (3) osteoarthritis. Conclusions: Given the influence of musculoskeletal disorders on multimorbidity, it is imperative to implement appropriate measures to assist patients in relieving the physical discomfort and pain they endure. Public health information, programs, and campaigns should be utilized to promote a healthy lifestyle. Policymakers should prioritize the prevention of MSDs by encouraging increased physical activity and a healthy diet, as well as focusing on improving functional abilities.",Rajovic N; Zagorac S; Cirkovic A; Matejic B; Jeremic D; Tasic R; Cumic J; Masic S; Grupkovic J; Mitrovic V; Milic N; Gluscevic B,Journal of clinical medicine,2024,Journal Article,https://pubmed.ncbi.nlm.nih.gov/38892800/,2026-08-20,10.3390/jcm13113089,"Musculoskeletal Diseases as the Most Prevalent Component of Multimorbidity: A Population-Based Study. Background/Objectives: Due to their high frequency, common risk factors, and similar pathogenic mechanisms, musculoskeletal disorders (MSDs) are more likely to occur with other chronic illnesses, making them a ""component disorder"" of multimorbidity. Our objective was to assess the prevalence of multimorbidity and to identify the most common clusters of diagnosis within multimorbidity states, with the primary hypothesis that the most common clusters of multimorbidity are MSDs. Methods: The current study employed data from a population-based 2019 European Health Interview Survey (EHIS). Multimorbidity was defined as a ≥2 diagnosis from the list of 17 chronic non-communicable diseases, and to define clusters, the statistical method of hierarchical cluster analysis (HCA) was performed. Results: Out of 13,178 respondents, multimorbidity was present among 4398 (33.4%). The HCA method yielded six multimorbidity clusters representing the most common diagnoses. The primary multimorbidity cluster, which was prevalent among both genders, age groups, incomes per capita, and statistical regions, consisted of three diagnoses: (1) lower spine deformity or other chronic back problem (back pain), (2) cervical deformity or other chronic problem with the cervical spine, and (3) osteoarthritis. Conclusions: Given the influence of musculoskeletal disorders on multimorbidity, it is imperative to implement appropriate measures to assist patients in relieving the physical discomfort and pain they endure. Public health information, programs, and campaigns should be utilized to promote a healthy lifestyle. Policymakers should prioritize the prevention of MSDs by encouraging increased physical activity and a healthy diet, as well as focusing on improving functional abilities.",12,PMID-38892800,PubMed,title_abstract,PENDING_HUMAN_REVIEW,Machine-ranked candidate; no inclusion decision,,,Transparent relevance score: 12
NR-PUBMED-01,38755748,10.1097/TP.0000000000005048,New Tools for Data Harmonization and Their Potential Applications in Organ Transplantation.,"In organ transplantation, accurate analysis of clinical outcomes requires large, high-quality data sets. Not only are outcomes influenced by a multitude of factors such as donor, recipient, and transplant characteristics and posttransplant events but they may also change over time. Although large data sets already exist and are continually expanding in transplant registries and health institutions, these data are rarely combined for analysis because of a lack of harmonization. Promoted by the digitalization of the healthcare sector, effective data harmonization tools became available, with potential applications also for organ transplantation. We discuss herein the present problems in the harmonization of organ transplant data and offer solutions to enhance its accuracy through the use of emerging new tools. To overcome the problem of inadequate representation of transplantation-specific terms, ontologies and common data models particular to this field could be created and supported by a consortium of related stakeholders to ensure their broad acceptance. Adopting clear data-sharing policies can diminish administrative barriers that impede collaboration between organizations. Secure multiparty computation frameworks and the artificial intelligence (AI) approach federated learning can facilitate decentralized and harmonized analysis of data sets, without sharing sensitive data and compromising patient privacy. A common image data model built upon a standardized format would be beneficial to AI-based analysis of pathology images. Implementation of these promising new tools and measures, ideally with the involvement and support of transplant societies, is expected to produce improved integration and harmonization of transplant data and greater accuracy in clinical decision-making, enabling improved patient outcomes.",Tabatabaei Hosseini SA; Kazemzadeh R; Foster BJ; Arpali E; Süsal C,Transplantation,2024,Journal Article; Review,https://pubmed.ncbi.nlm.nih.gov/38755748/,2026-08-20,10.1097/tp.0000000000005048,"New Tools for Data Harmonization and Their Potential Applications in Organ Transplantation. In organ transplantation, accurate analysis of clinical outcomes requires large, high-quality data sets. Not only are outcomes influenced by a multitude of factors such as donor, recipient, and transplant characteristics and posttransplant events but they may also change over time. Although large data sets already exist and are continually expanding in transplant registries and health institutions, these data are rarely combined for analysis because of a lack of harmonization. Promoted by the digitalization of the healthcare sector, effective data harmonization tools became available, with potential applications also for organ transplantation. We discuss herein the present problems in the harmonization of organ transplant data and offer solutions to enhance its accuracy through the use of emerging new tools. To overcome the problem of inadequate representation of transplantation-specific terms, ontologies and common data models particular to this field could be created and supported by a consortium of related stakeholders to ensure their broad acceptance. Adopting clear data-sharing policies can diminish administrative barriers that impede collaboration between organizations. Secure multiparty computation frameworks and the artificial intelligence (AI) approach federated learning can facilitate decentralized and harmonized analysis of data sets, without sharing sensitive data and compromising patient privacy. A common image data model built upon a standardized format would be beneficial to AI-based analysis of pathology images. Implementation of these promising new tools and measures, ideally with the involvement and support of transplant societies, is expected to produce improved integration and harmonization of transplant data and greater accuracy in clinical decision-making, enabling improved patient outcomes.",12,PMID-38755748,PubMed,title_abstract,PENDING_HUMAN_REVIEW,Machine-ranked candidate; no inclusion decision,,,Transparent relevance score: 12
NR-PUBMED-03,38156337,10.2478/sjph-2024-0005,Patient Reported Indicator Surveys (Paris): Methodological Considerations of a Field Trial in Slovenia.,"Healthcare systems collect little information about the experiences and outcomes of care from the perspectives of patients. Patient Reported Indicator Surveys (PaRIS) is an OECD initiative to measure the outcomes and experiences of people living with chronic conditions, who are managed in primary care. To evaluate the feasibility of the methodology employed in the Field Trial of the PaRIS survey in Slovenia and propose adjustments to enhance sampling in the Main Survey. In 2022, we conducted a cross-sectional observational study in 50 family medicine practices in Slovenia with a target of recruiting 70 patients per practice. We used the Slovenian version of the PaRIS questionnaires, and evaluated sampling and data collection. The sample contained 21 providers (42.0% response rate) and 454 patients (50.7% response rate). The provider sample did not differ from the population characteristics, while the patient sample differed significantly from the patient population. All providers completed the survey online, in 20.9±11.1 minutes and had 1.5±1.5 restarts. Most patients (74.9%) completed the survey online and needed 36.0±22.6 minutes, and the mean number of restarts was 1.4±2.2. Based on the results, we recommend conducting a methodology test for quality assessment studies before initiating the main survey. Legal issues should be addressed and considered early when developing the methodology. It is also necessary to be aware of the feasibility of the study in practice, to avoid a low participation rate.",Ambrož M; Kendir C; Boerma W; Klemenc-Ketiš Z,Zdravstveno varstvo,2024,Journal Article,https://pubmed.ncbi.nlm.nih.gov/38156337/,2026-08-20,10.2478/sjph-2024-0005,"Patient Reported Indicator Surveys (Paris): Methodological Considerations of a Field Trial in Slovenia. Healthcare systems collect little information about the experiences and outcomes of care from the perspectives of patients. Patient Reported Indicator Surveys (PaRIS) is an OECD initiative to measure the outcomes and experiences of people living with chronic conditions, who are managed in primary care. To evaluate the feasibility of the methodology employed in the Field Trial of the PaRIS survey in Slovenia and propose adjustments to enhance sampling in the Main Survey. In 2022, we conducted a cross-sectional observational study in 50 family medicine practices in Slovenia with a target of recruiting 70 patients per practice. We used the Slovenian version of the PaRIS questionnaires, and evaluated sampling and data collection. The sample contained 21 providers (42.0% response rate) and 454 patients (50.7% response rate). The provider sample did not differ from the population characteristics, while the patient sample differed significantly from the patient population. All providers completed the survey online, in 20.9±11.1 minutes and had 1.5±1.5 restarts. Most patients (74.9%) completed the survey online and needed 36.0±22.6 minutes, and the mean number of restarts was 1.4±2.2. Based on the results, we recommend conducting a methodology test for quality assessment studies before initiating the main survey. Legal issues should be addressed and considered early when developing the methodology. It is also necessary to be aware of the feasibility of the study in practice, to avoid a low participation rate.",12,PMID-38156337,PubMed,title_abstract,PENDING_HUMAN_REVIEW,Machine-ranked candidate; no inclusion decision,,,Transparent relevance score: 12
NR-PUBMED-01,38354027,10.2196/52967,Use of Metadata-Driven Approaches for Data Harmonization in the Medical Domain: Scoping Review.,"Multisite clinical studies are increasingly using real-world data to gain real-world evidence. However, due to the heterogeneity of source data, it is difficult to analyze such data in a unified way across clinics. Therefore, the implementation of Extract-Transform-Load (ETL) or Extract-Load-Transform (ELT) processes for harmonizing local health data is necessary, in order to guarantee the data quality for research. However, the development of such processes is time-consuming and unsustainable. A promising way to ease this is the generalization of ETL/ELT processes. In this work, we investigate existing possibilities for the development of generic ETL/ELT processes. Particularly, we focus on approaches with low development complexity by using descriptive metadata and structural metadata. We conducted a literature review following the PRISMA (Preferred Reporting Items for Systematic Reviews and Meta-Analyses) guidelines. We used 4 publication databases (ie, PubMed, IEEE Explore, Web of Science, and Biomed Center) to search for relevant publications from 2012 to 2022. The PRISMA flow was then visualized using an R-based tool (Evidence Synthesis Hackathon). All relevant contents of the publications were extracted into a spreadsheet for further analysis and visualization. Regarding the PRISMA guidelines, we included 33 publications in this literature review. All included publications were categorized into 7 different focus groups (ie, medicine, data warehouse, big data, industry, geoinformatics, archaeology, and military). Based on the extracted data, ontology-based and rule-based approaches were the 2 most used approaches in different thematic categories. Different approaches and tools were chosen to achieve different purposes within the use cases. Our literature review shows that using metadata-driven (MDD) approaches to develop an ETL/ELT process can serve different purposes in different thematic categories. The results show that it is promising to implement an ETL/ELT process by applying MDD approach to automate the data transformation from Fast Healthcare Interoperability Resources to Observational Medical Outcomes Partnership Common Data Model. However, the determining of an appropriate MDD approach and tool to implement such an ETL/ELT process remains a challenge. This is due to the lack of comprehensive insight into the characterizations of the MDD approaches presented in this study. Therefore, our next step is to evaluate the MDD approaches presented in this study and to determine the most appropriate MDD approaches and the way to integrate them into the ETL/ELT process. This could verify the ability of using MDD approaches to generalize the ETL process for harmonizing medical data.",Peng Y; Bathelt F; Gebler R; Gött R; Heidenreich A; Henke E; Kadioglu D; Lorenz S; Vengadeswaran A; Sedlmayr M,JMIR medical informatics,2024,Journal Article; Scoping Review,https://pubmed.ncbi.nlm.nih.gov/38354027/,2026-08-20,10.2196/52967,"Use of Metadata-Driven Approaches for Data Harmonization in the Medical Domain: Scoping Review. Multisite clinical studies are increasingly using real-world data to gain real-world evidence. However, due to the heterogeneity of source data, it is difficult to analyze such data in a unified way across clinics. Therefore, the implementation of Extract-Transform-Load (ETL) or Extract-Load-Transform (ELT) processes for harmonizing local health data is necessary, in order to guarantee the data quality for research. However, the development of such processes is time-consuming and unsustainable. A promising way to ease this is the generalization of ETL/ELT processes. In this work, we investigate existing possibilities for the development of generic ETL/ELT processes. Particularly, we focus on approaches with low development complexity by using descriptive metadata and structural metadata. We conducted a literature review following the PRISMA (Preferred Reporting Items for Systematic Reviews and Meta-Analyses) guidelines. We used 4 publication databases (ie, PubMed, IEEE Explore, Web of Science, and Biomed Center) to search for relevant publications from 2012 to 2022. The PRISMA flow was then visualized using an R-based tool (Evidence Synthesis Hackathon). All relevant contents of the publications were extracted into a spreadsheet for further analysis and visualization. Regarding the PRISMA guidelines, we included 33 publications in this literature review. All included publications were categorized into 7 different focus groups (ie, medicine, data warehouse, big data, industry, geoinformatics, archaeology, and military). Based on the extracted data, ontology-based and rule-based approaches were the 2 most used approaches in different thematic categories. Different approaches and tools were chosen to achieve different purposes within the use cases. Our literature review shows that using metadata-driven (MDD) approaches to develop an ETL/ELT process can serve different purposes in different thematic categories. The results show that it is promising to implement an ETL/ELT process by applying MDD approach to automate the data transformation from Fast Healthcare Interoperability Resources to Observational Medical Outcomes Partnership Common Data Model. However, the determining of an appropriate MDD approach and tool to implement such an ETL/ELT process remains a challenge. This is due to the lack of comprehensive insight into the characterizations of the MDD approaches presented in this study. Therefore, our next step is to evaluate the MDD approaches presented in this study and to determine the most appropriate MDD approaches and the way to integrate them into the ETL/ELT process. This could verify the ability of using MDD approaches to generalize the ETL process for harmonizing medical data.",12,PMID-38354027,PubMed,title_abstract,PENDING_HUMAN_REVIEW,Machine-ranked candidate; no inclusion decision,,,Transparent relevance score: 12
NR-PUBMED-01,37469576,10.1007/s44155-023-00044-2,"An integrative approach for the analysis of risk and health across the life course: challenges, innovations, and opportunities for life course research.","Life course epidemiology seeks to understand the intricate relationships between risk factors and health outcomes across different stages of life to inform prevention and intervention strategies to optimize health throughout the lifespan. However, extant evidence has predominantly been based on separate analyses of data from individual birth cohorts or panel studies, which may not be sufficient to unravel the complex interplay of risk and health across different contexts. We highlight the importance of a multi-study perspective that enables researchers to: (a) Compare and contrast findings from different contexts and populations, which can help identify generalizable patterns and context-specific factors; (b) Examine the robustness of associations and the potential for effect modification by factors such as age, sex, and socioeconomic status; and (c) Improve statistical power and precision by pooling data from multiple studies, thereby allowing for the investigation of rare exposures and outcomes. This integrative framework combines the advantages of multi-study data with a life course perspective to guide research in understanding life course risk and resilience on adult health outcomes by: (a) Encouraging the use of harmonized measures across studies to facilitate comparisons and synthesis of findings; (b) Promoting the adoption of advanced analytical techniques that can accommodate the complexities of multi-study, longitudinal data; and (c) Fostering collaboration between researchers, data repositories, and funding agencies to support the integration of longitudinal data from diverse sources. An integrative approach can help inform the development of individualized risk scores and personalized interventions to promote health and well-being at various life stages.",Zuber S; Bechtiger L; Bodelet JS; Golin M; Heumann J; Kim JH; Klee M; Mur J; Noll J; Voll S; O'Keefe P; Steinhoff A; Zölitz U; Muniz-Terrera G; Shanahan L; Shanahan MJ; Hofer SM,Discover social science and health,2023,Journal Article; Review,https://pubmed.ncbi.nlm.nih.gov/37469576/,2026-08-20,10.1007/s44155-023-00044-2,"An integrative approach for the analysis of risk and health across the life course: challenges, innovations, and opportunities for life course research. Life course epidemiology seeks to understand the intricate relationships between risk factors and health outcomes across different stages of life to inform prevention and intervention strategies to optimize health throughout the lifespan. However, extant evidence has predominantly been based on separate analyses of data from individual birth cohorts or panel studies, which may not be sufficient to unravel the complex interplay of risk and health across different contexts. We highlight the importance of a multi-study perspective that enables researchers to: (a) Compare and contrast findings from different contexts and populations, which can help identify generalizable patterns and context-specific factors; (b) Examine the robustness of associations and the potential for effect modification by factors such as age, sex, and socioeconomic status; and (c) Improve statistical power and precision by pooling data from multiple studies, thereby allowing for the investigation of rare exposures and outcomes. This integrative framework combines the advantages of multi-study data with a life course perspective to guide research in understanding life course risk and resilience on adult health outcomes by: (a) Encouraging the use of harmonized measures across studies to facilitate comparisons and synthesis of findings; (b) Promoting the adoption of advanced analytical techniques that can accommodate the complexities of multi-study, longitudinal data; and (c) Fostering collaboration between researchers, data repositories, and funding agencies to support the integration of longitudinal data from diverse sources. An integrative approach can help inform the development of individualized risk scores and personalized interventions to promote health and well-being at various life stages.",12,PMID-37469576,PubMed,title_abstract,PENDING_HUMAN_REVIEW,Machine-ranked candidate; no inclusion decision,,,Transparent relevance score: 12
NR-PUBMED-02,34498557,10.1017/S0033291721003408,Estimating measurement equivalence of the 12-item General Health Questionnaire across ethnic groups in the UK.,"This study investigates the extent to which the GHQ-12 exhibits configural, metric and scalar invariance across six ethnic groups in Britain and Northern Ireland, using the UK Household Longitudinal Study (N = 35 410). A confirmatory factor analysis was carried out on a white British group in order to establish an adequate measurement model. Secondly, a multi-group confirmatory factor analysis was conducted in order to assess measurement invariance. A sensitivity analysis comparing summated and latent means across groups was carried out. Finally, revised estimates of scale reliability were derived using two different methods. A one-factor model including correlated error terms on the negatively phrased items showed superior fit in all ethnic groups. Tests for equal factor loadings and intercepts also showed adequate fit demonstrating metric and scalar invariance. Latent and summated scale estimates of mean group differences were similar for all groups. Scale reliability using McDonald's ω is lower than when using the more conventional Cronbach's α. Reliability across groups is reasonably consistent. We find that the GHQ-12 does not display obvious bias in regard to ethnic groups in the UK and that valid comparisons across these groups can be made for the purposes of population research. Caution is needed when using as a screening tool for individuals.",King K; Allum N; Stoneman P; Cernat A,Psychological medicine,2023,Journal Article,https://pubmed.ncbi.nlm.nih.gov/34498557/,2026-08-20,10.1017/s0033291721003408,"Estimating measurement equivalence of the 12-item General Health Questionnaire across ethnic groups in the UK. This study investigates the extent to which the GHQ-12 exhibits configural, metric and scalar invariance across six ethnic groups in Britain and Northern Ireland, using the UK Household Longitudinal Study (N = 35 410). A confirmatory factor analysis was carried out on a white British group in order to establish an adequate measurement model. Secondly, a multi-group confirmatory factor analysis was conducted in order to assess measurement invariance. A sensitivity analysis comparing summated and latent means across groups was carried out. Finally, revised estimates of scale reliability were derived using two different methods. A one-factor model including correlated error terms on the negatively phrased items showed superior fit in all ethnic groups. Tests for equal factor loadings and intercepts also showed adequate fit demonstrating metric and scalar invariance. Latent and summated scale estimates of mean group differences were similar for all groups. Scale reliability using McDonald's ω is lower than when using the more conventional Cronbach's α. Reliability across groups is reasonably consistent. We find that the GHQ-12 does not display obvious bias in regard to ethnic groups in the UK and that valid comparisons across these groups can be made for the purposes of population research. Caution is needed when using as a screening tool for individuals.",12,PMID-34498557,PubMed,title_abstract,PENDING_HUMAN_REVIEW,Machine-ranked candidate; no inclusion decision,,,Transparent relevance score: 12
NR-PUBMED-02,36867965,10.1016/j.bodyim.2023.02.004,"Further evaluation of the psychometric properties of the German version of the Body Appreciation Scale-2 (BAS-2): Cross-validation, measurement invariance, and population-based norms.","Using a representative sample of the German general population (N = 2509, 16-74 years), this work aimed to cross-validate the modified one-factor model recently reported for the German Body Appreciation Scale 2 (BAS-2). We also examined measurement invariance across gender, tested differential item functioning across age and BMI, systematically evaluated subgroup differences, and provided norms according to subgroups. Overall, the BAS-2 demonstrates good internal consistency. Cross-validation supported the generalizability of the modified one-factor model. Multi-group confirmatory factor analyses supported full scalar invariance across gender; comparisons revealed higher scores among men compared to women with a small effect size. Age (only women) and BMI (both genders) significantly predicted latent BAS-2 scores. Of note, differential item functioning for age and BMI was observed. Concerning manifest group differences, we found a significant main effect of weight status: Individuals with obesity reported the lowest body appreciation levels, while individuals with underweight/ normal weight reported highest levels. Our findings suggest that the German BAS-2 has good psychometric properties and is suitable for examining body appreciation across gender among German women and men. Moreover, norm values enable future usage of the scale in health and clinical research by providing reference data for interpretation.",Warschburger P; Behrend N,Body image,2023,Journal Article,https://pubmed.ncbi.nlm.nih.gov/36867965/,2026-08-20,10.1016/j.bodyim.2023.02.004,"Further evaluation of the psychometric properties of the German version of the Body Appreciation Scale-2 (BAS-2): Cross-validation, measurement invariance, and population-based norms. Using a representative sample of the German general population (N = 2509, 16-74 years), this work aimed to cross-validate the modified one-factor model recently reported for the German Body Appreciation Scale 2 (BAS-2). We also examined measurement invariance across gender, tested differential item functioning across age and BMI, systematically evaluated subgroup differences, and provided norms according to subgroups. Overall, the BAS-2 demonstrates good internal consistency. Cross-validation supported the generalizability of the modified one-factor model. Multi-group confirmatory factor analyses supported full scalar invariance across gender; comparisons revealed higher scores among men compared to women with a small effect size. Age (only women) and BMI (both genders) significantly predicted latent BAS-2 scores. Of note, differential item functioning for age and BMI was observed. Concerning manifest group differences, we found a significant main effect of weight status: Individuals with obesity reported the lowest body appreciation levels, while individuals with underweight/ normal weight reported highest levels. Our findings suggest that the German BAS-2 has good psychometric properties and is suitable for examining body appreciation across gender among German women and men. Moreover, norm values enable future usage of the scale in health and clinical research by providing reference data for interpretation.",12,PMID-36867965,PubMed,title_abstract,PENDING_HUMAN_REVIEW,Machine-ranked candidate; no inclusion decision,,,Transparent relevance score: 12
NR-PUBMED-01;NR-PUBMED-02,37535410,10.2196/45116,Methods Used in the Development of Common Data Models for Health Data: Scoping Review.,"Common data models (CDMs) are essential tools for data harmonization, which can lead to significant improvements in the health domain. CDMs unite data from disparate sources and ease collaborations across institutions, resulting in the generation of large standardized data repositories across different entities. An overview of existing CDMs and methods used to develop these data sets may assist in the development process of future models for the health domain, such as for decision support systems. This scoping review investigates methods used in the development of CDMs for health data. We aim to provide a broad overview of approaches and guidelines that are used in the development of CDMs (ie, common data elements or common data sets) for different health domains on an international level. This scoping review followed the PRISMA-ScR (Preferred Reporting Items for Systematic Reviews and Meta-Analyses extension for Scoping Reviews) checklist. We conducted the literature search in prominent databases, namely, PubMed, Web of Science, Science Direct, and Scopus, starting from January 2000 until March 2022. We identified and screened 1309 articles. The included articles were evaluated based on the type of adopted method, which was used in the conception, users' needs collection, implementation, and evaluation phases of CDMs, and whether stakeholders (such as medical experts, patients' representatives, and IT staff) were involved during the process. Moreover, the models were grouped into iterative or linear types based on the imperativeness of the stages during development. We finally identified 59 articles that fit our eligibility criteria. Of these articles, 45 specifically focused on common medical conditions, 10 focused on rare medical conditions, and the remaining 4 focused on both conditions. The development process usually involved stakeholders but in different ways (eg, working group meetings, Delphi approaches, interviews, and questionnaires). Twenty-two models followed an iterative process. The included articles showed the diversity of methods used to develop a CDM in different domains of health. We highlight the need for more specialized CDM development methods in the health domain and propose a suggestive development process that might ease the development of CDMs in the health domain in the future.",Ahmadi N; Zoch M; Kelbert P; Noll R; Schaaf J; Wolfien M; Sedlmayr M,JMIR medical informatics,2023,Journal Article; Scoping Review,https://pubmed.ncbi.nlm.nih.gov/37535410/,2026-08-20,10.2196/45116,"Methods Used in the Development of Common Data Models for Health Data: Scoping Review. Common data models (CDMs) are essential tools for data harmonization, which can lead to significant improvements in the health domain. CDMs unite data from disparate sources and ease collaborations across institutions, resulting in the generation of large standardized data repositories across different entities. An overview of existing CDMs and methods used to develop these data sets may assist in the development process of future models for the health domain, such as for decision support systems. This scoping review investigates methods used in the development of CDMs for health data. We aim to provide a broad overview of approaches and guidelines that are used in the development of CDMs (ie, common data elements or common data sets) for different health domains on an international level. This scoping review followed the PRISMA-ScR (Preferred Reporting Items for Systematic Reviews and Meta-Analyses extension for Scoping Reviews) checklist. We conducted the literature search in prominent databases, namely, PubMed, Web of Science, Science Direct, and Scopus, starting from January 2000 until March 2022. We identified and screened 1309 articles. The included articles were evaluated based on the type of adopted method, which was used in the conception, users' needs collection, implementation, and evaluation phases of CDMs, and whether stakeholders (such as medical experts, patients' representatives, and IT staff) were involved during the process. Moreover, the models were grouped into iterative or linear types based on the imperativeness of the stages during development. We finally identified 59 articles that fit our eligibility criteria. Of these articles, 45 specifically focused on common medical conditions, 10 focused on rare medical conditions, and the remaining 4 focused on both conditions. The development process usually involved stakeholders but in different ways (eg, working group meetings, Delphi approaches, interviews, and questionnaires). Twenty-two models followed an iterative process. The included articles showed the diversity of methods used to develop a CDM in different domains of health. We highlight the need for more specialized CDM development methods in the health domain and propose a suggestive development process that might ease the development of CDMs in the health domain in the future.",12,PMID-37535410,PubMed,title_abstract,PENDING_HUMAN_REVIEW,Machine-ranked candidate; no inclusion decision,,,Transparent relevance score: 12
NR-PUBMED-01,37464990,10.3389/fnimg.2022.978350,A guide for researchers seeking training in retrospective data harmonization for population neuroscience studies of Alzheimer's disease and related dementias.,"Due to needs surrounding rigor and reproducibility, subgroup specific disease knowledge, and questions of external validity, data harmonization is an essential tool in population neuroscience of Alzheimer's disease and related dementias (ADRD). Systematic harmonization of data elements is necessary to pool information from heterogeneous samples, and such pooling allows more expansive evaluations of health disparities, more precise effect estimates, and more opportunities to discover effective prevention or treatment strategies. The key goal of this Tutorial in Population Neuroimaging Curriculum, Instruction, and Pedagogy article is to guide researchers in creating a customized population neuroscience of ADRD harmonization training plan to fit their needs or those of their mentees. We provide brief guidance for retrospective data harmonization of multiple data types in this area, including: (1) clinical and demographic, (2) neuropsychological, and (3) neuroimaging data. Core competencies and skills are reviewed, and resources are provided to fill gaps in training as well as data needs. We close with an example study in which harmonization is a critical tool. While several aspects of this tutorial focus specifically on ADRD, the concepts and resources are likely to benefit population neuroscientists working in a range of research areas.",Shaaban CE; Tudorascu DL; Glymour MM; Cohen AD; Thurston RC; Snyder HM; Hohman TJ; Mukherjee S; Yu L; Snitz BE,Frontiers in neuroimaging,2022,Journal Article,https://pubmed.ncbi.nlm.nih.gov/37464990/,2026-08-20,10.3389/fnimg.2022.978350,"A guide for researchers seeking training in retrospective data harmonization for population neuroscience studies of Alzheimer's disease and related dementias. Due to needs surrounding rigor and reproducibility, subgroup specific disease knowledge, and questions of external validity, data harmonization is an essential tool in population neuroscience of Alzheimer's disease and related dementias (ADRD). Systematic harmonization of data elements is necessary to pool information from heterogeneous samples, and such pooling allows more expansive evaluations of health disparities, more precise effect estimates, and more opportunities to discover effective prevention or treatment strategies. The key goal of this Tutorial in Population Neuroimaging Curriculum, Instruction, and Pedagogy article is to guide researchers in creating a customized population neuroscience of ADRD harmonization training plan to fit their needs or those of their mentees. We provide brief guidance for retrospective data harmonization of multiple data types in this area, including: (1) clinical and demographic, (2) neuropsychological, and (3) neuroimaging data. Core competencies and skills are reviewed, and resources are provided to fill gaps in training as well as data needs. We close with an example study in which harmonization is a critical tool. While several aspects of this tutorial focus specifically on ADRD, the concepts and resources are likely to benefit population neuroscientists working in a range of research areas.",12,PMID-37464990,PubMed,title_abstract,PENDING_HUMAN_REVIEW,Machine-ranked candidate; no inclusion decision,,,Transparent relevance score: 12
NR-PUBMED-02,34327634,10.1007/s11136-021-02961-8,Assessing measurement invariance in the EORTC QLQ-C30.,"We aimed to investigate measurement invariance (MI) in the European Organisation for research and treatment of cancer quality of life questionnaire core 30 (EORTC QLQ-C30) in a heterogeneous sample of patients with cancer. Data from 12 studies within the PROFILES registry were used for secondary analyses (n = 7007). We tested MI by successive restrictions on thresholds, loadings, and intercepts across subgroups based on primary cancer sites, age, sex, time since diagnosis, and life stage, using multigroup confirmatory factor analysis (MGCFA) for ordered categorical measures. We also evaluated the impact of potentially miss-specified parameter equality across groups on latent factor means by releasing threshold and loading equality constraints for each item at a time. Results showed that the highest level of MI (invariance of thresholds, loadings, and intercepts) was found across groups based on time since diagnosis and life stage and to a lesser extent across groups based on sex, age, and primary tumor site. On item level, however, changes in the item's associated factor means were relatively small and in most cases canceled each other out to some extent. Given only a few instances of non-invariance in our study, there is reason to be confident that valid conclusions can be drawn from between-group comparisons of QLQ-C30 latent means as operationalized in our study. Nonetheless, further research into MI between other subgroups for the QLQ-C30 (i.e., treatment effects and ethnicity) is warranted. We stress the importance of including MI evaluations in the development and validation of measurement instruments.",van Roij J; Kieffer JM; van de Poll-Franse L; Husson O; Raijmakers NJH; Gelissen J,"Quality of life research : an international journal of quality of life aspects of treatment, care and rehabilitation",2022,Journal Article,https://pubmed.ncbi.nlm.nih.gov/34327634/,2026-08-20,10.1007/s11136-021-02961-8,"Assessing measurement invariance in the EORTC QLQ-C30. We aimed to investigate measurement invariance (MI) in the European Organisation for research and treatment of cancer quality of life questionnaire core 30 (EORTC QLQ-C30) in a heterogeneous sample of patients with cancer. Data from 12 studies within the PROFILES registry were used for secondary analyses (n = 7007). We tested MI by successive restrictions on thresholds, loadings, and intercepts across subgroups based on primary cancer sites, age, sex, time since diagnosis, and life stage, using multigroup confirmatory factor analysis (MGCFA) for ordered categorical measures. We also evaluated the impact of potentially miss-specified parameter equality across groups on latent factor means by releasing threshold and loading equality constraints for each item at a time. Results showed that the highest level of MI (invariance of thresholds, loadings, and intercepts) was found across groups based on time since diagnosis and life stage and to a lesser extent across groups based on sex, age, and primary tumor site. On item level, however, changes in the item's associated factor means were relatively small and in most cases canceled each other out to some extent. Given only a few instances of non-invariance in our study, there is reason to be confident that valid conclusions can be drawn from between-group comparisons of QLQ-C30 latent means as operationalized in our study. Nonetheless, further research into MI between other subgroups for the QLQ-C30 (i.e., treatment effects and ethnicity) is warranted. We stress the importance of including MI evaluations in the development and validation of measurement instruments.",12,PMID-34327634,PubMed,title_abstract,PENDING_HUMAN_REVIEW,Machine-ranked candidate; no inclusion decision,,,Transparent relevance score: 12
NR-PUBMED-01,36099537,10.1097/PEC.0000000000002841,Consensus Minimal Dataset for Pediatric Emergency Medicine in Switzerland.,"Standardized, harmonized data sets generated through routine clinical and administrative documentation can greatly accelerate the generation of evidence to improve patient care. The objective of this study was to define a pediatric emergency medicine (PEM) minimal dataset for Switzerland (Swiss PEM minimal dataset) and to contribute a subspecialty module to a national pediatric data harmonization process (SwissPedData). We completed a modified Delphi survey, inviting experts from all major Swiss pediatric emergency departments (PEDs). Twelve experts from 10 Swiss PEDs, through 3 Delphi survey rounds and a moderated e-mail discussion, suggested a subspecialty module for PEM to complement the newly developed SwissPedData main common data model (CDM). The PEM subspecialty CDM contains 28 common data elements (CDEs) specific to PEM. Additional CDEs cover PEM-specific admission processes (type of arrival), timestamps (time of death), greater details on investigations and treatments received at the PED, and PEM procedures (eg, procedural sedation). In addition to the 28 CDEs specific to PEM, 43 items from the SwissPedData main CDM were selected to create a Swiss PEM minimal dataset. The final Swiss PEM minimal dataset was similar in scope and content to the registry of the Pediatric Emergency Care Applied Research Network. A practical minimal dataset for PEM in Switzerland was developed through recognized consensus methodology. The Swiss PEM minimal dataset developed by Swiss PEM experts will facilitate international data sharing for PEM research and quality improvement projects.",Wismer AC; Rakic M; Kuehni CE; Jaboyedoff M; Romano F; Kopp MV; Brandenberger J; Staubli G; Keitel K,Pediatric emergency care,2022,Journal Article,https://pubmed.ncbi.nlm.nih.gov/36099537/,2026-08-20,10.1097/pec.0000000000002841,"Consensus Minimal Dataset for Pediatric Emergency Medicine in Switzerland. Standardized, harmonized data sets generated through routine clinical and administrative documentation can greatly accelerate the generation of evidence to improve patient care. The objective of this study was to define a pediatric emergency medicine (PEM) minimal dataset for Switzerland (Swiss PEM minimal dataset) and to contribute a subspecialty module to a national pediatric data harmonization process (SwissPedData). We completed a modified Delphi survey, inviting experts from all major Swiss pediatric emergency departments (PEDs). Twelve experts from 10 Swiss PEDs, through 3 Delphi survey rounds and a moderated e-mail discussion, suggested a subspecialty module for PEM to complement the newly developed SwissPedData main common data model (CDM). The PEM subspecialty CDM contains 28 common data elements (CDEs) specific to PEM. Additional CDEs cover PEM-specific admission processes (type of arrival), timestamps (time of death), greater details on investigations and treatments received at the PED, and PEM procedures (eg, procedural sedation). In addition to the 28 CDEs specific to PEM, 43 items from the SwissPedData main CDM were selected to create a Swiss PEM minimal dataset. The final Swiss PEM minimal dataset was similar in scope and content to the registry of the Pediatric Emergency Care Applied Research Network. A practical minimal dataset for PEM in Switzerland was developed through recognized consensus methodology. The Swiss PEM minimal dataset developed by Swiss PEM experts will facilitate international data sharing for PEM research and quality improvement projects.",12,PMID-36099537,PubMed,title_abstract,PENDING_HUMAN_REVIEW,Machine-ranked candidate; no inclusion decision,,,Transparent relevance score: 12
NR-PUBMED-02,36131316,10.1186/s12889-022-14193-7,Factor structure and longitudinal measurement invariance of the K6 among a national representative elder sample of China.,"As the number of older people is rapidly growing, prevention, screening, and treatment of mental health problems (including anxiety and depression) in this population increasingly become a heavy burden to individuals, families, and even the whole society. The Kessler-6 screening measure (K6) is an efficient and effective instrument for general mental health problems. However, few studies have examined its measurement invariance across time, which is particularly important in longitudinal studies, such as exploring developmental trajectories of non-specific psychological distress and evaluating the effects of certain interventions. The current study investigated the factor structure and the longitudinal measurement invariance of the K6 among a national representative elder sample of China. Longitudinal data in two survey waves (the year 2010, and the year 2014) from the China Family Panel Studies were drawn for secondary data analysis. A total of 3845 participants aged 60 years old and above (52.2% male, mean age = 66.99 years, SD = 5.93 years) responded to both waves of the survey. A comparison of four existing models with confirmatory factor analysis supported a two-factor solution of the K6. A series of multi-group confirmatory factor analyses further indicated that the K6 held strict longitudinal measurement invariance across time. Additionally, the internal consistency indices across time and the stability coefficients over time were acceptable. The findings further confirmed the psychometric defensibility of the K6 when used in the old Chinese population. The longitudinal measurement invariance justified comparisons of psychological distress scores among different measurement time points.",Zhang L; Li Z,BMC public health,2022,"Journal Article; Research Support, Non-U.S. Gov't",https://pubmed.ncbi.nlm.nih.gov/36131316/,2026-08-20,10.1186/s12889-022-14193-7,"Factor structure and longitudinal measurement invariance of the K6 among a national representative elder sample of China. As the number of older people is rapidly growing, prevention, screening, and treatment of mental health problems (including anxiety and depression) in this population increasingly become a heavy burden to individuals, families, and even the whole society. The Kessler-6 screening measure (K6) is an efficient and effective instrument for general mental health problems. However, few studies have examined its measurement invariance across time, which is particularly important in longitudinal studies, such as exploring developmental trajectories of non-specific psychological distress and evaluating the effects of certain interventions. The current study investigated the factor structure and the longitudinal measurement invariance of the K6 among a national representative elder sample of China. Longitudinal data in two survey waves (the year 2010, and the year 2014) from the China Family Panel Studies were drawn for secondary data analysis. A total of 3845 participants aged 60 years old and above (52.2% male, mean age = 66.99 years, SD = 5.93 years) responded to both waves of the survey. A comparison of four existing models with confirmatory factor analysis supported a two-factor solution of the K6. A series of multi-group confirmatory factor analyses further indicated that the K6 held strict longitudinal measurement invariance across time. Additionally, the internal consistency indices across time and the stability coefficients over time were acceptable. The findings further confirmed the psychometric defensibility of the K6 when used in the old Chinese population. The longitudinal measurement invariance justified comparisons of psychological distress scores among different measurement time points.",12,PMID-36131316,PubMed,title_abstract,PENDING_HUMAN_REVIEW,Machine-ranked candidate; no inclusion decision,,,Transparent relevance score: 12
NR-PUBMED-02,36266608,10.1186/s12955-022-02056-z,"Gothenburg Empowerment Scale (GES): psychometric properties and measurement invariance in adults with congenital heart disease from Belgium, Norway and South Korea.","Patient empowerment is associated with improvements in different patient-reported and clinical outcomes. However, despite being widely researched, high quality and theoretically substantiated disease-generic measures of patient empowerment are lacking. The few good instruments that are available have not reported important psychometric properties, including measurement invariance. The aim of this study was to assess the psychometric properties of the 15-item Gothenburg Empowerment Scale (GES), with a particular focus on measurement invariance of the GES across individuals from three countries. Adults with congenital heart disease from Belgium, Norway and South Korea completed the GES and other patient-reported outcomes as part of an international, cross-sectional, descriptive study called APPROACH-IS II. The scale's content (missing data) and factorial validity (confirmatory factor analyses), measurement invariance (multi-group confirmatory factor analyses), responsiveness (floor and ceiling effects) and reliability (internal consistency) were assessed. Content validity, responsiveness and reliability were confirmed. Nonetheless, metric but not scalar measurement invariance was supported when including the three countries, possibly because the scale performed differently in the sample from South Korea. A second set of analyses supported partial scalar invariance for a sample that was limited to Norway and Belgium. Our study offers preliminary evidence that GES is a valid and reliable measure of patient empowerment in adults with congenital heart disease. However, cross-country comparisons must be made with caution, given the scale did not perform equivalently across the three countries.",Acuña Mora M; Raymaekers K; Van Bulck L; Goossens E; Luyckx K; Kovacs AH; Andresen B; Moon JR; Van De Bruaene A; Rassart J; Moons P,Health and quality of life outcomes,2022,Journal Article,https://pubmed.ncbi.nlm.nih.gov/36266608/,2026-08-20,10.1186/s12955-022-02056-z,"Gothenburg Empowerment Scale (GES): psychometric properties and measurement invariance in adults with congenital heart disease from Belgium, Norway and South Korea. Patient empowerment is associated with improvements in different patient-reported and clinical outcomes. However, despite being widely researched, high quality and theoretically substantiated disease-generic measures of patient empowerment are lacking. The few good instruments that are available have not reported important psychometric properties, including measurement invariance. The aim of this study was to assess the psychometric properties of the 15-item Gothenburg Empowerment Scale (GES), with a particular focus on measurement invariance of the GES across individuals from three countries. Adults with congenital heart disease from Belgium, Norway and South Korea completed the GES and other patient-reported outcomes as part of an international, cross-sectional, descriptive study called APPROACH-IS II. The scale's content (missing data) and factorial validity (confirmatory factor analyses), measurement invariance (multi-group confirmatory factor analyses), responsiveness (floor and ceiling effects) and reliability (internal consistency) were assessed. Content validity, responsiveness and reliability were confirmed. Nonetheless, metric but not scalar measurement invariance was supported when including the three countries, possibly because the scale performed differently in the sample from South Korea. A second set of analyses supported partial scalar invariance for a sample that was limited to Norway and Belgium. Our study offers preliminary evidence that GES is a valid and reliable measure of patient empowerment in adults with congenital heart disease. However, cross-country comparisons must be made with caution, given the scale did not perform equivalently across the three countries.",12,PMID-36266608,PubMed,title_abstract,PENDING_HUMAN_REVIEW,Machine-ranked candidate; no inclusion decision,,,Transparent relevance score: 12
NR-PUBMED-03,35698074,10.1186/s12889-022-13400-9,Implementation and evaluation of an individualized physical exercise promotion program in people with manifested risk factors for multimorbidity (MultiPill-Exercise): a study protocol for a pragmatic randomized controlled trial.,"Multimorbidity is a major problem in Europe, increasing the need for prevention and rehabilitation programs. In Germany no guidelines have been developed that focus on patients with multiple chronic non-communicable diseases (NCDs). Benefits of physical activity (PA) and exercise in NCDs have been proven, but most interventions focus on single conditions. The evaluation of the effectiveness, efficiency and safety of PA programs in patients suffering from multiple NCDs and the feasibility of the implementation within the health care service remain open research questions. The multi-site randomized controlled pragmatic trial includes 320 sedentary subjects with at least two of the following NCDs, either manifested or in a pre-stage with evident risk factors: Cardio-vascular disease, Diabetes mellitus type 2, knee/ hip osteoarthritis and obesity. Participants will be recruited from general practitioners and medical specialists and randomized to standard care of a statutory health insurance or MultiPill-Exercise. Standard care includes a choice of one or a maximum of two 8- to 12-week health programs, including nutrition, exercise, relaxation or special disease management programs. MultiPill-Exercise is based on the bio-psycho-social health model, considering a person-oriented perspective in light of given individual characteristics and context factors. The 24-weeks intervention focuses on aerobic and strengthening exercises in line with the WHO PA recommendations. Psychological and pedagogical elements along with behavior change techniques are implemented to ease the initiation and maintenance of exercise participation and lifestyle change, including nutrition. Primary outcome will be short- and long-term PA measured with the European Health Interview Survey-Physical Activity Questionnaire (EHIS-PAQ). Secondly, the effectiveness of the program on generic, disease specific, economic, and exercise behavioral parameters, as well as program adherence and safety will be evaluated. Results of this trial evaluate the PA intervention program in people with multiple NCDs in a real-life scenario. It will serve as a proof of concept with the opportunity of translation into routine practice. This approach, as a multi-site RCT with its rigorous methods and standardized operating procedures for the conduction of the intervention, will allow valid conclusions for the implementation of PA interventions in people with multimorbidity. The trial was registered at www.drks.de (ID: DRKS00025033 ) on 30th September 2021.",Schweda S; Müller G; Munz B; Sudeck G; Martus P; Dierkes K; Krauss I,BMC public health,2022,"Clinical Trial Protocol; Journal Article; Research Support, Non-U.S. Gov't",https://pubmed.ncbi.nlm.nih.gov/35698074/,2026-08-20,10.1186/s12889-022-13400-9,"Implementation and evaluation of an individualized physical exercise promotion program in people with manifested risk factors for multimorbidity (MultiPill-Exercise): a study protocol for a pragmatic randomized controlled trial. Multimorbidity is a major problem in Europe, increasing the need for prevention and rehabilitation programs. In Germany no guidelines have been developed that focus on patients with multiple chronic non-communicable diseases (NCDs). Benefits of physical activity (PA) and exercise in NCDs have been proven, but most interventions focus on single conditions. The evaluation of the effectiveness, efficiency and safety of PA programs in patients suffering from multiple NCDs and the feasibility of the implementation within the health care service remain open research questions. The multi-site randomized controlled pragmatic trial includes 320 sedentary subjects with at least two of the following NCDs, either manifested or in a pre-stage with evident risk factors: Cardio-vascular disease, Diabetes mellitus type 2, knee/ hip osteoarthritis and obesity. Participants will be recruited from general practitioners and medical specialists and randomized to standard care of a statutory health insurance or MultiPill-Exercise. Standard care includes a choice of one or a maximum of two 8- to 12-week health programs, including nutrition, exercise, relaxation or special disease management programs. MultiPill-Exercise is based on the bio-psycho-social health model, considering a person-oriented perspective in light of given individual characteristics and context factors. The 24-weeks intervention focuses on aerobic and strengthening exercises in line with the WHO PA recommendations. Psychological and pedagogical elements along with behavior change techniques are implemented to ease the initiation and maintenance of exercise participation and lifestyle change, including nutrition. Primary outcome will be short- and long-term PA measured with the European Health Interview Survey-Physical Activity Questionnaire (EHIS-PAQ). Secondly, the effectiveness of the program on generic, disease specific, economic, and exercise behavioral parameters, as well as program adherence and safety will be evaluated. Results of this trial evaluate the PA intervention program in people with multiple NCDs in a real-life scenario. It will serve as a proof of concept with the opportunity of translation into routine practice. This approach, as a multi-site RCT with its rigorous methods and standardized operating procedures for the conduction of the intervention, will allow valid conclusions for the implementation of PA interventions in people with multimorbidity. The trial was registered at www.drks.de (ID: DRKS00025033 ) on 30th September 2021.",12,PMID-35698074,PubMed,title_abstract,PENDING_HUMAN_REVIEW,Machine-ranked candidate; no inclusion decision,,,Transparent relevance score: 12
NR-PUBMED-02,35485544,10.7334/psicothema2021.313,Measurement Invariance and Validity of the Satisfaction With Life Scale in Informal Caregivers.,"The number of informal caregivers within ageing population is increasing and there is a growing research interest to promote their well-being, and therefore there is a need for adequate measurement tools. We aim to provide validity evidence of the Satisfaction with Life Scale (SWLS) in a representative sample of British older adults, including measurement invariance across caregivers and non-caregivers. Data was drawn from English Longitudinal Study of Ageing (ELSA). The sample consisted of 3,754 caregivers and 4,036 non-caregivers. The structure and measurement invariance were tested through a confirmatory factor analysis. Reliability and validity evidence based on relationships with other variables were also analysed. Our results supported the one-factor structure of the SWLS, CFI = .996; NNFI = .993; RMSEA = 0.081, and measurement invariance across caregiving status. McDonald´s omega was .93. Scores on the SWLS were positively correlated with quality of life, positive social support, and self-reported health, and negatively with loneliness, depression, negative social support, difficulties in activities and instrumental activities of daily living, and number of health conditions. These findings provide new psychometric evidence to support the use of the SWLS in research which focuses on caregivers and on the comparison with non-caregiver samples.",García-Castro FJ; Bendayan R; Blanca MJ,Psicothema,2022,Journal Article,https://pubmed.ncbi.nlm.nih.gov/35485544/,2026-08-20,10.7334/psicothema2021.313,"Measurement Invariance and Validity of the Satisfaction With Life Scale in Informal Caregivers. The number of informal caregivers within ageing population is increasing and there is a growing research interest to promote their well-being, and therefore there is a need for adequate measurement tools. We aim to provide validity evidence of the Satisfaction with Life Scale (SWLS) in a representative sample of British older adults, including measurement invariance across caregivers and non-caregivers. Data was drawn from English Longitudinal Study of Ageing (ELSA). The sample consisted of 3,754 caregivers and 4,036 non-caregivers. The structure and measurement invariance were tested through a confirmatory factor analysis. Reliability and validity evidence based on relationships with other variables were also analysed. Our results supported the one-factor structure of the SWLS, CFI = .996; NNFI = .993; RMSEA = 0.081, and measurement invariance across caregiving status. McDonald´s omega was .93. Scores on the SWLS were positively correlated with quality of life, positive social support, and self-reported health, and negatively with loneliness, depression, negative social support, difficulties in activities and instrumental activities of daily living, and number of health conditions. These findings provide new psychometric evidence to support the use of the SWLS in research which focuses on caregivers and on the comparison with non-caregiver samples.",12,PMID-35485544,PubMed,title_abstract,PENDING_HUMAN_REVIEW,Machine-ranked candidate; no inclusion decision,,,Transparent relevance score: 12
NR-PUBMED-02,36011705,10.3390/ijerph191610072,The Effect of Psychological Distress on Measurement Invariance in Measures of Mental Wellbeing.,"A growing literature supports the expansion of mental health assessment to include indicators of mental wellbeing; however, the concurrent use of measures of wellbeing and distress introduces potential sources of measurement error. The current study examines whether the mental health continuum short form is invariant to the level of participants' psychological distress. Measurement invariance testing was conducted within an Australian population (n = 8406) who participated in an online survey. The depression anxiety stress scale was used to construct a non-distressed group (n = 6420) and a severe-distress group (n = 1968). Results showed that metric invariance was not observed, as item loadings on the latent variables were significantly different between the groups. This signifies that wellbeing items may be interpreted and valued differently by distressed and non-distressed individuals. Metric non-invariance indicates that total and subscale scores may not be equivalent, and caution is required when making comparisons between these groups.",Iasiello M; Muir-Cochrane E; van Agteren J; Fassnacht DB,International journal of environmental research and public health,2022,Journal Article,https://pubmed.ncbi.nlm.nih.gov/36011705/,2026-08-20,10.3390/ijerph191610072,"The Effect of Psychological Distress on Measurement Invariance in Measures of Mental Wellbeing. A growing literature supports the expansion of mental health assessment to include indicators of mental wellbeing; however, the concurrent use of measures of wellbeing and distress introduces potential sources of measurement error. The current study examines whether the mental health continuum short form is invariant to the level of participants' psychological distress. Measurement invariance testing was conducted within an Australian population (n = 8406) who participated in an online survey. The depression anxiety stress scale was used to construct a non-distressed group (n = 6420) and a severe-distress group (n = 1968). Results showed that metric invariance was not observed, as item loadings on the latent variables were significantly different between the groups. This signifies that wellbeing items may be interpreted and valued differently by distressed and non-distressed individuals. Metric non-invariance indicates that total and subscale scores may not be equivalent, and caution is required when making comparisons between these groups.",12,PMID-36011705,PubMed,title_abstract,PENDING_HUMAN_REVIEW,Machine-ranked candidate; no inclusion decision,,,Transparent relevance score: 12
NR-PUBMED-02,35752851,10.1186/s12955-022-02007-8,Time and gender measurement invariance in the modified Calderon depression scale.,"Assessing change and comparing groups requires high quality and invariant scales. However, there is limited evidence of simultaneous longitudinal and gender measurement invariance for depression scales. This evidence is even more scant with long-established panel studies from low and middle-income countries. In this paper, we used three waves (years 2002, 2005, and 2009) of a nationally representative panel study to examine the psychometric properties of the modified Calderon Depression Scale (CAL-DM)-a one-item exclusion of a depression scale designed for a population residing in a middle-income country (i.e., Mexico). Our analytical sample included 16,868 participants: 7,696 men and 9,172 women. Using Confirmatory Factor Analysis (CFA), we first examined overall fit in each wave, and then we tested time, gender, and time-gender measurement invariance across three waves. We also estimated and compared depression score means by gender and time. Finally, we examined the association between depression scores and self-rated health. Our analyses indicated the CAL-DM is a robust scale, suitable for time, gender, and time by gender comparisons. Mean comparisons exemplified how the scale can be used as a latent variable or a summative score. Women have higher depression scores than men and the gap is narrowing from 3.4 in 2002 to 2.5 in 2009. The CAL-DM is a reliable instrument to measure depression in the Mexican general population that can be used for epidemiological research. Our results will contribute to a burgeoning line of research that examines the social determinants of depression, and the risk factors associated with different individuals' depression trajectories over the life course.",Arenas E; Teruel G; Gaitán-Rossi P,Health and quality of life outcomes,2022,Journal Article,https://pubmed.ncbi.nlm.nih.gov/35752851/,2026-08-20,10.1186/s12955-022-02007-8,"Time and gender measurement invariance in the modified Calderon depression scale. Assessing change and comparing groups requires high quality and invariant scales. However, there is limited evidence of simultaneous longitudinal and gender measurement invariance for depression scales. This evidence is even more scant with long-established panel studies from low and middle-income countries. In this paper, we used three waves (years 2002, 2005, and 2009) of a nationally representative panel study to examine the psychometric properties of the modified Calderon Depression Scale (CAL-DM)-a one-item exclusion of a depression scale designed for a population residing in a middle-income country (i.e., Mexico). Our analytical sample included 16,868 participants: 7,696 men and 9,172 women. Using Confirmatory Factor Analysis (CFA), we first examined overall fit in each wave, and then we tested time, gender, and time-gender measurement invariance across three waves. We also estimated and compared depression score means by gender and time. Finally, we examined the association between depression scores and self-rated health. Our analyses indicated the CAL-DM is a robust scale, suitable for time, gender, and time by gender comparisons. Mean comparisons exemplified how the scale can be used as a latent variable or a summative score. Women have higher depression scores than men and the gap is narrowing from 3.4 in 2002 to 2.5 in 2009. The CAL-DM is a reliable instrument to measure depression in the Mexican general population that can be used for epidemiological research. Our results will contribute to a burgeoning line of research that examines the social determinants of depression, and the risk factors associated with different individuals' depression trajectories over the life course.",12,PMID-35752851,PubMed,title_abstract,PENDING_HUMAN_REVIEW,Machine-ranked candidate; no inclusion decision,,,Transparent relevance score: 12
NR-PUBMED-02,33546272,10.3390/ijerph18041401,"Cross-Cultural Measurement Invariance of a Measure of Disability for White, Black, Hispanic and Asian Older Adults.","This study aims to determine the cross-cultural measurement equivalence of the Washington Group General Measure of Disability for older adults. This study used the 2012 California Health Interview Survey. The sample included 14,115 non-Hispanic White, Black, Hispanic and Asian adults aged 65 and older. Analysis was conducted using multi-group confirmatory factor analysis (CFA), parallel and Tau-equivalent tests. The results indicated that the measure was valid for use with older adults (Satorra Bentler χ2 = 13.27, df = 3, p = 0.005, GFI = 0.996). Multi-group CFA indicated comparisons were valid between Whites with Blacks, and Hispanics with Asians. Cognitive disability was associated with independent living disability for Whites and Blacks, and with sensory disability for Hispanics and Asians. Findings indicated the measure is valid for cross-cultural comparison for certain racial/ethnic groups. Further research is needed to understand differences in associations of cognitive decline with other areas of disability for older adults.",Chan KT; Algood C; Prifti A; Zidan T,International journal of environmental research and public health,2021,"Journal Article; Research Support, N.I.H., Extramural; Research Support, Non-U.S. Gov't; Research Support, U.S. Gov't, Non-P.H.S.",https://pubmed.ncbi.nlm.nih.gov/33546272/,2026-08-20,10.3390/ijerph18041401,"Cross-Cultural Measurement Invariance of a Measure of Disability for White, Black, Hispanic and Asian Older Adults. This study aims to determine the cross-cultural measurement equivalence of the Washington Group General Measure of Disability for older adults. This study used the 2012 California Health Interview Survey. The sample included 14,115 non-Hispanic White, Black, Hispanic and Asian adults aged 65 and older. Analysis was conducted using multi-group confirmatory factor analysis (CFA), parallel and Tau-equivalent tests. The results indicated that the measure was valid for use with older adults (Satorra Bentler χ2 = 13.27, df = 3, p = 0.005, GFI = 0.996). Multi-group CFA indicated comparisons were valid between Whites with Blacks, and Hispanics with Asians. Cognitive disability was associated with independent living disability for Whites and Blacks, and with sensory disability for Hispanics and Asians. Findings indicated the measure is valid for cross-cultural comparison for certain racial/ethnic groups. Further research is needed to understand differences in associations of cognitive decline with other areas of disability for older adults.",12,PMID-33546272,PubMed,title_abstract,PENDING_HUMAN_REVIEW,Machine-ranked candidate; no inclusion decision,,,Transparent relevance score: 12
NR-PUBMED-03,35111707,10.3389/fpubh.2021.692461,"Differences Regarding Knowledge of Sexually Transmitted Infections, Sexual Habits, and Behavior Between University Students of Medical and Nonmedical Professions in Serbia.","Aim: The aim of this study is to assess the knowledge of sexually transmitted infections (STIs), sexual habits, and behavior among students of medical and nonmedical students in Serbia. Methodology: The cross-sectional study of 1,273 university students of four undergraduate institutions in Serbia, two of medical and two of nonmedical orientation. A standardized questionnaire, prepared in line with the questionnaire of the European health research-the second wave (European Health Interview Survey-EHIS wave 2), according to defined internationally accepted indicators, was used as a survey instrument. Results: Statistically significant difference (p < 0.001) between medical and nonmedical student groups was determined for the following parameters: naming four of five STIs (29.1 vs. 13.4%), knowledge about vaccines against some STIs (26.0 vs. 17.0%), relationship between HPV infection and cervical malignancy (48.2 vs. 16.7%) engaged in the sexual relations (87.9 vs. 76.4%), never used a condom (15.2 vs. 10.4%), underwent gynecological or urological examination (66.7 vs. 44.1%), and tested to one of STIs (10.5 vs. 4.9%). Conclusion: Both student groups have limited knowledge on possible consequences that risky sexual behavior has for reproductive health. Promotion of knowledge about STIs, awareness of all complications, and consequences of these infections certainly affect the reduction of risky behavior.",Subotic S; Vukomanovic V; Djukic S; Radevic S; Radovanovic S; Radulovic D; Boricic K; Andjelkovic J; Tosic Pajic J; Simic Vukomanovic I,Frontiers in public health,2021,Journal Article,https://pubmed.ncbi.nlm.nih.gov/35111707/,2026-08-20,10.3389/fpubh.2021.692461,"Differences Regarding Knowledge of Sexually Transmitted Infections, Sexual Habits, and Behavior Between University Students of Medical and Nonmedical Professions in Serbia. Aim: The aim of this study is to assess the knowledge of sexually transmitted infections (STIs), sexual habits, and behavior among students of medical and nonmedical students in Serbia. Methodology: The cross-sectional study of 1,273 university students of four undergraduate institutions in Serbia, two of medical and two of nonmedical orientation. A standardized questionnaire, prepared in line with the questionnaire of the European health research-the second wave (European Health Interview Survey-EHIS wave 2), according to defined internationally accepted indicators, was used as a survey instrument. Results: Statistically significant difference (p < 0.001) between medical and nonmedical student groups was determined for the following parameters: naming four of five STIs (29.1 vs. 13.4%), knowledge about vaccines against some STIs (26.0 vs. 17.0%), relationship between HPV infection and cervical malignancy (48.2 vs. 16.7%) engaged in the sexual relations (87.9 vs. 76.4%), never used a condom (15.2 vs. 10.4%), underwent gynecological or urological examination (66.7 vs. 44.1%), and tested to one of STIs (10.5 vs. 4.9%). Conclusion: Both student groups have limited knowledge on possible consequences that risky sexual behavior has for reproductive health. Promotion of knowledge about STIs, awareness of all complications, and consequences of these infections certainly affect the reduction of risky behavior.",12,PMID-35111707,PubMed,title_abstract,PENDING_HUMAN_REVIEW,Machine-ranked candidate; no inclusion decision,,,Transparent relevance score: 12
NR-PUBMED-02,34333621,10.1093/jpepsy/jsab062,Teacher Versus Parent Informant Measurement Invariance of the Strengths and Difficulties Questionnaire.,"Obtaining a multi-informant perspective is important when assessing mental health issues in childhood and adolescence. Obtaining ratings from both parents and teachers also facilitates the evaluation of similarities and contrasts in the nature and severity of symptoms across home and school contexts. However, these informants may differ in their interpretations of observed behaviors, raising questions about the validity of comparing parents' and teachers' ratings. We evaluated the cross-informant measurement invariance of one of the most widely used measures of child and adolescent mental health: The Strengths and Difficulties Questionnaire (SDQ). Using data from the UK-population representative Millennium Cohort Study, we evaluated configural, metric, and scalar measurement invariance across parents and teachers when children were aged 7 (N = 10,221) and 11 (N = 10,543). Scalar measurement invariance held at both ages. Parents reported higher levels of symptoms in all domains measured at both ages as well as higher prosociality. For a UK sample, valid comparisons of parent and teacher SDQ ratings at ages 7 and 11 appear to be possible, facilitating the evaluation of contextual differences in child mental health problems. Further, parents report more problem and prosocial behavior in their children than teachers attribute to them.",Murray AL; Speyer LG; Hall HA; Valdebenito S; Hughes C,Journal of pediatric psychology,2021,Journal Article,https://pubmed.ncbi.nlm.nih.gov/34333621/,2026-08-20,10.1093/jpepsy/jsab062,"Teacher Versus Parent Informant Measurement Invariance of the Strengths and Difficulties Questionnaire. Obtaining a multi-informant perspective is important when assessing mental health issues in childhood and adolescence. Obtaining ratings from both parents and teachers also facilitates the evaluation of similarities and contrasts in the nature and severity of symptoms across home and school contexts. However, these informants may differ in their interpretations of observed behaviors, raising questions about the validity of comparing parents' and teachers' ratings. We evaluated the cross-informant measurement invariance of one of the most widely used measures of child and adolescent mental health: The Strengths and Difficulties Questionnaire (SDQ). Using data from the UK-population representative Millennium Cohort Study, we evaluated configural, metric, and scalar measurement invariance across parents and teachers when children were aged 7 (N = 10,221) and 11 (N = 10,543). Scalar measurement invariance held at both ages. Parents reported higher levels of symptoms in all domains measured at both ages as well as higher prosociality. For a UK sample, valid comparisons of parent and teacher SDQ ratings at ages 7 and 11 appear to be possible, facilitating the evaluation of contextual differences in child mental health problems. Further, parents report more problem and prosocial behavior in their children than teachers attribute to them.",12,PMID-34333621,PubMed,title_abstract,PENDING_HUMAN_REVIEW,Machine-ranked candidate; no inclusion decision,,,Transparent relevance score: 12
NR-PUBMED-03,33671784,10.3390/ijerph18042148,The Influence of Occupational Categories on Overall and Domain-Specific Physical Activity and the Association with Chronic Diseases. An Analysis Using the Austrian Health Interview Survey.,"Background: The performance of physical activity (PA) in different domains varies between different occupational groups and they contribute differently to the prevention and management of chronic diseases. This study aimed to give a fuller picture of the potential influence occupational categories have on the different domains of PA among the Austrian population of working age. Methods: A total of 8251 gainfully employed persons in 9 major and 39 sub-major occupational groups from the Austrian Health Interview Survey 2014 were analyzed. PA was measured with the Physical Activity Questionnaire of the European Health Interview Survey (EHIS-PAQ) and the prevalence of 17 chronic diseases was obtained. Results: A total of 48.2% were mostly active when working, 18.4% reported transport-related PA in the upper quintile, 50.4% performed at least 150 min per week of moderate PA or cycling, 32.7% performed muscle-strengthening PA at least twice a week, and 76.3% were either mostly physically active when working or complied with the aerobic PA guidelines. As a general rule, people in physically active occupational groups tended to perform less PA in their leisure time and vice versa. Occupational groups with especially low amount of PA were Information Technology workers, directors, and secretarial staff. People with a chronic disease tended to perform less PA, but there was an interaction between occupation and chronic disease on PA. Conclusions: Domain-specific programs to promote PA should be developed for various occupational categories.",Dorner TE; Lackinger C; Haider S; Grabovac I; Stein KV,International journal of environmental research and public health,2021,Journal Article,https://pubmed.ncbi.nlm.nih.gov/33671784/,2026-08-20,10.3390/ijerph18042148,"The Influence of Occupational Categories on Overall and Domain-Specific Physical Activity and the Association with Chronic Diseases. An Analysis Using the Austrian Health Interview Survey. Background: The performance of physical activity (PA) in different domains varies between different occupational groups and they contribute differently to the prevention and management of chronic diseases. This study aimed to give a fuller picture of the potential influence occupational categories have on the different domains of PA among the Austrian population of working age. Methods: A total of 8251 gainfully employed persons in 9 major and 39 sub-major occupational groups from the Austrian Health Interview Survey 2014 were analyzed. PA was measured with the Physical Activity Questionnaire of the European Health Interview Survey (EHIS-PAQ) and the prevalence of 17 chronic diseases was obtained. Results: A total of 48.2% were mostly active when working, 18.4% reported transport-related PA in the upper quintile, 50.4% performed at least 150 min per week of moderate PA or cycling, 32.7% performed muscle-strengthening PA at least twice a week, and 76.3% were either mostly physically active when working or complied with the aerobic PA guidelines. As a general rule, people in physically active occupational groups tended to perform less PA in their leisure time and vice versa. Occupational groups with especially low amount of PA were Information Technology workers, directors, and secretarial staff. People with a chronic disease tended to perform less PA, but there was an interaction between occupation and chronic disease on PA. Conclusions: Domain-specific programs to promote PA should be developed for various occupational categories.",12,PMID-33671784,PubMed,title_abstract,PENDING_HUMAN_REVIEW,Machine-ranked candidate; no inclusion decision,,,Transparent relevance score: 12
NR-PUBMED-03,33464669,10.1111/sms.13922,"The epidemiology of muscle-strengthening and aerobic physical activity guideline adherence among 24,016 German adults.","Despite the 2016 German ""National Recommendations for Physical Activity and Physical Activity Promotion"" stating that adults (≥18 years) should engage in: [a] ≥150 minutes of aerobic moderate-to-vigorous-intensity physical activity/week (MVPA); and [b] ≥2 days/week of muscle-strengthening exercise (MSE), there is limited research on the descriptive epidemiology on the adherence to these guidelines among German adults. This study describes the prevalence and correlates of physical activity guideline adherence among a nationally representative sample of German adults. Data were drawn from the 2014 German Health Update survey, collected via a combination of web-based and mail surveys. Self-reported physical activity levels were assessed using the previously validated European Health Interview Survey Physical Activity Questionnaire. Weighted prevalence levels of the sample meeting the aerobic MVPA (≥150 minutes/week), MSE (≥2 times/week), and combined MVPA-MSE guidelines were calculated. Poisson regressions were used to assess prevalence ratios for physical activity guideline adherence categories across sociodemographic and lifestyle-related variables. Out of 24,016 participants (response rate = 27.6%), aged ≥ 18 years, 45.3% (95% CI: 44.5%-46.0%), 29.4% (95% CI: 28.7%-30.1%), and 22.6% (95% CI: 21.9%-23.2%) met the aerobic MVPA, MSE, and combined guidelines, respectively. Population sub-groups less likely to meet the combined guidelines included those with poor self-rated health, being unemployed, low socioeconomic status, being a current smoker, and those being overweight or obese. Since ~ 80% of German adults do not meet the nationally recommended combined aerobic MVPA-MSE physical activity guidelines, there is a necessity for large-scale public health interventions promoting both aerobic MVPA and MSE.",Bennie JA; De Cocker K; Tittlbach S,Scandinavian journal of medicine & science in sports,2021,Journal Article,https://pubmed.ncbi.nlm.nih.gov/33464669/,2026-08-20,10.1111/sms.13922,"The epidemiology of muscle-strengthening and aerobic physical activity guideline adherence among 24,016 German adults. Despite the 2016 German ""National Recommendations for Physical Activity and Physical Activity Promotion"" stating that adults (≥18 years) should engage in: [a] ≥150 minutes of aerobic moderate-to-vigorous-intensity physical activity/week (MVPA); and [b] ≥2 days/week of muscle-strengthening exercise (MSE), there is limited research on the descriptive epidemiology on the adherence to these guidelines among German adults. This study describes the prevalence and correlates of physical activity guideline adherence among a nationally representative sample of German adults. Data were drawn from the 2014 German Health Update survey, collected via a combination of web-based and mail surveys. Self-reported physical activity levels were assessed using the previously validated European Health Interview Survey Physical Activity Questionnaire. Weighted prevalence levels of the sample meeting the aerobic MVPA (≥150 minutes/week), MSE (≥2 times/week), and combined MVPA-MSE guidelines were calculated. Poisson regressions were used to assess prevalence ratios for physical activity guideline adherence categories across sociodemographic and lifestyle-related variables. Out of 24,016 participants (response rate = 27.6%), aged ≥ 18 years, 45.3% (95% CI: 44.5%-46.0%), 29.4% (95% CI: 28.7%-30.1%), and 22.6% (95% CI: 21.9%-23.2%) met the aerobic MVPA, MSE, and combined guidelines, respectively. Population sub-groups less likely to meet the combined guidelines included those with poor self-rated health, being unemployed, low socioeconomic status, being a current smoker, and those being overweight or obese. Since ~ 80% of German adults do not meet the nationally recommended combined aerobic MVPA-MSE physical activity guidelines, there is a necessity for large-scale public health interventions promoting both aerobic MVPA and MSE.",12,PMID-33464669,PubMed,title_abstract,PENDING_HUMAN_REVIEW,Machine-ranked candidate; no inclusion decision,,,Transparent relevance score: 12
NR-PUBMED-03,32143973,10.1016/j.aprim.2019.12.001,[Diet quality in a population aged over 65 and related socioeconomic factors].,"The consumption of certain foods and healthy eating habits are related to preventing and suffering from a number of chronic diseases. These foods tend to be included in food pyramids, such as that proposed by the Spanish Society for Community Nutrition. One method of analysing diet quality is the use of indices that assess the frequency of consumption of different food groups. To analyse diet quality in a Spanish population of persons aged over 65years using the Healthy Eating Index and to determine how sociodemographic factors affect scores on the index. A cross-sectional, descriptive study was conducted on the diet followed at home by Spanish population aged over 65years, using the Healthy Eating Index and taking information from the 2014 European Health Interview Survey in Spain. Multiple linear regression analysis was used to determine the socioeconomic factors associated with diet quality. Of the study population, 89.6% need to make changes in their diet, while only 8.2% follow a healthy diet. Suffering from chronic diseases, overweight and occasional physical exercise were associated with higher scores on the Healthy Eating Index. Most of the population aged 65years or over need to make changes in their dietary patterns. Those with potential health risks are more careful about their diet. These findings confirm the need to promote guidelines for healthy eating in the non-clinical population.",Martínez Valero AP; Amo-Saus E; Pardo-García I; Escribano-Sotos F,Atencion primaria,2021,"Journal Article; Research Support, Non-U.S. Gov't",https://pubmed.ncbi.nlm.nih.gov/32143973/,2026-08-20,10.1016/j.aprim.2019.12.001,"[Diet quality in a population aged over 65 and related socioeconomic factors]. The consumption of certain foods and healthy eating habits are related to preventing and suffering from a number of chronic diseases. These foods tend to be included in food pyramids, such as that proposed by the Spanish Society for Community Nutrition. One method of analysing diet quality is the use of indices that assess the frequency of consumption of different food groups. To analyse diet quality in a Spanish population of persons aged over 65years using the Healthy Eating Index and to determine how sociodemographic factors affect scores on the index. A cross-sectional, descriptive study was conducted on the diet followed at home by Spanish population aged over 65years, using the Healthy Eating Index and taking information from the 2014 European Health Interview Survey in Spain. Multiple linear regression analysis was used to determine the socioeconomic factors associated with diet quality. Of the study population, 89.6% need to make changes in their diet, while only 8.2% follow a healthy diet. Suffering from chronic diseases, overweight and occasional physical exercise were associated with higher scores on the Healthy Eating Index. Most of the population aged 65years or over need to make changes in their dietary patterns. Those with potential health risks are more careful about their diet. These findings confirm the need to promote guidelines for healthy eating in the non-clinical population.",12,PMID-32143973,PubMed,title_abstract,PENDING_HUMAN_REVIEW,Machine-ranked candidate; no inclusion decision,,,Transparent relevance score: 12
NR-PUBMED-02,30321436,10.1093/geronb/gby110,Measurement Equivalence of the Subjective Well-Being Scale Among Racially/Ethnically Diverse Older Adults.,"The present study examined differences by race/ethnicity in the measurement equivalence of the Subjective Well-Being Scale (SWBS) among older adults in the United States. Drawn from the National Health and Aging Trends Study (NHATS), adults aged 65 years and older from three racial/ethnic groups (n = 1,200) were selected for the analyses from a total of 8,245: 400 non-Hispanic Whites, 400 African Americans, and 400 Hispanics/Latinos. We tested measurement equivalence of the SWBS that is categorized into three domains: positive and negative affect (four items), self-realization (four items), and self-efficacy and resilience (three items). Multiple-group confirmatory factor analyses were conducted to test measurement invariance. After adjusting for age, gender, and education, the underlying construct of the SWBS was noninvariant across three racial/ethnic elderly groups. Findings suggest that the comparison of latent means (especially for positive and negative affect and self-realization) across racial/ethnic groups is highly questionable. The SWBS should be used with extreme caution when it is applied to diverse racial/ethnic elderly groups for comparison purposes. Implications are discussed in cultural and methodological contexts.",Kim G; Wang SY; Sellbom M,"The journals of gerontology. Series B, Psychological sciences and social sciences",2020,Journal Article,https://pubmed.ncbi.nlm.nih.gov/30321436/,2026-08-20,10.1093/geronb/gby110,"Measurement Equivalence of the Subjective Well-Being Scale Among Racially/Ethnically Diverse Older Adults. The present study examined differences by race/ethnicity in the measurement equivalence of the Subjective Well-Being Scale (SWBS) among older adults in the United States. Drawn from the National Health and Aging Trends Study (NHATS), adults aged 65 years and older from three racial/ethnic groups (n = 1,200) were selected for the analyses from a total of 8,245: 400 non-Hispanic Whites, 400 African Americans, and 400 Hispanics/Latinos. We tested measurement equivalence of the SWBS that is categorized into three domains: positive and negative affect (four items), self-realization (four items), and self-efficacy and resilience (three items). Multiple-group confirmatory factor analyses were conducted to test measurement invariance. After adjusting for age, gender, and education, the underlying construct of the SWBS was noninvariant across three racial/ethnic elderly groups. Findings suggest that the comparison of latent means (especially for positive and negative affect and self-realization) across racial/ethnic groups is highly questionable. The SWBS should be used with extreme caution when it is applied to diverse racial/ethnic elderly groups for comparison purposes. Implications are discussed in cultural and methodological contexts.",12,PMID-30321436,PubMed,title_abstract,PENDING_HUMAN_REVIEW,Machine-ranked candidate; no inclusion decision,,,Transparent relevance score: 12
NR-PUBMED-01,30205206,10.1016/j.neuroimage.2018.08.073,Retrospective harmonization of multi-site diffusion MRI data acquired with different acquisition parameters.,"A joint and integrated analysis of multi-site diffusion MRI (dMRI) datasets can dramatically increase the statistical power of neuroimaging studies and enable comparative studies pertaining to several brain disorders. However, dMRI data sets acquired on multiple scanners cannot be naively pooled for joint analysis due to scanner specific nonlinear effects as well as differences in acquisition parameters. Consequently, for joint analysis, the dMRI data has to be harmonized, which involves removing scanner-specific differences from the raw dMRI signal. In this work, we propose a dMRI harmonization method that is capable of removing scanner-specific effects, while accounting for minor differences in acquisition parameters such as b-value, spatial resolution and number of gradient directions. We validate our algorithm on dMRI data acquired from two sites: Philadelphia Neurodevelopmental Cohort (PNC) with 800 healthy adolescents (ages 8-22 years) and Brigham and Women's Hospital (BWH) with 70 healthy subjects (ages 14-54 years). In particular, we show that gender and age-related maturation differences in different age groups are preserved after harmonization, as measured using effect sizes (small, medium and large), irrespective of the test sample size. Since we use matched control subjects from different scanners to estimate scanner-specific effects, our goal in this work is also to determine the minimum number of well-matched subjects needed from each site to achieve best harmonization results. Our results indicate that at-least 16 to 18 well-matched healthy controls from each site are needed to reliably capture scanner related differences. The proposed method can thus be used for retrospective harmonization of raw dMRI data across sites despite differences in acquisition parameters, while preserving inter-subject anatomical variability.",Cetin Karayumak S; Bouix S; Ning L; James A; Crow T; Shenton M; Kubicki M; Rathi Y,NeuroImage,2019,"Journal Article; Research Support, N.I.H., Extramural",https://pubmed.ncbi.nlm.nih.gov/30205206/,2026-08-20,10.1016/j.neuroimage.2018.08.073,"Retrospective harmonization of multi-site diffusion MRI data acquired with different acquisition parameters. A joint and integrated analysis of multi-site diffusion MRI (dMRI) datasets can dramatically increase the statistical power of neuroimaging studies and enable comparative studies pertaining to several brain disorders. However, dMRI data sets acquired on multiple scanners cannot be naively pooled for joint analysis due to scanner specific nonlinear effects as well as differences in acquisition parameters. Consequently, for joint analysis, the dMRI data has to be harmonized, which involves removing scanner-specific differences from the raw dMRI signal. In this work, we propose a dMRI harmonization method that is capable of removing scanner-specific effects, while accounting for minor differences in acquisition parameters such as b-value, spatial resolution and number of gradient directions. We validate our algorithm on dMRI data acquired from two sites: Philadelphia Neurodevelopmental Cohort (PNC) with 800 healthy adolescents (ages 8-22 years) and Brigham and Women's Hospital (BWH) with 70 healthy subjects (ages 14-54 years). In particular, we show that gender and age-related maturation differences in different age groups are preserved after harmonization, as measured using effect sizes (small, medium and large), irrespective of the test sample size. Since we use matched control subjects from different scanners to estimate scanner-specific effects, our goal in this work is also to determine the minimum number of well-matched subjects needed from each site to achieve best harmonization results. Our results indicate that at-least 16 to 18 well-matched healthy controls from each site are needed to reliably capture scanner related differences. The proposed method can thus be used for retrospective harmonization of raw dMRI data across sites despite differences in acquisition parameters, while preserving inter-subject anatomical variability.",12,PMID-30205206,PubMed,title_abstract,PENDING_HUMAN_REVIEW,Machine-ranked candidate; no inclusion decision,,,Transparent relevance score: 12
NR-PUBMED-01,30578242,10.2196/11207,Adolescent Medicine Trials Network for HIV/AIDS Interventions Data Harmonization: Rationale and Development of Guidelines.,"The Adolescent Medicine Trials Network for HIV/AIDS Interventions (ATN) research program aims to defeat the rising HIV epidemic among adolescents and young adults in the United States. This study aims to optimize cross-study analyses and comparisons of standardized measures (variables) collected in the ATN. Guidelines were developed for harmonizing measures to be collected across ATN studies. Eight domains were identified for harmonization-Demographics and Socioeconomic Characteristics, Sexual Behavior and Risk, Substance Use and Abuse, HIV-Positive Cascade, HIV-Negative Cascade, Mental Health, Social Support and Isolation, and Pre-exposure Prophylaxis Cascade. The collection of selected key measures in a uniform manner across studies facilitates the characterization of participant populations, comparisons between studies, and pooled analysis of data from multiple studies.",McCumber M; Cain D; LeGrand S; Mayer KH; Murphy DA; Psioda MA; Seña AC; Starks TJ; Hudgens M,JMIR research protocols,2018,Journal Article,https://pubmed.ncbi.nlm.nih.gov/30578242/,2026-08-20,10.2196/11207,"Adolescent Medicine Trials Network for HIV/AIDS Interventions Data Harmonization: Rationale and Development of Guidelines. The Adolescent Medicine Trials Network for HIV/AIDS Interventions (ATN) research program aims to defeat the rising HIV epidemic among adolescents and young adults in the United States. This study aims to optimize cross-study analyses and comparisons of standardized measures (variables) collected in the ATN. Guidelines were developed for harmonizing measures to be collected across ATN studies. Eight domains were identified for harmonization-Demographics and Socioeconomic Characteristics, Sexual Behavior and Risk, Substance Use and Abuse, HIV-Positive Cascade, HIV-Negative Cascade, Mental Health, Social Support and Isolation, and Pre-exposure Prophylaxis Cascade. The collection of selected key measures in a uniform manner across studies facilitates the characterization of participant populations, comparisons between studies, and pooled analysis of data from multiple studies.",12,PMID-30578242,PubMed,title_abstract,PENDING_HUMAN_REVIEW,Machine-ranked candidate; no inclusion decision,,,Transparent relevance score: 12
NR-PUBMED-01,30016814,10.3414/ME17-02-0025,MIRACUM: Medical Informatics in Research and Care in University Medicine.,"This article is part of the Focus Theme of Methods of Information in Medicine on the German Medical Informatics Initiative. Similar to other large international data sharing networks (e.g. OHDSI, PCORnet, eMerge, RD-Connect) MIRACUM is a consortium of academic and hospital partners as well as one industrial partner in eight German cities which have joined forces to create interoperable data integration centres (DIC) and make data within those DIC available for innovative new IT solutions in patient care and medical research. Sharing data shall be supported by common interoperable tools and services, in order to leverage the power of such data for biomedical discovery and moving towards a learning health system. This paper aims at illustrating the major building blocks and concepts which MIRACUM will apply to achieve this goal. Besides establishing an efficient governance structure within the MIRACUM consortium (based on the steering board, a central administrative office, the general MIRACUM assembly, six working groups and the international scientific advisory board), defining DIC governance rules and data sharing policies, as well as establishing (at each MIRACUM DIC site, but also for MIRACUM in total) use and access committees are major building blocks for the success of such an endeavor. The MIRACUM DIC architecture builds on a comprehensive ecosystem of reusable open source tools (MIRACOLIX), which are linkable and interoperable amongst each other, but also with the existing software environment of the MIRACUM hospitals. Efficient data protection measures, considering patient consent, data harmonization and a MIRACUM metadata repository as well as a common data model are major pillars of this framework. The methodological approach for shared data usage relies on a federated querying and analysis concept. MIRACUM aims at proving the value of their DIC with three use cases: IT support for patient recruitment into clinical trials, the development and routine care implementation of a clinico-molecular predictive knowledge tool, and molecular-guided therapy recommendations in molecular tumor boards. Based on the MIRACUM DIC release in the nine months conceptual phase first large scale analysis for stroke and colorectal cancer cohorts have been pursued. Beyond all technological challenges successfully applying the MIRACUM tools for the enrichment of our knowledge about diagnostic and therapeutic concepts, thus supporting the concept of a Learning Health System will be crucial for the acceptance and sustainability in the medical community and the MIRACUM university hospitals.",Prokosch HU; Acker T; Bernarding J; Binder H; Boeker M; Boerries M; Daumke P; Ganslandt T; Hesser J; Höning G; Neumaier M; Marquardt K; Renz H; Rothkötter HJ; Schade-Brittinger C; Schmücker P; Schüttler J; Sedlmayr M; Serve H; Sohrabi K; Storf H,Methods of information in medicine,2018,"Journal Article; Research Support, Non-U.S. Gov't",https://pubmed.ncbi.nlm.nih.gov/30016814/,2026-08-20,10.3414/me17-02-0025,"MIRACUM: Medical Informatics in Research and Care in University Medicine. This article is part of the Focus Theme of Methods of Information in Medicine on the German Medical Informatics Initiative. Similar to other large international data sharing networks (e.g. OHDSI, PCORnet, eMerge, RD-Connect) MIRACUM is a consortium of academic and hospital partners as well as one industrial partner in eight German cities which have joined forces to create interoperable data integration centres (DIC) and make data within those DIC available for innovative new IT solutions in patient care and medical research. Sharing data shall be supported by common interoperable tools and services, in order to leverage the power of such data for biomedical discovery and moving towards a learning health system. This paper aims at illustrating the major building blocks and concepts which MIRACUM will apply to achieve this goal. Besides establishing an efficient governance structure within the MIRACUM consortium (based on the steering board, a central administrative office, the general MIRACUM assembly, six working groups and the international scientific advisory board), defining DIC governance rules and data sharing policies, as well as establishing (at each MIRACUM DIC site, but also for MIRACUM in total) use and access committees are major building blocks for the success of such an endeavor. The MIRACUM DIC architecture builds on a comprehensive ecosystem of reusable open source tools (MIRACOLIX), which are linkable and interoperable amongst each other, but also with the existing software environment of the MIRACUM hospitals. Efficient data protection measures, considering patient consent, data harmonization and a MIRACUM metadata repository as well as a common data model are major pillars of this framework. The methodological approach for shared data usage relies on a federated querying and analysis concept. MIRACUM aims at proving the value of their DIC with three use cases: IT support for patient recruitment into clinical trials, the development and routine care implementation of a clinico-molecular predictive knowledge tool, and molecular-guided therapy recommendations in molecular tumor boards. Based on the MIRACUM DIC release in the nine months conceptual phase first large scale analysis for stroke and colorectal cancer cohorts have been pursued. Beyond all technological challenges successfully applying the MIRACUM tools for the enrichment of our knowledge about diagnostic and therapeutic concepts, thus supporting the concept of a Learning Health System will be crucial for the acceptance and sustainability in the medical community and the MIRACUM university hospitals.",12,PMID-30016814,PubMed,title_abstract,PENDING_HUMAN_REVIEW,Machine-ranked candidate; no inclusion decision,,,Transparent relevance score: 12
NR-PUBMED-03,29315123,10.2106/JBJS.RVW.17.00038,Measurement Properties of Patient-Reported Outcome Measures Used in Patients Undergoing Total Hip Arthroplasty: A Systematic Review.,"Many patient-reported outcome measures (PROMs) have been developed to evaluate patient conditions before and after total hip arthroplasty. Also, many studies have been conducted to evaluate and compare the qualities of these instruments. Previously published reports suggest that most of these studies have poor methodology. Recently, 2 sets of criteria were developed for guiding and assessing the methodological and psychometric quality of these PROMs. We reviewed PROMs for total hip arthroplasty patients and appraised the methodological quality and psychometric evidence of evaluations of each identified instrument. Databases including PubMed, MEDLINE, Embase, CINAHL, the Cochrane Library, and others were searched for English-language articles published on or before April 14, 2017, using search terms related to outcome instrument, the condition or procedure of interest (hip arthroplasty), and psychometric properties. The methodological quality of the studies and the evidence of the psychometric properties were summarized and appraised using the COSMIN (COnsensus-based Standards for the selection of health Measurement INstruments) checklist and the psychometric evidence criteria. Overall psychometric ratings were derived by combining the 2 criteria. Seventy-three studies investigating 26 instruments were included. The Western Ontario and McMaster Universities Osteoarthritis Index (WOMAC), Oxford Hip Score, Harris hip score, and the Hip disability and Osteoarthritis Outcome Score (HOOS) were the most frequently assessed instruments. The WOMAC had 5 properties with positive evidence and was the highest-quality instrument overall, followed by the HOOS and the European Health Interview Survey (EUROHIS)-Quality of Life 8-item index. Despite a large number of included studies, many had low COSMIN ratings. We recommend additional rigorous studies to explore the psychometric properties of these instruments. Furthermore, the development of a core outcome set for total hip arthroplasty clinical trials is needed.",Gagnier JJ; Huang H; Mullins M; Marinac-Dabić D; Ghambaryan A; Eloff B; Mirza F; Bayona M,JBJS reviews,2018,"Journal Article; Research Support, U.S. Gov't, P.H.S.; Systematic Review",https://pubmed.ncbi.nlm.nih.gov/29315123/,2026-08-20,10.2106/jbjs.rvw.17.00038,"Measurement Properties of Patient-Reported Outcome Measures Used in Patients Undergoing Total Hip Arthroplasty: A Systematic Review. Many patient-reported outcome measures (PROMs) have been developed to evaluate patient conditions before and after total hip arthroplasty. Also, many studies have been conducted to evaluate and compare the qualities of these instruments. Previously published reports suggest that most of these studies have poor methodology. Recently, 2 sets of criteria were developed for guiding and assessing the methodological and psychometric quality of these PROMs. We reviewed PROMs for total hip arthroplasty patients and appraised the methodological quality and psychometric evidence of evaluations of each identified instrument. Databases including PubMed, MEDLINE, Embase, CINAHL, the Cochrane Library, and others were searched for English-language articles published on or before April 14, 2017, using search terms related to outcome instrument, the condition or procedure of interest (hip arthroplasty), and psychometric properties. The methodological quality of the studies and the evidence of the psychometric properties were summarized and appraised using the COSMIN (COnsensus-based Standards for the selection of health Measurement INstruments) checklist and the psychometric evidence criteria. Overall psychometric ratings were derived by combining the 2 criteria. Seventy-three studies investigating 26 instruments were included. The Western Ontario and McMaster Universities Osteoarthritis Index (WOMAC), Oxford Hip Score, Harris hip score, and the Hip disability and Osteoarthritis Outcome Score (HOOS) were the most frequently assessed instruments. The WOMAC had 5 properties with positive evidence and was the highest-quality instrument overall, followed by the HOOS and the European Health Interview Survey (EUROHIS)-Quality of Life 8-item index. Despite a large number of included studies, many had low COSMIN ratings. We recommend additional rigorous studies to explore the psychometric properties of these instruments. Furthermore, the development of a core outcome set for total hip arthroplasty clinical trials is needed.",12,PMID-29315123,PubMed,title_abstract,PENDING_HUMAN_REVIEW,Machine-ranked candidate; no inclusion decision,,,Transparent relevance score: 12
NR-PUBMED-01,29495212,10.3760/cma.j.issn.0254-6450.2018.02.019,[Data harmonization and sharing in study cohorts of respiratory diseases].,"Objective: Chronic obstructive pulmonary disease, asthma, interstitial lung disease and pulmonary thromboembolism are the most common and severe respiratory diseases, which seriously jeopardizing the health of the Chinese citizens. Large-scale prospective cohort studies are needed to explore the relationships between potential risk factors and respiratory disease outcomes and to observe disease prognoses through long-term follow-ups. We aimed to develop a common data model (CDM) for cohort studies on respiratory diseases, in order to harmonize and facilitate the exchange, pooling, sharing, and storing of data from multiple sources to serve the purpose of reusing or uniforming those follow-up data appeared in the cohorts. Methods: The process of developing this CDM of respiratory diseases would follow the steps as: ①Reviewing the international standards, including the Clinical Data Interchange Standards Consortium (CDISC), Clinical Data Acquisition Standards Harmonization (CDASH) and the Observational Medical Outcomes Partnership (OMOP) CDM; ②Summarizing four cohort studies of respiratory diseases recruited in this research and assessing the data availability; ③Developing a CDM related to respiratory diseases. Results: Data on recruited cohorts shared a few similar domains but with various schema. The cohorts also shared homogeneous data collection purposes for future follow-up studies, making the harmonization of current and future data feasible. The derived CDM would include two parts: ①thirteen common domains for all the four cohorts and derived variables from disparate questions with a common schema, ②additional domains designed upon disease-specific research needs, as well as additional variables that were disease-specific but not initially included in the common domains. Conclusion: Data harmonization appeared essential for sharing, comparing and pooled analyses, both retrospectively and prospectively. CDM was needed to convert heterogeneous data from multiple studies into one harmonized dataset. The use of a CDM in multicenter respiratory cohort studies would make the constant collection of uniformed data possible, so to guarantee the data exchange and sharing in the future.",Sun YX; Pei ZC; Zhan SY,Zhonghua liu xing bing xue za zhi = Zhonghua liuxingbingxue zazhi,2018,Journal Article,https://pubmed.ncbi.nlm.nih.gov/29495212/,2026-08-20,10.3760/cma.j.issn.0254-6450.2018.02.019,"[Data harmonization and sharing in study cohorts of respiratory diseases]. Objective: Chronic obstructive pulmonary disease, asthma, interstitial lung disease and pulmonary thromboembolism are the most common and severe respiratory diseases, which seriously jeopardizing the health of the Chinese citizens. Large-scale prospective cohort studies are needed to explore the relationships between potential risk factors and respiratory disease outcomes and to observe disease prognoses through long-term follow-ups. We aimed to develop a common data model (CDM) for cohort studies on respiratory diseases, in order to harmonize and facilitate the exchange, pooling, sharing, and storing of data from multiple sources to serve the purpose of reusing or uniforming those follow-up data appeared in the cohorts. Methods: The process of developing this CDM of respiratory diseases would follow the steps as: ①Reviewing the international standards, including the Clinical Data Interchange Standards Consortium (CDISC), Clinical Data Acquisition Standards Harmonization (CDASH) and the Observational Medical Outcomes Partnership (OMOP) CDM; ②Summarizing four cohort studies of respiratory diseases recruited in this research and assessing the data availability; ③Developing a CDM related to respiratory diseases. Results: Data on recruited cohorts shared a few similar domains but with various schema. The cohorts also shared homogeneous data collection purposes for future follow-up studies, making the harmonization of current and future data feasible. The derived CDM would include two parts: ①thirteen common domains for all the four cohorts and derived variables from disparate questions with a common schema, ②additional domains designed upon disease-specific research needs, as well as additional variables that were disease-specific but not initially included in the common domains. Conclusion: Data harmonization appeared essential for sharing, comparing and pooled analyses, both retrospectively and prospectively. CDM was needed to convert heterogeneous data from multiple studies into one harmonized dataset. The use of a CDM in multicenter respiratory cohort studies would make the constant collection of uniformed data possible, so to guarantee the data exchange and sharing in the future.",12,PMID-29495212,PubMed,title_abstract,PENDING_HUMAN_REVIEW,Machine-ranked candidate; no inclusion decision,,,Transparent relevance score: 12
NR-PUBMED-01,27621257,10.1016/j.maturitas.2016.07.021,"The InterLACE study: Design, data harmonization and characteristics across 20 studies on women's health.","The International Collaboration for a Life Course Approach to Reproductive Health and Chronic Disease Events (InterLACE) project is a global research collaboration that aims to advance understanding of women's reproductive health in relation to chronic disease risk by pooling individual participant data from several cohort and cross-sectional studies. The aim of this paper is to describe the characteristics of contributing studies and to present the distribution of demographic and reproductive factors and chronic disease outcomes in InterLACE. InterLACE is an individual-level pooled study of 20 observational studies (12 of which are longitudinal) from ten countries. Variables were harmonized across studies to create a new and systematic synthesis of life-course data. Harmonized data were derived in three domains: 1) socio-demographic and lifestyle factors, 2) female reproductive characteristics, and 3) chronic disease outcomes (cardiovascular disease (CVD) and diabetes). InterLACE pooled data from 229,054 mid-aged women. Overall, 76% of the women were Caucasian and 22% Japanese; other ethnicities (of 300 or more participants) included Hispanic/Latin American (0.2%), Chinese (0.2%), Middle Eastern (0.3%), African/black (0.5%), and Other (1.0%). The median age at baseline was 47 years (Inter-quartile range (IQR): 41-53), and that at the last follow-up was 56 years (IQR: 48-64). Regarding reproductive characteristics, half of the women (49.8%) had their first menstruation (menarche) at 12-13 years of age. The distribution of menopausal status and the prevalence of chronic disease varied considerably among studies. At baseline, most women (57%) were pre- or peri-menopausal, 20% reported a natural menopause (range 0.8-55.6%) and the remainder had surgery or were taking hormones. By the end of follow-up, the prevalence rates of CVD and diabetes were 7.2% (range 0.9-24.6%) and 5.1% (range 1.3-13.2%), respectively. The scale and heterogeneity of InterLACE data provide an opportunity to strengthen evidence concerning the relationships between reproductive health through life and subsequent risks of chronic disease, including cross-cultural comparisons.",Mishra GD; Chung HF; Pandeya N; Dobson AJ; Jones L; Avis NE; Crawford SL; Gold EB; Brown D; Sievert LL; Brunner E; Cade JE; Burley VJ; Greenwood DC; Giles GG; Bruinsma F; Goodman A; Hayashi K; Lee JS; Mizunuma H; Kuh D; Cooper R; Hardy R; Obermeyer CM; Lee KA; Simonsen MK; Yoshizawa T; Woods NF; Mitchell ES; Hamer M; Demakakos P; Sandin S; Adami HO; Weiderpass E; Anderson D,Maturitas,2016,Journal Article,https://pubmed.ncbi.nlm.nih.gov/27621257/,2026-08-20,10.1016/j.maturitas.2016.07.021,"The InterLACE study: Design, data harmonization and characteristics across 20 studies on women's health. The International Collaboration for a Life Course Approach to Reproductive Health and Chronic Disease Events (InterLACE) project is a global research collaboration that aims to advance understanding of women's reproductive health in relation to chronic disease risk by pooling individual participant data from several cohort and cross-sectional studies. The aim of this paper is to describe the characteristics of contributing studies and to present the distribution of demographic and reproductive factors and chronic disease outcomes in InterLACE. InterLACE is an individual-level pooled study of 20 observational studies (12 of which are longitudinal) from ten countries. Variables were harmonized across studies to create a new and systematic synthesis of life-course data. Harmonized data were derived in three domains: 1) socio-demographic and lifestyle factors, 2) female reproductive characteristics, and 3) chronic disease outcomes (cardiovascular disease (CVD) and diabetes). InterLACE pooled data from 229,054 mid-aged women. Overall, 76% of the women were Caucasian and 22% Japanese; other ethnicities (of 300 or more participants) included Hispanic/Latin American (0.2%), Chinese (0.2%), Middle Eastern (0.3%), African/black (0.5%), and Other (1.0%). The median age at baseline was 47 years (Inter-quartile range (IQR): 41-53), and that at the last follow-up was 56 years (IQR: 48-64). Regarding reproductive characteristics, half of the women (49.8%) had their first menstruation (menarche) at 12-13 years of age. The distribution of menopausal status and the prevalence of chronic disease varied considerably among studies. At baseline, most women (57%) were pre- or peri-menopausal, 20% reported a natural menopause (range 0.8-55.6%) and the remainder had surgery or were taking hormones. By the end of follow-up, the prevalence rates of CVD and diabetes were 7.2% (range 0.9-24.6%) and 5.1% (range 1.3-13.2%), respectively. The scale and heterogeneity of InterLACE data provide an opportunity to strengthen evidence concerning the relationships between reproductive health through life and subsequent risks of chronic disease, including cross-cultural comparisons.",12,PMID-27621257,PubMed,title_abstract,PENDING_HUMAN_REVIEW,Machine-ranked candidate; no inclusion decision,,,Transparent relevance score: 12
NR-PUBMED-01,26395286,10.3414/ME15-05-1001,Good Medicine and Good Healthcare Demand Good Information (Systems).,"The demand for evidence-based health informatics and benchmarking of 'good' information systems in health care gives an opportunity to continue reporting on recent papers in the German journal GMS Medical Informatics, Biometry and Epidemiology (MIBE) here. The publications in focus deal with a comparison of benchmarking initiatives in German-speaking countries, use of communication standards in telemonitoring scenarios, the estimation of national cancer incidence rates and modifications of parametric tests. Furthermore papers in this issue of MIM are introduced which originally have been presented at the Annual Conference of the German Society of Medical Informatics, Biometry and Epidemiology. They deal as well with evidence and evaluation of 'good' information systems but also with data harmonization, surveillance in obstetrics, adaptive designs and parametrical testing in statistical analysis, patient registries and signal processing.",Winter A; Hilgers RD; Hofestädt R; Hübner U; Knaup-Gregori P; Ose C; Schmoor C; Timmer A; Wege D,Methods of information in medicine,2015,Editorial; Introductory Journal Article,https://pubmed.ncbi.nlm.nih.gov/26395286/,2026-08-20,10.3414/me15-05-1001,"Good Medicine and Good Healthcare Demand Good Information (Systems). The demand for evidence-based health informatics and benchmarking of 'good' information systems in health care gives an opportunity to continue reporting on recent papers in the German journal GMS Medical Informatics, Biometry and Epidemiology (MIBE) here. The publications in focus deal with a comparison of benchmarking initiatives in German-speaking countries, use of communication standards in telemonitoring scenarios, the estimation of national cancer incidence rates and modifications of parametric tests. Furthermore papers in this issue of MIM are introduced which originally have been presented at the Annual Conference of the German Society of Medical Informatics, Biometry and Epidemiology. They deal as well with evidence and evaluation of 'good' information systems but also with data harmonization, surveillance in obstetrics, adaptive designs and parametrical testing in statistical analysis, patient registries and signal processing.",12,PMID-26395286,PubMed,title_abstract,PENDING_HUMAN_REVIEW,Machine-ranked candidate; no inclusion decision,,,Transparent relevance score: 12
NR-PUBMED-03,26541292,10.1186/s12939-015-0261-0,Inequalities in medicine use in Central Eastern Europe: an empirical investigation of socioeconomic determinants in eight countries.,"Equitable access to essential medicines is a major challenge for policy-makers world-wide, including Central and Eastern European countries. Member States of the European Union situated in Central and Eastern Europe have publicly funded pharmaceutical reimbursement systems that should promote accessibility and affordability of, at least essential medicines. However, there is no knowledge whether socioeconomic inequalities exist in these countries. Against this backdrop, this study analyses whether socioeconomic determinants influence the use of prescribed and non-prescribed medicines in eight Central and Eastern European countries (Bulgaria, Czech Republic, Hungary, Latvia, Poland, Romania, Slovenia, Slovakia). Further, the study discusses observed (in)equalities in medicine use in the context of the pharmaceutical policy framework and the implementation in these countries. The study is based on cross-sectional data from the first wave of the European Health Interview Survey (2007-2009). Multivariate logistic regression analyses were carried out to determine the association between socioeconomic status (measured by employment status, education, income; controlled for age, gender, health status) and medicine use (prescribed and non-prescribed medicines). This was supplemented by a pharmaceutical policy analysis based on indicators in four policy dimensions (sustainable funding, affordability, availability and accessibility, and rational selection and use of medicines). Overall, the analysis showed a gradient favouring individuals from higher socioeconomic groups in the consumption of non-prescribed medicines in the eight surveyed countries, and for prescribed medicines in three countries (Latvia, Poland, Romania). The pharmaceutical systems in the eight countries were, to varying degrees, characterized by a lack of (public) funding, thus resulting in high and growing shares of private financing (including co-payments for prescribed medicines), inefficiencies in the selection of medicines into reimbursement and limitations in medicines availability. Pharmaceutical policies aiming at reducing inequalities in medicine use require not only a consideration of the role of co-payments and other private expenditure but also adequate investment in medicines and transparent and clear processes regarding the inclusion of medicines into reimbursement.",Vogler S; Österle A; Mayer S,International journal for equity in health,2015,Journal Article,https://pubmed.ncbi.nlm.nih.gov/26541292/,2026-08-20,10.1186/s12939-015-0261-0,"Inequalities in medicine use in Central Eastern Europe: an empirical investigation of socioeconomic determinants in eight countries. Equitable access to essential medicines is a major challenge for policy-makers world-wide, including Central and Eastern European countries. Member States of the European Union situated in Central and Eastern Europe have publicly funded pharmaceutical reimbursement systems that should promote accessibility and affordability of, at least essential medicines. However, there is no knowledge whether socioeconomic inequalities exist in these countries. Against this backdrop, this study analyses whether socioeconomic determinants influence the use of prescribed and non-prescribed medicines in eight Central and Eastern European countries (Bulgaria, Czech Republic, Hungary, Latvia, Poland, Romania, Slovenia, Slovakia). Further, the study discusses observed (in)equalities in medicine use in the context of the pharmaceutical policy framework and the implementation in these countries. The study is based on cross-sectional data from the first wave of the European Health Interview Survey (2007-2009). Multivariate logistic regression analyses were carried out to determine the association between socioeconomic status (measured by employment status, education, income; controlled for age, gender, health status) and medicine use (prescribed and non-prescribed medicines). This was supplemented by a pharmaceutical policy analysis based on indicators in four policy dimensions (sustainable funding, affordability, availability and accessibility, and rational selection and use of medicines). Overall, the analysis showed a gradient favouring individuals from higher socioeconomic groups in the consumption of non-prescribed medicines in the eight surveyed countries, and for prescribed medicines in three countries (Latvia, Poland, Romania). The pharmaceutical systems in the eight countries were, to varying degrees, characterized by a lack of (public) funding, thus resulting in high and growing shares of private financing (including co-payments for prescribed medicines), inefficiencies in the selection of medicines into reimbursement and limitations in medicines availability. Pharmaceutical policies aiming at reducing inequalities in medicine use require not only a consideration of the role of co-payments and other private expenditure but also adequate investment in medicines and transparent and clear processes regarding the inclusion of medicines into reimbursement.",12,PMID-26541292,PubMed,title_abstract,PENDING_HUMAN_REVIEW,Machine-ranked candidate; no inclusion decision,,,Transparent relevance score: 12
NR-PUBMED-02,24767588,10.1016/j.ssresearch.2014.02.006,Measurement equivalence of the CES-D 8 depression-scale among the ageing population in eleven European countries.,"Depression is one of the most prevalent mental disorders in later life. However, despite considerable research attention, great confusion remains regarding the association between ageing and depression. There is doubt as to whether a depression scale performs identically for different age groups and countries. Although measurement equivalence is a crucial prerequisite for valid comparisons across age groups and countries, it has not been established for the eight-item version of the Centre for Epidemiological Studies Depression Scale (CES-D8). Using multi-group confirmatory factor analysis, we assess configural, metric, and scalar measurement equivalence across two age groups (50-64 years of age and 65 or older) in eleven European countries, employing data from the Survey of Health, Ageing, and Retirement (SHARE). Results indicate that the construct of depression is comparable across age and country groups, allowing the substantive interpretation of correlates and mean levels of depressive symptoms.",Missinne S; Vandeviver C; Van de Velde S; Bracke P,Social science research,2014,"Comparative Study; Journal Article; Research Support, N.I.H., Extramural; Research Support, Non-U.S. Gov't",https://pubmed.ncbi.nlm.nih.gov/24767588/,2026-08-20,10.1016/j.ssresearch.2014.02.006,"Measurement equivalence of the CES-D 8 depression-scale among the ageing population in eleven European countries. Depression is one of the most prevalent mental disorders in later life. However, despite considerable research attention, great confusion remains regarding the association between ageing and depression. There is doubt as to whether a depression scale performs identically for different age groups and countries. Although measurement equivalence is a crucial prerequisite for valid comparisons across age groups and countries, it has not been established for the eight-item version of the Centre for Epidemiological Studies Depression Scale (CES-D8). Using multi-group confirmatory factor analysis, we assess configural, metric, and scalar measurement equivalence across two age groups (50-64 years of age and 65 or older) in eleven European countries, employing data from the Survey of Health, Ageing, and Retirement (SHARE). Results indicate that the construct of depression is comparable across age and country groups, allowing the substantive interpretation of correlates and mean levels of depressive symptoms.",12,PMID-24767588,PubMed,title_abstract,PENDING_HUMAN_REVIEW,Machine-ranked candidate; no inclusion decision,,,Transparent relevance score: 12
NR-PUBMED-01,25006191,10.1093/jnci/dju129,Recommended patient-reported core set of symptoms to measure in adult cancer treatment trials.,"The National Cancer Institute's Symptom Management and Health-Related Quality of Life Steering Committee held a clinical trials planning meeting (September 2011) to identify a core symptom set to be assessed across oncology trials for the purposes of better understanding treatment efficacy and toxicity and to facilitate cross-study comparisons. We report the results of an evidence-synthesis and consensus-building effort that culminated in recommendations for core symptoms to be measured in adult cancer clinical trials that include a patient-reported outcome (PRO). We used a data-driven, consensus-building process. A panel of experts, including patient representatives, conducted a systematic review of the literature (2001-2011) and analyzed six large datasets. Results were reviewed at a multistakeholder meeting, and a final set was derived emphasizing symptom prevalence across diverse cancer populations, impact on health outcomes and quality of life, and attribution to either disease or anticancer treatment. We recommend that a core set of 12 symptoms--specifically fatigue, insomnia, pain, anorexia (appetite loss), dyspnea, cognitive problems, anxiety (includes worry), nausea, depression (includes sadness), sensory neuropathy, constipation, and diarrhea--be considered for inclusion in clinical trials where a PRO is measured. Inclusion of symptoms and other patient-reported endpoints should be well justified, hypothesis driven, and meaningful to patients. This core set will promote consistent assessment of common and clinically relevant disease- and treatment-related symptoms across cancer trials. As such, it provides a foundation to support data harmonization and continued efforts to enhance measurement of patient-centered outcomes in cancer clinical trials and observational studies.",Reeve BB; Mitchell SA; Dueck AC; Basch E; Cella D; Reilly CM; Minasian LM; Denicoff AM; O'Mara AM; Fisch MJ; Chauhan C; Aaronson NK; Coens C; Bruner DW,Journal of the National Cancer Institute,2014,"Consensus Development Conference, NIH; Journal Article; Systematic Review",https://pubmed.ncbi.nlm.nih.gov/25006191/,2026-08-20,10.1093/jnci/dju129,"Recommended patient-reported core set of symptoms to measure in adult cancer treatment trials. The National Cancer Institute's Symptom Management and Health-Related Quality of Life Steering Committee held a clinical trials planning meeting (September 2011) to identify a core symptom set to be assessed across oncology trials for the purposes of better understanding treatment efficacy and toxicity and to facilitate cross-study comparisons. We report the results of an evidence-synthesis and consensus-building effort that culminated in recommendations for core symptoms to be measured in adult cancer clinical trials that include a patient-reported outcome (PRO). We used a data-driven, consensus-building process. A panel of experts, including patient representatives, conducted a systematic review of the literature (2001-2011) and analyzed six large datasets. Results were reviewed at a multistakeholder meeting, and a final set was derived emphasizing symptom prevalence across diverse cancer populations, impact on health outcomes and quality of life, and attribution to either disease or anticancer treatment. We recommend that a core set of 12 symptoms--specifically fatigue, insomnia, pain, anorexia (appetite loss), dyspnea, cognitive problems, anxiety (includes worry), nausea, depression (includes sadness), sensory neuropathy, constipation, and diarrhea--be considered for inclusion in clinical trials where a PRO is measured. Inclusion of symptoms and other patient-reported endpoints should be well justified, hypothesis driven, and meaningful to patients. This core set will promote consistent assessment of common and clinically relevant disease- and treatment-related symptoms across cancer trials. As such, it provides a foundation to support data harmonization and continued efforts to enhance measurement of patient-centered outcomes in cancer clinical trials and observational studies.",12,PMID-25006191,PubMed,title_abstract,PENDING_HUMAN_REVIEW,Machine-ranked candidate; no inclusion decision,,,Transparent relevance score: 12
NR-PUBMED-02,41168823,10.1186/s12913-025-13581-0,Development and preliminary testing of a patient reported experience measure for chronic disease patients in Singapore.,"Patient experience is invaluable for identifying gaps in the provision of healthcare. Patient-Reported Experience Measures (PREMs) are essential tools for evaluating the quality of care from the patient's viewpoint. Research with PREMs in Asian countries is limited. We aimed to develop and test a Patient Reported Experience Measure for Singapore (PREM-SG) among chronic disease patients in the multi-ethnic population in Singapore. We carried out a nationwide cross-sectional household survey with a proportionate stratified by broad dwelling types random sampling in Singapore. Participants were Singapore citizens and permanent residents aged 45 years old or above and had at least one common chronic condition. A total of 1462 patients who completed the 13-item PREM-SG (English, Chinese, Malay) for their regular or most recently visited healthcare provider were included in the current analysis. The PREM-SG had a unidimensional structure, and satisfactory reliability (Cronbach's alpha = 0.89) and construct validity. Item response theory models revealed that two items (continuity, safety) discriminated poorly and had low item information (slopes < 0.7). Examining differential item functioning of the PREM-SG without these two items demonstrated measurement equivalence across genders. One item (coordination) elicited more positive ratings in the Chinese version compared to the English version given the same level of latent trait, without a substantially impact on the overall scores. Having a regular care provider, being of older age, and having better self-reported health was associated with higher PREM scores. Preliminary evidence documented satisfactory psychometric properties of PREM-SG for individuals (age 45+) with chronic conditions. Refinement and more research are needed to further evaluate the validity and usefulness of PREM-SG.",Shou Y; Lee JJ; Goh LH; Chen C; Fong NP; Chen LA; Bjertnaes O; Valderas JM; Luo N,BMC health services research,2025,Journal Article,https://pubmed.ncbi.nlm.nih.gov/41168823/,2026-08-20,10.1186/s12913-025-13581-0,"Development and preliminary testing of a patient reported experience measure for chronic disease patients in Singapore. Patient experience is invaluable for identifying gaps in the provision of healthcare. Patient-Reported Experience Measures (PREMs) are essential tools for evaluating the quality of care from the patient's viewpoint. Research with PREMs in Asian countries is limited. We aimed to develop and test a Patient Reported Experience Measure for Singapore (PREM-SG) among chronic disease patients in the multi-ethnic population in Singapore. We carried out a nationwide cross-sectional household survey with a proportionate stratified by broad dwelling types random sampling in Singapore. Participants were Singapore citizens and permanent residents aged 45 years old or above and had at least one common chronic condition. A total of 1462 patients who completed the 13-item PREM-SG (English, Chinese, Malay) for their regular or most recently visited healthcare provider were included in the current analysis. The PREM-SG had a unidimensional structure, and satisfactory reliability (Cronbach's alpha = 0.89) and construct validity. Item response theory models revealed that two items (continuity, safety) discriminated poorly and had low item information (slopes < 0.7). Examining differential item functioning of the PREM-SG without these two items demonstrated measurement equivalence across genders. One item (coordination) elicited more positive ratings in the Chinese version compared to the English version given the same level of latent trait, without a substantially impact on the overall scores. Having a regular care provider, being of older age, and having better self-reported health was associated with higher PREM scores. Preliminary evidence documented satisfactory psychometric properties of PREM-SG for individuals (age 45+) with chronic conditions. Refinement and more research are needed to further evaluate the validity and usefulness of PREM-SG.",11,PMID-41168823,PubMed,title_abstract,PENDING_HUMAN_REVIEW,Machine-ranked candidate; no inclusion decision,,,Transparent relevance score: 11
NR-PUBMED-02,39511613,10.1186/s12963-024-00351-z,Harmonizing measurements: establishing a common metric via shared items across instruments.,"The proliferation of instruments that define instrument-specific metrics impedes progress in comparative assessment across populations. This paper explores a method to extract a common metric from related but different instruments and transform the original measurements into scores with a standard unit of measurement. Existing data from four assessment instruments of child development, collected from three different samples of children, were used to create ""equate clusters"" of items that measure the same behaviour in (slightly) different ways. A probability model was formulated to identify best items and groups to serve as anchors linking the instruments, assuming that items in an anchoring or ""active"" equate cluster are psychometrically equivalent. Quantification and inspection of item characteristic curves were used to resolve which equate clusters should be active. We simulated the impact of various analytic choices. Simulation confirmed the feasibility of creating a common metric from data collected with different instruments from respondent samples with different abilities. The method performed as expected in an application in early childhood development. The use of equate clusters is an intuitive and flexible way to establish a common metric across instruments and facilitates the transformation of measurements obtained to a standardized scale. Standardizing instrument scores to a common metric allows for population-level comparisons on a global scale.",Eekhout I; Weber AM; van Buuren S,Population health metrics,2024,"Journal Article; Research Support, Non-U.S. Gov't",https://pubmed.ncbi.nlm.nih.gov/39511613/,2026-08-20,10.1186/s12963-024-00351-z,"Harmonizing measurements: establishing a common metric via shared items across instruments. The proliferation of instruments that define instrument-specific metrics impedes progress in comparative assessment across populations. This paper explores a method to extract a common metric from related but different instruments and transform the original measurements into scores with a standard unit of measurement. Existing data from four assessment instruments of child development, collected from three different samples of children, were used to create ""equate clusters"" of items that measure the same behaviour in (slightly) different ways. A probability model was formulated to identify best items and groups to serve as anchors linking the instruments, assuming that items in an anchoring or ""active"" equate cluster are psychometrically equivalent. Quantification and inspection of item characteristic curves were used to resolve which equate clusters should be active. We simulated the impact of various analytic choices. Simulation confirmed the feasibility of creating a common metric from data collected with different instruments from respondent samples with different abilities. The method performed as expected in an application in early childhood development. The use of equate clusters is an intuitive and flexible way to establish a common metric across instruments and facilitates the transformation of measurements obtained to a standardized scale. Standardizing instrument scores to a common metric allows for population-level comparisons on a global scale.",11,PMID-39511613,PubMed,title_abstract,PENDING_HUMAN_REVIEW,Machine-ranked candidate; no inclusion decision,,,Transparent relevance score: 11
NR-PUBMED-02,38212174,10.1016/j.pedn.2023.11.026,Simplified Chinese version of the PROMIS Pediatric-25 profile: A validation study among cancer children.,"Pediatric cancer is a significant health concern in China, and evaluating the impact of cancer and its treatment on the well-being of young patients is essential for both clinical care and research purposes. This study aimed to psychometrically validate the Patient-reported Outcomes Measurement Information System Pediatric-25 Profile (PROMIS-Pediatric-25) among Chinese children with cancer. We enrolled a group of 114 children living with cancer between the ages of 8 and 17. Each participant completed questionnaires that covered sociodemographic and clinical information and the PROMIS-Pediatric-25. The floor and ceiling effect was examined. Cronbach's alpha and split-half coefficient were examined to determine the reliability. Factor structure was explored by factor analysis. Three assumptions of Rasch model-based item response theory (IRT) were assessed. Differential item functioning (DIF) was investigated concerning factors of gender, diagnosis, and treatment stage. The floor or ceiling effects were detected for six domains. The reliability was found to be excellent. Furthermore, the factor structure of these six domains was validated. Our analysis confirmed that the assumptions required for IRT were met with acceptable unidimensionality, local independence, and good monotonicity. Additionally, we observed measurement equivalence, with outstanding levels of DIF across factors such as gender, diagnosis, and treatment stage. PROMIS-Pediatric 25 is a highly reliable and valid instrument for evaluating key domains of health-related quality of life in Chinese pediatric cancer patients. Nursing practice could engage the PROMIS-Pediatric 25 for accurate and quick children symptom and function assessment.",Li D; Huang Y; Wu F; Huang Q; Liu Y; Yao J; Shen N; Wang Y; Yu L; Yuan C; Zhang W,Journal of pediatric nursing,2024,Journal Article,https://pubmed.ncbi.nlm.nih.gov/38212174/,2026-08-20,10.1016/j.pedn.2023.11.026,"Simplified Chinese version of the PROMIS Pediatric-25 profile: A validation study among cancer children. Pediatric cancer is a significant health concern in China, and evaluating the impact of cancer and its treatment on the well-being of young patients is essential for both clinical care and research purposes. This study aimed to psychometrically validate the Patient-reported Outcomes Measurement Information System Pediatric-25 Profile (PROMIS-Pediatric-25) among Chinese children with cancer. We enrolled a group of 114 children living with cancer between the ages of 8 and 17. Each participant completed questionnaires that covered sociodemographic and clinical information and the PROMIS-Pediatric-25. The floor and ceiling effect was examined. Cronbach's alpha and split-half coefficient were examined to determine the reliability. Factor structure was explored by factor analysis. Three assumptions of Rasch model-based item response theory (IRT) were assessed. Differential item functioning (DIF) was investigated concerning factors of gender, diagnosis, and treatment stage. The floor or ceiling effects were detected for six domains. The reliability was found to be excellent. Furthermore, the factor structure of these six domains was validated. Our analysis confirmed that the assumptions required for IRT were met with acceptable unidimensionality, local independence, and good monotonicity. Additionally, we observed measurement equivalence, with outstanding levels of DIF across factors such as gender, diagnosis, and treatment stage. PROMIS-Pediatric 25 is a highly reliable and valid instrument for evaluating key domains of health-related quality of life in Chinese pediatric cancer patients. Nursing practice could engage the PROMIS-Pediatric 25 for accurate and quick children symptom and function assessment.",11,PMID-38212174,PubMed,title_abstract,PENDING_HUMAN_REVIEW,Machine-ranked candidate; no inclusion decision,,,Transparent relevance score: 11
NR-PUBMED-02,37331836,10.1016/j.pedn.2023.05.016,Validation of the simplified Chinese version of PROMIS Parent Proxy-25 Profile in parents of children with cancer.,"To determine the psychometric properties of the Patient-reported Outcomes Measurement Information System Parent Proxy-25 Profile (PROMIS-25) in a sample of Chinese parents of children with cancer. A cross-sectional sample (N = 148) of parents with children aged 5-17 years living with cancer was recruited. Each participant completed sociodemographic and clinical questionnaires and PROMIS-25. The flooring and ceiling effects were calculated. Reliability was determined by the Cronbach's alpha and split-half coefficient. Factor structure was examined by factor analysis. Model fit and graphical plots were assessed to test the assumptions of Rasch model-based item response theory (IRT). Differential item functioning (DIF) was assessed in terms of gender, age, and treatment stage. PROMIS-25 demonstrated some flooring and ceiling effect, excellent reliability (Cronbach's α > 0.7 for all six domains), and the six-domain factor structure was supported. The IRT assumptions were met in terms of unidimensionality, local independence, monotonicity, and measurement equivalence with acceptable DIF in terms of gender, age, diagnosis, and treatment stage. PROMIS-25 is a highly reliable and valid instrument for evaluating children with cancer that assesses important health-related quality of life domains of child cancer. Chinese parents of children with cancer and healthcare providers could use PROMIS-25 to assess the symptoms of children.",Li D; Zong X; Huang Q; Wu F; Huang Y; Ge Y; Zhang W; Yuan C,Journal of pediatric nursing,2023,Journal Article,https://pubmed.ncbi.nlm.nih.gov/37331836/,2026-08-20,10.1016/j.pedn.2023.05.016,"Validation of the simplified Chinese version of PROMIS Parent Proxy-25 Profile in parents of children with cancer. To determine the psychometric properties of the Patient-reported Outcomes Measurement Information System Parent Proxy-25 Profile (PROMIS-25) in a sample of Chinese parents of children with cancer. A cross-sectional sample (N = 148) of parents with children aged 5-17 years living with cancer was recruited. Each participant completed sociodemographic and clinical questionnaires and PROMIS-25. The flooring and ceiling effects were calculated. Reliability was determined by the Cronbach's alpha and split-half coefficient. Factor structure was examined by factor analysis. Model fit and graphical plots were assessed to test the assumptions of Rasch model-based item response theory (IRT). Differential item functioning (DIF) was assessed in terms of gender, age, and treatment stage. PROMIS-25 demonstrated some flooring and ceiling effect, excellent reliability (Cronbach's α > 0.7 for all six domains), and the six-domain factor structure was supported. The IRT assumptions were met in terms of unidimensionality, local independence, monotonicity, and measurement equivalence with acceptable DIF in terms of gender, age, diagnosis, and treatment stage. PROMIS-25 is a highly reliable and valid instrument for evaluating children with cancer that assesses important health-related quality of life domains of child cancer. Chinese parents of children with cancer and healthcare providers could use PROMIS-25 to assess the symptoms of children.",11,PMID-37331836,PubMed,title_abstract,PENDING_HUMAN_REVIEW,Machine-ranked candidate; no inclusion decision,,,Transparent relevance score: 11
NR-PUBMED-02,34089412,10.1186/s41687-021-00312-2,"Examining the measurement equivalence of the Maslach Burnout Inventory across age, gender, and specialty groups in US physicians.","Disparities in US physician burnout rates across age, gender, and specialty groups as measured by the Maslach Burnout Inventory-Human Services Survey for Medical Personnel (MBI) are well documented. We evaluated whether disparities in US physician burnout are explained by differences in the MBI's functioning across physician age, gender, and specialty groups. We assessed the measurement equivalence of the MBI across age, gender, and specialty groups in multi-group item response theory- (IRT-) based differential item functioning (DIF) analyses using secondary, cross-sectional survey data from US physicians (n = 6577). We detected DIF using two IRT-based methods and assessed its impact by estimating the overall average difference in groups' subscale scores attributable to DIF. We assessed DIF's practical significance by comparing differences in individuals' subscale scores and burnout prevalence estimates from models unadjusted and adjusted for DIF. We detected statistically significant age-, gender-, and specialty- DIF in all but one MBI item. However, in all cases, average differences in expected subscale-level scores due to DIF were < 0.10 SD on each subscale. Differences in physicians' individual-level subscale scores and burnout symptom prevalence estimates across DIF- adjusted and unadjusted IRT models were also small (in all cases, mean absolute differences in individual subscale scores were < 0.04 z-score units; prevalence estimates differed by < 0.70%). Age-, gender-, and specialty-related disparities in US physician burnout are not explained by differences in the MBI's functioning across these demographic groups. Our findings support the use of the MBI as a valid tool to assess age-, gender-, and specialty-related disparities in US physician burnout.",Brady KJS; Sheldrick RC; Ni P; Trockel MT; Shanafelt TD; Rowe SG; Kazis LE,Journal of patient-reported outcomes,2021,Journal Article,https://pubmed.ncbi.nlm.nih.gov/34089412/,2026-08-20,10.1186/s41687-021-00312-2,"Examining the measurement equivalence of the Maslach Burnout Inventory across age, gender, and specialty groups in US physicians. Disparities in US physician burnout rates across age, gender, and specialty groups as measured by the Maslach Burnout Inventory-Human Services Survey for Medical Personnel (MBI) are well documented. We evaluated whether disparities in US physician burnout are explained by differences in the MBI's functioning across physician age, gender, and specialty groups. We assessed the measurement equivalence of the MBI across age, gender, and specialty groups in multi-group item response theory- (IRT-) based differential item functioning (DIF) analyses using secondary, cross-sectional survey data from US physicians (n = 6577). We detected DIF using two IRT-based methods and assessed its impact by estimating the overall average difference in groups' subscale scores attributable to DIF. We assessed DIF's practical significance by comparing differences in individuals' subscale scores and burnout prevalence estimates from models unadjusted and adjusted for DIF. We detected statistically significant age-, gender-, and specialty- DIF in all but one MBI item. However, in all cases, average differences in expected subscale-level scores due to DIF were < 0.10 SD on each subscale. Differences in physicians' individual-level subscale scores and burnout symptom prevalence estimates across DIF- adjusted and unadjusted IRT models were also small (in all cases, mean absolute differences in individual subscale scores were < 0.04 z-score units; prevalence estimates differed by < 0.70%). Age-, gender-, and specialty-related disparities in US physician burnout are not explained by differences in the MBI's functioning across these demographic groups. Our findings support the use of the MBI as a valid tool to assess age-, gender-, and specialty-related disparities in US physician burnout.",11,PMID-34089412,PubMed,title_abstract,PENDING_HUMAN_REVIEW,Machine-ranked candidate; no inclusion decision,,,Transparent relevance score: 11
NR-PUBMED-01,34689753,10.1186/s12874-021-01431-6,Pre-statistical harmonization of behavrioal instruments across eight surveys and trials.,"Data harmonization is a powerful method to equilibrate items in measures that evaluate the same underlying construct. There are multiple measures to evaluate dementia related behavioral symptoms. Pre-statistical harmonization of behavioral instruments in dementia research is the first step to develop a statistical crosswalk between measures. Studies that conduct pre-statistical harmonization of behavioral instruments rarely document their methods in a structured, reproducible manner. This is a crucial step which entails careful review, documentation and scrutiny of source data to ensure sufficient comparability between items prior to data pooling. Here, we document the pre-statistical harmonization of items measuring behavioral and psychological symptoms among people with dementia. We provide a box of recommended procedure for future studies. We identified behavioral instruments that are used in clinical practice, a national survey, and randomized trials of dementia care interventions. We rigorously reviewed question content and scoring procedures to establish sufficient comparability across items as well as item quality prior to data pooling. Additionally, we standardized coding to Stata-readable format, which allowed us to automate approaches to identify potential cross-study differences in items and low-quality items. To ensure reasonable model fit for statistical co-calibration, we estimated two-parameter logistic Item Response Theory models within each of the eight studies. We identified 59 items from 11 behavioral instruments across the eight datasets. We found considerable cross-study heterogeneity in administration and coding procedures for items that measure the same attribute. Discrepancies existed in terms of directionality and quantification of behavioral symptoms for even seemingly comparable items. We resolved item response heterogeneity, missingness and skewness, conditional dependency prior to estimation of item response theory models for statistical co-calibration. We used several rigorous data transformation procedures to address these issues, including re-coding and truncation. This study highlights the importance of each aspect involved in the pre-statistical harmonization process of behavioral instruments. We provide guidelines and recommendations for how future research may detect and account for similar issues in pooling behavioral and related instruments.",Chen D; Jutkowitz E; Iosepovici SL; Lin JC; Gross AL,BMC medical research methodology,2021,"Journal Article; Research Support, N.I.H., Extramural; Research Support, Non-U.S. Gov't",https://pubmed.ncbi.nlm.nih.gov/34689753/,2026-08-20,10.1186/s12874-021-01431-6,"Pre-statistical harmonization of behavrioal instruments across eight surveys and trials. Data harmonization is a powerful method to equilibrate items in measures that evaluate the same underlying construct. There are multiple measures to evaluate dementia related behavioral symptoms. Pre-statistical harmonization of behavioral instruments in dementia research is the first step to develop a statistical crosswalk between measures. Studies that conduct pre-statistical harmonization of behavioral instruments rarely document their methods in a structured, reproducible manner. This is a crucial step which entails careful review, documentation and scrutiny of source data to ensure sufficient comparability between items prior to data pooling. Here, we document the pre-statistical harmonization of items measuring behavioral and psychological symptoms among people with dementia. We provide a box of recommended procedure for future studies. We identified behavioral instruments that are used in clinical practice, a national survey, and randomized trials of dementia care interventions. We rigorously reviewed question content and scoring procedures to establish sufficient comparability across items as well as item quality prior to data pooling. Additionally, we standardized coding to Stata-readable format, which allowed us to automate approaches to identify potential cross-study differences in items and low-quality items. To ensure reasonable model fit for statistical co-calibration, we estimated two-parameter logistic Item Response Theory models within each of the eight studies. We identified 59 items from 11 behavioral instruments across the eight datasets. We found considerable cross-study heterogeneity in administration and coding procedures for items that measure the same attribute. Discrepancies existed in terms of directionality and quantification of behavioral symptoms for even seemingly comparable items. We resolved item response heterogeneity, missingness and skewness, conditional dependency prior to estimation of item response theory models for statistical co-calibration. We used several rigorous data transformation procedures to address these issues, including re-coding and truncation. This study highlights the importance of each aspect involved in the pre-statistical harmonization process of behavioral instruments. We provide guidelines and recommendations for how future research may detect and account for similar issues in pooling behavioral and related instruments.",11,PMID-34689753,PubMed,title_abstract,PENDING_HUMAN_REVIEW,Machine-ranked candidate; no inclusion decision,,,Transparent relevance score: 11
NR-PUBMED-02,22552604,10.1007/s11136-012-0191-x,Measurement invariance of the PROMIS pain interference item bank across community and clinical samples.,"This study examined the measurement invariance of responses to the patient-reported outcomes measurement information system (PROMIS) pain interference (PI) item bank. The original PROMIS calibration sample (Wave I) was augmented with a sample of persons recruited from the American Chronic Pain Association (ACPA) to increase the number of participants reporting higher levels of pain. Establishing measurement invariance of an item bank is essential for the valid interpretation of group differences in the latent concept being measured. Multi-group confirmatory factor analysis (MG-CFA) was used to evaluate successive levels of measurement invariance: configural, metric, and scalar invariance. Support was found for configural and metric invariance of the PROMIS-PI, but not for scalar invariance. Based on our results of MG-CFA, we recommend retaining the original parameter estimates obtained by combining the community sample of Wave I and ACPA participants. Future studies should extend this study by examining measurement equivalence in an item response theory framework such as differential item functioning analysis.",Kim J; Chung H; Amtmann D; Revicki DA; Cook KF,"Quality of life research : an international journal of quality of life aspects of treatment, care and rehabilitation",2013,"Evaluation Study; Journal Article; Research Support, N.I.H., Extramural",https://pubmed.ncbi.nlm.nih.gov/22552604/,2026-08-20,10.1007/s11136-012-0191-x,"Measurement invariance of the PROMIS pain interference item bank across community and clinical samples. This study examined the measurement invariance of responses to the patient-reported outcomes measurement information system (PROMIS) pain interference (PI) item bank. The original PROMIS calibration sample (Wave I) was augmented with a sample of persons recruited from the American Chronic Pain Association (ACPA) to increase the number of participants reporting higher levels of pain. Establishing measurement invariance of an item bank is essential for the valid interpretation of group differences in the latent concept being measured. Multi-group confirmatory factor analysis (MG-CFA) was used to evaluate successive levels of measurement invariance: configural, metric, and scalar invariance. Support was found for configural and metric invariance of the PROMIS-PI, but not for scalar invariance. Based on our results of MG-CFA, we recommend retaining the original parameter estimates obtained by combining the community sample of Wave I and ACPA participants. Future studies should extend this study by examining measurement equivalence in an item response theory framework such as differential item functioning analysis.",11,PMID-22552604,PubMed,title_abstract,PENDING_HUMAN_REVIEW,Machine-ranked candidate; no inclusion decision,,,Transparent relevance score: 11
NR-PUBMED-03,41786039,10.1016/j.sjpmh.2026.02.002,"Association of depressive symptoms with all-cause, cardiovascular, and cancer mortality: A population-based study in Spain.","Depression affects 4.4% of the global population and is associated with an increased risk of disability and premature mortality. Below we evaluate the association between depression and mortality in the adult population of Spain. We conducted a longitudinal study using data from the 2014 European Health Interview Survey for Spain, including participants aged ≥15 years (N=22,652), associated with the national mortality registry up to December 2023. Depression was self-reported using the 8-item Patient Health Questionnaire (PHQ-8) and measured once at baseline, with a score ≥10 being indicative of moderate-to-severe depressive symptoms. We explored the effect of a prior physician-diagnosis of depression and antidepressant treatment received within the previous two weeks. Age-standardized rate ratios (SRR) and differences (SRD) for all-cause, cardiovascular, and cancer mortality were estimated using Poisson regression. Compared with individuals with no or mild depressive symptoms, those with a PHQ-8 score ≥10 had an SRR of 1.33 (95%CI, 1.16, 1.54), with an estimated SRD of 3.94 per 1000 person-years (95%CI, 1.78, 6.11). For cardiovascular and cancer mortality, the SRR was 1.30 (95%CI, 1.00, 1.67) and 1.09 (95%CI, 0.79, 1.50), respectively. Among individuals with PHQ-8 ≥10, those with a prior diagnosis had an SRR for all-cause mortality of 1.18 (95%CI, 0.92, 1.50) vs 1.60 (95%CI, 1.31, 1.95) in those with no prior diagnosis (P=.006). Similarly, participants with PHQ-8 ≥10 who had received pharmacotherapy showed lower mortality risk than untreated individuals (P=.044). Individuals with moderate-to-severe depressive symptoms, particularly those undiagnosed and/or not receiving treatment, have an increased risk of all-cause and cardiovascular mortality.",López-Cuadrado T; Ortiz C; Pastor-Barriuso R; Galán I,Spanish journal of psychiatry and mental health,2026,Journal Article,https://pubmed.ncbi.nlm.nih.gov/41786039/,2026-08-20,10.1016/j.sjpmh.2026.02.002,"Association of depressive symptoms with all-cause, cardiovascular, and cancer mortality: A population-based study in Spain. Depression affects 4.4% of the global population and is associated with an increased risk of disability and premature mortality. Below we evaluate the association between depression and mortality in the adult population of Spain. We conducted a longitudinal study using data from the 2014 European Health Interview Survey for Spain, including participants aged ≥15 years (N=22,652), associated with the national mortality registry up to December 2023. Depression was self-reported using the 8-item Patient Health Questionnaire (PHQ-8) and measured once at baseline, with a score ≥10 being indicative of moderate-to-severe depressive symptoms. We explored the effect of a prior physician-diagnosis of depression and antidepressant treatment received within the previous two weeks. Age-standardized rate ratios (SRR) and differences (SRD) for all-cause, cardiovascular, and cancer mortality were estimated using Poisson regression. Compared with individuals with no or mild depressive symptoms, those with a PHQ-8 score ≥10 had an SRR of 1.33 (95%CI, 1.16, 1.54), with an estimated SRD of 3.94 per 1000 person-years (95%CI, 1.78, 6.11). For cardiovascular and cancer mortality, the SRR was 1.30 (95%CI, 1.00, 1.67) and 1.09 (95%CI, 0.79, 1.50), respectively. Among individuals with PHQ-8 ≥10, those with a prior diagnosis had an SRR for all-cause mortality of 1.18 (95%CI, 0.92, 1.50) vs 1.60 (95%CI, 1.31, 1.95) in those with no prior diagnosis (P=.006). Similarly, participants with PHQ-8 ≥10 who had received pharmacotherapy showed lower mortality risk than untreated individuals (P=.044). Individuals with moderate-to-severe depressive symptoms, particularly those undiagnosed and/or not receiving treatment, have an increased risk of all-cause and cardiovascular mortality.",10,PMID-41786039,PubMed,title_abstract,PENDING_HUMAN_REVIEW,Machine-ranked candidate; no inclusion decision,,,Transparent relevance score: 10
NR-PUBMED-03,42075095,10.3390/nu18081279,Daily Use of Caloric and Artificial Sweeteners Among Hungarian Adults with Diabetes: Socioeconomic and Dietary Associations.,"Background/Objectives: Dietary sweetener use is common among individuals with diabetes, yet little is known about the socioeconomic and dietary factors that influence the choice between caloric and artificial sweeteners in Central and Eastern Europe. This study examined the determinants of caloric and artificial sweetener use among adults with diabetes mellitus (DM) in Hungary. Methods: We conducted a cross-sectional analysis using frequency-based self-reported dietary measures of 542 adults with self-reported DM from the 2019 European Health Interview Survey (EHIS). Weighted descriptive statistics and multivariable logistic regression models were used to evaluate associations between sweetener use and sociodemographic, lifestyle, and dietary characteristics. Results: Overall, 28.0% of participants reported daily use of caloric sweeteners, and 45.2% reported daily use of artificial sweeteners. Higher educational attainment and healthier dietary patterns, including greater fruit and vegetable consumption, were associated with lower odds of caloric sweetener use. Individuals with lower fruit and vegetable intake, less frequent fruit juice consumption, and poor adherence to diabetic diet recommendations were more likely to use caloric sweeteners. In contrast, artificial sweetener use was strongly associated with daily fruit consumption, lower intake of fruit juice, and adherence to a diabetic diet. Vegetable intake showed a positive association with artificial sweetener use, which may reflect compensatory patterns in dietary self-management. Conclusions: Caloric and artificial sweetener use were associated with distinct socioeconomic and dietary profiles. Caloric sweetener use was linked to less healthy dietary behaviors, whereas artificial sweetener use appeared to be consistent with sugar-reduction strategies. These findings highlight the need for tailored dietary counseling that addresses both sweetener use and broader dietary patterns among individuals with diabetes in Hungary.",Ulambayar B; Ágnes B; Móré M; Nagy AC,Nutrients,2026,Journal Article,https://pubmed.ncbi.nlm.nih.gov/42075095/,2026-08-20,10.3390/nu18081279,"Daily Use of Caloric and Artificial Sweeteners Among Hungarian Adults with Diabetes: Socioeconomic and Dietary Associations. Background/Objectives: Dietary sweetener use is common among individuals with diabetes, yet little is known about the socioeconomic and dietary factors that influence the choice between caloric and artificial sweeteners in Central and Eastern Europe. This study examined the determinants of caloric and artificial sweetener use among adults with diabetes mellitus (DM) in Hungary. Methods: We conducted a cross-sectional analysis using frequency-based self-reported dietary measures of 542 adults with self-reported DM from the 2019 European Health Interview Survey (EHIS). Weighted descriptive statistics and multivariable logistic regression models were used to evaluate associations between sweetener use and sociodemographic, lifestyle, and dietary characteristics. Results: Overall, 28.0% of participants reported daily use of caloric sweeteners, and 45.2% reported daily use of artificial sweeteners. Higher educational attainment and healthier dietary patterns, including greater fruit and vegetable consumption, were associated with lower odds of caloric sweetener use. Individuals with lower fruit and vegetable intake, less frequent fruit juice consumption, and poor adherence to diabetic diet recommendations were more likely to use caloric sweeteners. In contrast, artificial sweetener use was strongly associated with daily fruit consumption, lower intake of fruit juice, and adherence to a diabetic diet. Vegetable intake showed a positive association with artificial sweetener use, which may reflect compensatory patterns in dietary self-management. Conclusions: Caloric and artificial sweetener use were associated with distinct socioeconomic and dietary profiles. Caloric sweetener use was linked to less healthy dietary behaviors, whereas artificial sweetener use appeared to be consistent with sugar-reduction strategies. These findings highlight the need for tailored dietary counseling that addresses both sweetener use and broader dietary patterns among individuals with diabetes in Hungary.",10,PMID-42075095,PubMed,title_abstract,PENDING_HUMAN_REVIEW,Machine-ranked candidate; no inclusion decision,,,Transparent relevance score: 10
NR-PUBMED-02,29511034,10.1136/jech-2017-209962,Measurement equivalence: a glossary for comparative population health research.,"Comparative population health studies are becoming more common and are advancing solutions to crucial public health problems, but decades-old measurement equivalence issues remain without a common vocabulary to identify and address the biases that contribute to non-equivalence. This glossary defines sources of measurement non-equivalence. While drawing examples from both within-country and between-country studies, this glossary also defines methods of harmonisation and elucidates the unique opportunities in addition to the unique challenges of particular harmonisation methods. Its primary objective is to enable population health researchers to more clearly articulate their measurement assumptions and the implications of their findings for policy. It is also intended to provide scholars and policymakers across multiple areas of inquiry with tools to evaluate comparative research and thus contribute to urgent debates on how to ameliorate growing health disparities within and between countries.",Morris KA,Journal of epidemiology and community health,2018,"Journal Article; Research Support, N.I.H., Extramural; Research Support, Non-U.S. Gov't",https://pubmed.ncbi.nlm.nih.gov/29511034/,2026-08-20,10.1136/jech-2017-209962,"Measurement equivalence: a glossary for comparative population health research. Comparative population health studies are becoming more common and are advancing solutions to crucial public health problems, but decades-old measurement equivalence issues remain without a common vocabulary to identify and address the biases that contribute to non-equivalence. This glossary defines sources of measurement non-equivalence. While drawing examples from both within-country and between-country studies, this glossary also defines methods of harmonisation and elucidates the unique opportunities in addition to the unique challenges of particular harmonisation methods. Its primary objective is to enable population health researchers to more clearly articulate their measurement assumptions and the implications of their findings for policy. It is also intended to provide scholars and policymakers across multiple areas of inquiry with tools to evaluate comparative research and thus contribute to urgent debates on how to ameliorate growing health disparities within and between countries.",6,PMID-29511034,PubMed,title_abstract,PENDING_HUMAN_REVIEW,Machine-ranked candidate; no inclusion decision,,,Transparent relevance score: 6
